sport_code,scope_type,scope_code,phase_code,goal_code,primary_template_category,session_block_order,priority_basis,rank_1_category,rank_1_weight,rank_2_category,rank_2_weight,rank_3_category,rank_3_weight,rank_4_category,rank_4_weight,rank_5_category,rank_5_weight,rank_6_category,rank_6_weight,rank_7_category,rank_7_weight,rank_8_category,rank_8_weight
running,event,run_walk,general_preparation,general_performance,aerobic_capacity,maximum_strength;calf_soleus_capacity;hamstring_capacity;trunk_force_transfer;aerobic_capacity;mobility_range_capacity,"ordinal evidence-informed retrieval weighting; athlete deficits, schedule, safety and external load may lower or omit a category",aerobic_capacity,1.0,calf_soleus_capacity,0.6,maximum_strength,0.55,mobility_range_capacity,0.45,hamstring_capacity,0.35,trunk_force_transfer,0.25,,,,
running,event,run_walk,general_preparation,strength_power,aerobic_capacity,maximum_strength;calf_soleus_capacity;hamstring_capacity;trunk_force_transfer;aerobic_capacity;mobility_range_capacity,"ordinal evidence-informed retrieval weighting; athlete deficits, schedule, safety and external load may lower or omit a category",aerobic_capacity,1.0,maximum_strength,0.85,calf_soleus_capacity,0.6,mobility_range_capacity,0.45,hamstring_capacity,0.35,trunk_force_transfer,0.25,,,,
running,event,run_walk,general_preparation,speed_movement,aerobic_capacity,maximum_strength;calf_soleus_capacity;hamstring_capacity;trunk_force_transfer;aerobic_capacity;mobility_range_capacity,"ordinal evidence-informed retrieval weighting; athlete deficits, schedule, safety and external load may lower or omit a category",aerobic_capacity,1.0,calf_soleus_capacity,0.6,maximum_strength,0.55,mobility_range_capacity,0.45,hamstring_capacity,0.35,trunk_force_transfer,0.25,,,,
running,event,run_walk,general_preparation,conditioning,aerobic_capacity,maximum_strength;calf_soleus_capacity;hamstring_capacity;trunk_force_transfer;aerobic_capacity;threshold_capacity;mobility_range_capacity,"ordinal evidence-informed retrieval weighting; athlete deficits, schedule, safety and external load may lower or omit a category",aerobic_capacity,1.0,calf_soleus_capacity,0.6,maximum_strength,0.55,mobility_range_capacity,0.45,hamstring_capacity,0.35,trunk_force_transfer,0.25,threshold_capacity,0.2,,
running,event,run_walk,specific_preparation,general_performance,aerobic_capacity,maximum_strength;calf_soleus_capacity;hamstring_capacity;trunk_force_transfer;aerobic_capacity;mobility_range_capacity,"ordinal evidence-informed retrieval weighting; athlete deficits, schedule, safety and external load may lower or omit a category",aerobic_capacity,0.85,calf_soleus_capacity,0.55,maximum_strength,0.4,mobility_range_capacity,0.35,hamstring_capacity,0.3,trunk_force_transfer,0.2,,,,
running,event,run_walk,specific_preparation,strength_power,aerobic_capacity,maximum_strength;calf_soleus_capacity;hamstring_capacity;trunk_force_transfer;aerobic_capacity;mobility_range_capacity,"ordinal evidence-informed retrieval weighting; athlete deficits, schedule, safety and external load may lower or omit a category",aerobic_capacity,0.85,maximum_strength,0.7,calf_soleus_capacity,0.55,mobility_range_capacity,0.35,hamstring_capacity,0.3,trunk_force_transfer,0.2,,,,
running,event,run_walk,specific_preparation,speed_movement,aerobic_capacity,maximum_strength;calf_soleus_capacity;hamstring_capacity;trunk_force_transfer;aerobic_capacity;mobility_range_capacity,"ordinal evidence-informed retrieval weighting; athlete deficits, schedule, safety and external load may lower or omit a category",aerobic_capacity,0.85,calf_soleus_capacity,0.55,maximum_strength,0.4,mobility_range_capacity,0.35,hamstring_capacity,0.3,trunk_force_transfer,0.2,,,,
running,event,run_walk,specific_preparation,conditioning,aerobic_capacity,maximum_strength;calf_soleus_capacity;hamstring_capacity;trunk_force_transfer;aerobic_capacity;threshold_capacity;mobility_range_capacity,"ordinal evidence-informed retrieval weighting; athlete deficits, schedule, safety and external load may lower or omit a category",aerobic_capacity,1.0,calf_soleus_capacity,0.55,maximum_strength,0.4,mobility_range_capacity,0.35,hamstring_capacity,0.3,trunk_force_transfer,0.2,threshold_capacity,0.2,,
running,event,run_walk,competition,general_performance,aerobic_capacity,performance_preparation;maximum_strength;calf_soleus_capacity;hamstring_capacity;trunk_force_transfer;aerobic_capacity;mobility_range_capacity;recovery_management,"ordinal evidence-informed retrieval weighting; athlete deficits, schedule, safety and external load may lower or omit a category",aerobic_capacity,0.85,calf_soleus_capacity,0.55,mobility_range_capacity,0.35,maximum_strength,0.3,hamstring_capacity,0.3,performance_preparation,0.2,trunk_force_transfer,0.2,recovery_management,0.2
running,event,run_walk,competition,strength_power,aerobic_capacity,performance_preparation;maximum_strength;calf_soleus_capacity;hamstring_capacity;trunk_force_transfer;aerobic_capacity;mobility_range_capacity;recovery_management,"ordinal evidence-informed retrieval weighting; athlete deficits, schedule, safety and external load may lower or omit a category",aerobic_capacity,0.85,maximum_strength,0.6,calf_soleus_capacity,0.55,mobility_range_capacity,0.35,hamstring_capacity,0.3,performance_preparation,0.2,trunk_force_transfer,0.2,recovery_management,0.2
running,event,run_walk,competition,speed_movement,aerobic_capacity,performance_preparation;maximum_strength;calf_soleus_capacity;hamstring_capacity;trunk_force_transfer;aerobic_capacity;mobility_range_capacity;recovery_management,"ordinal evidence-informed retrieval weighting; athlete deficits, schedule, safety and external load may lower or omit a category",aerobic_capacity,0.85,calf_soleus_capacity,0.55,mobility_range_capacity,0.35,maximum_strength,0.3,hamstring_capacity,0.3,performance_preparation,0.2,trunk_force_transfer,0.2,recovery_management,0.2
running,event,run_walk,competition,conditioning,aerobic_capacity,performance_preparation;maximum_strength;calf_soleus_capacity;hamstring_capacity;trunk_force_transfer;aerobic_capacity;threshold_capacity;mobility_range_capacity,"ordinal evidence-informed retrieval weighting; athlete deficits, schedule, safety and external load may lower or omit a category",aerobic_capacity,1.0,calf_soleus_capacity,0.55,mobility_range_capacity,0.35,maximum_strength,0.3,hamstring_capacity,0.3,performance_preparation,0.2,trunk_force_transfer,0.2,threshold_capacity,0.2
running,event,run_walk,transition,general_performance,aerobic_capacity,performance_preparation;maximum_strength;calf_soleus_capacity;hamstring_capacity;trunk_force_transfer;aerobic_capacity;mobility_range_capacity;recovery_management,"ordinal evidence-informed retrieval weighting; athlete deficits, schedule, safety and external load may lower or omit a category",aerobic_capacity,0.95,calf_soleus_capacity,0.55,mobility_range_capacity,0.5,maximum_strength,0.4,hamstring_capacity,0.3,recovery_management,0.3,trunk_force_transfer,0.2,performance_preparation,0.1
running,event,run_walk,transition,strength_power,aerobic_capacity,performance_preparation;maximum_strength;calf_soleus_capacity;hamstring_capacity;trunk_force_transfer;aerobic_capacity;mobility_range_capacity;recovery_management,"ordinal evidence-informed retrieval weighting; athlete deficits, schedule, safety and external load may lower or omit a category",aerobic_capacity,0.95,maximum_strength,0.7,calf_soleus_capacity,0.55,mobility_range_capacity,0.5,hamstring_capacity,0.3,recovery_management,0.3,trunk_force_transfer,0.2,performance_preparation,0.1
running,event,run_walk,transition,speed_movement,aerobic_capacity,performance_preparation;maximum_strength;calf_soleus_capacity;hamstring_capacity;trunk_force_transfer;aerobic_capacity;mobility_range_capacity;recovery_management,"ordinal evidence-informed retrieval weighting; athlete deficits, schedule, safety and external load may lower or omit a category",aerobic_capacity,0.95,calf_soleus_capacity,0.55,mobility_range_capacity,0.5,maximum_strength,0.4,hamstring_capacity,0.3,recovery_management,0.3,trunk_force_transfer,0.2,performance_preparation,0.1
running,event,run_walk,transition,conditioning,aerobic_capacity,maximum_strength;calf_soleus_capacity;hamstring_capacity;trunk_force_transfer;aerobic_capacity;threshold_capacity;mobility_range_capacity;recovery_management,"ordinal evidence-informed retrieval weighting; athlete deficits, schedule, safety and external load may lower or omit a category",aerobic_capacity,1.0,calf_soleus_capacity,0.55,mobility_range_capacity,0.5,maximum_strength,0.4,hamstring_capacity,0.3,recovery_management,0.3,trunk_force_transfer,0.2,threshold_capacity,0.2
running,event,5k,general_preparation,general_performance,aerobic_capacity,maximum_strength;calf_soleus_capacity;hamstring_capacity;trunk_force_transfer;aerobic_capacity;threshold_capacity;high_intensity_aerobic_power;mobility_range_capacity,"ordinal evidence-informed retrieval weighting; athlete deficits, schedule, safety and external load may lower or omit a category",aerobic_capacity,0.7,threshold_capacity,0.7,maximum_strength,0.45,calf_soleus_capacity,0.4,hamstring_capacity,0.35,high_intensity_aerobic_power,0.3,trunk_force_transfer,0.25,mobility_range_capacity,0.25
running,event,5k,general_preparation,strength_power,maximum_strength,maximum_strength;calf_soleus_capacity;hamstring_capacity;trunk_force_transfer;aerobic_capacity;threshold_capacity;high_intensity_aerobic_power;mobility_range_capacity,"ordinal evidence-informed retrieval weighting; athlete deficits, schedule, safety and external load may lower or omit a category",maximum_strength,0.75,aerobic_capacity,0.7,threshold_capacity,0.7,calf_soleus_capacity,0.4,hamstring_capacity,0.35,high_intensity_aerobic_power,0.3,trunk_force_transfer,0.25,mobility_range_capacity,0.25
running,event,5k,general_preparation,speed_movement,aerobic_capacity,maximum_strength;calf_soleus_capacity;hamstring_capacity;trunk_force_transfer;aerobic_capacity;threshold_capacity;high_intensity_aerobic_power;mobility_range_capacity,"ordinal evidence-informed retrieval weighting; athlete deficits, schedule, safety and external load may lower or omit a category",aerobic_capacity,0.7,threshold_capacity,0.7,maximum_strength,0.45,calf_soleus_capacity,0.4,hamstring_capacity,0.35,high_intensity_aerobic_power,0.3,trunk_force_transfer,0.25,mobility_range_capacity,0.25
running,event,5k,general_preparation,conditioning,aerobic_capacity,maximum_strength;calf_soleus_capacity;hamstring_capacity;trunk_force_transfer;aerobic_capacity;threshold_capacity;high_intensity_aerobic_power;mobility_range_capacity,"ordinal evidence-informed retrieval weighting; athlete deficits, schedule, safety and external load may lower or omit a category",aerobic_capacity,1.0,threshold_capacity,1.0,high_intensity_aerobic_power,0.6,maximum_strength,0.45,calf_soleus_capacity,0.4,hamstring_capacity,0.35,trunk_force_transfer,0.25,mobility_range_capacity,0.25
running,event,5k,specific_preparation,general_performance,threshold_capacity,maximum_strength;calf_soleus_capacity;hamstring_capacity;trunk_force_transfer;threshold_capacity;aerobic_capacity;high_intensity_aerobic_power;mobility_range_capacity,"ordinal evidence-informed retrieval weighting; athlete deficits, schedule, safety and external load may lower or omit a category",threshold_capacity,0.7,aerobic_capacity,0.55,high_intensity_aerobic_power,0.4,calf_soleus_capacity,0.35,maximum_strength,0.3,hamstring_capacity,0.3,trunk_force_transfer,0.2,mobility_range_capacity,0.15
running,event,5k,specific_preparation,strength_power,threshold_capacity,maximum_strength;calf_soleus_capacity;hamstring_capacity;trunk_force_transfer;threshold_capacity;aerobic_capacity;high_intensity_aerobic_power;mobility_range_capacity,"ordinal evidence-informed retrieval weighting; athlete deficits, schedule, safety and external load may lower or omit a category",threshold_capacity,0.7,maximum_strength,0.6,aerobic_capacity,0.55,high_intensity_aerobic_power,0.4,calf_soleus_capacity,0.35,hamstring_capacity,0.3,trunk_force_transfer,0.2,mobility_range_capacity,0.15
running,event,5k,specific_preparation,speed_movement,threshold_capacity,maximum_strength;calf_soleus_capacity;hamstring_capacity;trunk_force_transfer;threshold_capacity;aerobic_capacity;high_intensity_aerobic_power;mobility_range_capacity,"ordinal evidence-informed retrieval weighting; athlete deficits, schedule, safety and external load may lower or omit a category",threshold_capacity,0.7,aerobic_capacity,0.55,high_intensity_aerobic_power,0.4,calf_soleus_capacity,0.35,maximum_strength,0.3,hamstring_capacity,0.3,trunk_force_transfer,0.2,mobility_range_capacity,0.15
running,event,5k,specific_preparation,conditioning,threshold_capacity,maximum_strength;calf_soleus_capacity;hamstring_capacity;trunk_force_transfer;threshold_capacity;aerobic_capacity;high_intensity_aerobic_power;mobility_range_capacity,"ordinal evidence-informed retrieval weighting; athlete deficits, schedule, safety and external load may lower or omit a category",threshold_capacity,1.0,aerobic_capacity,0.85,high_intensity_aerobic_power,0.7,calf_soleus_capacity,0.35,maximum_strength,0.3,hamstring_capacity,0.3,trunk_force_transfer,0.2,mobility_range_capacity,0.15
running,event,5k,competition,general_performance,threshold_capacity,performance_preparation;maximum_strength;calf_soleus_capacity;hamstring_capacity;trunk_force_transfer;threshold_capacity;aerobic_capacity;high_intensity_aerobic_power,"ordinal evidence-informed retrieval weighting; athlete deficits, schedule, safety and external load may lower or omit a category",threshold_capacity,0.7,aerobic_capacity,0.55,calf_soleus_capacity,0.35,hamstring_capacity,0.3,high_intensity_aerobic_power,0.3,performance_preparation,0.2,maximum_strength,0.2,trunk_force_transfer,0.2
running,event,5k,competition,strength_power,threshold_capacity,performance_preparation;maximum_strength;calf_soleus_capacity;hamstring_capacity;trunk_force_transfer;threshold_capacity;aerobic_capacity;high_intensity_aerobic_power,"ordinal evidence-informed retrieval weighting; athlete deficits, schedule, safety and external load may lower or omit a category",threshold_capacity,0.7,aerobic_capacity,0.55,maximum_strength,0.5,calf_soleus_capacity,0.35,hamstring_capacity,0.3,high_intensity_aerobic_power,0.3,performance_preparation,0.2,trunk_force_transfer,0.2
running,event,5k,competition,speed_movement,threshold_capacity,performance_preparation;maximum_strength;calf_soleus_capacity;hamstring_capacity;trunk_force_transfer;threshold_capacity;aerobic_capacity;high_intensity_aerobic_power,"ordinal evidence-informed retrieval weighting; athlete deficits, schedule, safety and external load may lower or omit a category",threshold_capacity,0.7,aerobic_capacity,0.55,calf_soleus_capacity,0.35,hamstring_capacity,0.3,high_intensity_aerobic_power,0.3,performance_preparation,0.2,maximum_strength,0.2,trunk_force_transfer,0.2
running,event,5k,competition,conditioning,threshold_capacity,performance_preparation;maximum_strength;calf_soleus_capacity;hamstring_capacity;trunk_force_transfer;threshold_capacity;aerobic_capacity;high_intensity_aerobic_power,"ordinal evidence-informed retrieval weighting; athlete deficits, schedule, safety and external load may lower or omit a category",threshold_capacity,1.0,aerobic_capacity,0.85,high_intensity_aerobic_power,0.6,calf_soleus_capacity,0.35,hamstring_capacity,0.3,performance_preparation,0.2,maximum_strength,0.2,trunk_force_transfer,0.2
running,event,5k,transition,general_performance,threshold_capacity,maximum_strength;calf_soleus_capacity;hamstring_capacity;threshold_capacity;aerobic_capacity;high_intensity_aerobic_power;mobility_range_capacity;recovery_management,"ordinal evidence-informed retrieval weighting; athlete deficits, schedule, safety and external load may lower or omit a category",threshold_capacity,0.7,aerobic_capacity,0.65,calf_soleus_capacity,0.35,maximum_strength,0.3,hamstring_capacity,0.3,high_intensity_aerobic_power,0.3,mobility_range_capacity,0.3,recovery_management,0.3
running,event,5k,transition,strength_power,threshold_capacity,maximum_strength;calf_soleus_capacity;hamstring_capacity;threshold_capacity;aerobic_capacity;high_intensity_aerobic_power;mobility_range_capacity;recovery_management,"ordinal evidence-informed retrieval weighting; athlete deficits, schedule, safety and external load may lower or omit a category",threshold_capacity,0.7,aerobic_capacity,0.65,maximum_strength,0.6,calf_soleus_capacity,0.35,hamstring_capacity,0.3,high_intensity_aerobic_power,0.3,mobility_range_capacity,0.3,recovery_management,0.3
running,event,5k,transition,speed_movement,threshold_capacity,maximum_strength;calf_soleus_capacity;hamstring_capacity;threshold_capacity;aerobic_capacity;high_intensity_aerobic_power;mobility_range_capacity;recovery_management,"ordinal evidence-informed retrieval weighting; athlete deficits, schedule, safety and external load may lower or omit a category",threshold_capacity,0.7,aerobic_capacity,0.65,calf_soleus_capacity,0.35,maximum_strength,0.3,hamstring_capacity,0.3,high_intensity_aerobic_power,0.3,mobility_range_capacity,0.3,recovery_management,0.3
running,event,5k,transition,conditioning,threshold_capacity,maximum_strength;calf_soleus_capacity;hamstring_capacity;threshold_capacity;aerobic_capacity;high_intensity_aerobic_power;mobility_range_capacity;recovery_management,"ordinal evidence-informed retrieval weighting; athlete deficits, schedule, safety and external load may lower or omit a category",threshold_capacity,1.0,aerobic_capacity,0.95,high_intensity_aerobic_power,0.6,calf_soleus_capacity,0.35,maximum_strength,0.3,hamstring_capacity,0.3,mobility_range_capacity,0.3,recovery_management,0.3
running,event,10k,general_preparation,general_performance,aerobic_capacity,maximum_strength;calf_soleus_capacity;hamstring_capacity;trunk_force_transfer;aerobic_capacity;threshold_capacity;high_intensity_aerobic_power;mobility_range_capacity,"ordinal evidence-informed retrieval weighting; athlete deficits, schedule, safety and external load may lower or omit a category",aerobic_capacity,0.8,threshold_capacity,0.7,maximum_strength,0.45,calf_soleus_capacity,0.4,hamstring_capacity,0.35,trunk_force_transfer,0.25,mobility_range_capacity,0.25,high_intensity_aerobic_power,0.1
running,event,10k,general_preparation,strength_power,aerobic_capacity,maximum_strength;calf_soleus_capacity;hamstring_capacity;trunk_force_transfer;aerobic_capacity;threshold_capacity;high_intensity_aerobic_power;mobility_range_capacity,"ordinal evidence-informed retrieval weighting; athlete deficits, schedule, safety and external load may lower or omit a category",aerobic_capacity,0.8,maximum_strength,0.75,threshold_capacity,0.7,calf_soleus_capacity,0.4,hamstring_capacity,0.35,trunk_force_transfer,0.25,mobility_range_capacity,0.25,high_intensity_aerobic_power,0.1
running,event,10k,general_preparation,speed_movement,aerobic_capacity,maximum_strength;calf_soleus_capacity;hamstring_capacity;trunk_force_transfer;aerobic_capacity;threshold_capacity;high_intensity_aerobic_power;mobility_range_capacity,"ordinal evidence-informed retrieval weighting; athlete deficits, schedule, safety and external load may lower or omit a category",aerobic_capacity,0.8,threshold_capacity,0.7,maximum_strength,0.45,calf_soleus_capacity,0.4,hamstring_capacity,0.35,trunk_force_transfer,0.25,mobility_range_capacity,0.25,high_intensity_aerobic_power,0.1
running,event,10k,general_preparation,conditioning,aerobic_capacity,maximum_strength;calf_soleus_capacity;hamstring_capacity;trunk_force_transfer;aerobic_capacity;threshold_capacity;high_intensity_aerobic_power;mobility_range_capacity,"ordinal evidence-informed retrieval weighting; athlete deficits, schedule, safety and external load may lower or omit a category",aerobic_capacity,1.0,threshold_capacity,1.0,maximum_strength,0.45,calf_soleus_capacity,0.4,high_intensity_aerobic_power,0.4,hamstring_capacity,0.35,trunk_force_transfer,0.25,mobility_range_capacity,0.25
running,event,10k,specific_preparation,general_performance,threshold_capacity,maximum_strength;calf_soleus_capacity;hamstring_capacity;trunk_force_transfer;threshold_capacity;aerobic_capacity;high_intensity_aerobic_power;mobility_range_capacity,"ordinal evidence-informed retrieval weighting; athlete deficits, schedule, safety and external load may lower or omit a category",threshold_capacity,0.7,aerobic_capacity,0.65,calf_soleus_capacity,0.35,maximum_strength,0.3,hamstring_capacity,0.3,trunk_force_transfer,0.2,high_intensity_aerobic_power,0.2,mobility_range_capacity,0.15
running,event,10k,specific_preparation,strength_power,threshold_capacity,maximum_strength;calf_soleus_capacity;hamstring_capacity;trunk_force_transfer;threshold_capacity;aerobic_capacity;high_intensity_aerobic_power;mobility_range_capacity,"ordinal evidence-informed retrieval weighting; athlete deficits, schedule, safety and external load may lower or omit a category",threshold_capacity,0.7,aerobic_capacity,0.65,maximum_strength,0.6,calf_soleus_capacity,0.35,hamstring_capacity,0.3,trunk_force_transfer,0.2,high_intensity_aerobic_power,0.2,mobility_range_capacity,0.15
running,event,10k,specific_preparation,speed_movement,threshold_capacity,maximum_strength;calf_soleus_capacity;hamstring_capacity;trunk_force_transfer;threshold_capacity;aerobic_capacity;high_intensity_aerobic_power;mobility_range_capacity,"ordinal evidence-informed retrieval weighting; athlete deficits, schedule, safety and external load may lower or omit a category",threshold_capacity,0.7,aerobic_capacity,0.65,calf_soleus_capacity,0.35,maximum_strength,0.3,hamstring_capacity,0.3,trunk_force_transfer,0.2,high_intensity_aerobic_power,0.2,mobility_range_capacity,0.15
running,event,10k,specific_preparation,conditioning,threshold_capacity,maximum_strength;calf_soleus_capacity;hamstring_capacity;trunk_force_transfer;threshold_capacity;aerobic_capacity;high_intensity_aerobic_power;mobility_range_capacity,"ordinal evidence-informed retrieval weighting; athlete deficits, schedule, safety and external load may lower or omit a category",threshold_capacity,1.0,aerobic_capacity,0.95,high_intensity_aerobic_power,0.5,calf_soleus_capacity,0.35,maximum_strength,0.3,hamstring_capacity,0.3,trunk_force_transfer,0.2,mobility_range_capacity,0.15
running,event,10k,competition,general_performance,threshold_capacity,performance_preparation;maximum_strength;calf_soleus_capacity;hamstring_capacity;trunk_force_transfer;threshold_capacity;aerobic_capacity;recovery_management,"ordinal evidence-informed retrieval weighting; athlete deficits, schedule, safety and external load may lower or omit a category",threshold_capacity,0.7,aerobic_capacity,0.65,calf_soleus_capacity,0.35,hamstring_capacity,0.3,performance_preparation,0.2,maximum_strength,0.2,trunk_force_transfer,0.2,recovery_management,0.2
running,event,10k,competition,strength_power,threshold_capacity,performance_preparation;maximum_strength;calf_soleus_capacity;hamstring_capacity;trunk_force_transfer;threshold_capacity;aerobic_capacity;recovery_management,"ordinal evidence-informed retrieval weighting; athlete deficits, schedule, safety and external load may lower or omit a category",threshold_capacity,0.7,aerobic_capacity,0.65,maximum_strength,0.5,calf_soleus_capacity,0.35,hamstring_capacity,0.3,performance_preparation,0.2,trunk_force_transfer,0.2,recovery_management,0.2
running,event,10k,competition,speed_movement,threshold_capacity,performance_preparation;maximum_strength;calf_soleus_capacity;hamstring_capacity;trunk_force_transfer;threshold_capacity;aerobic_capacity;recovery_management,"ordinal evidence-informed retrieval weighting; athlete deficits, schedule, safety and external load may lower or omit a category",threshold_capacity,0.7,aerobic_capacity,0.65,calf_soleus_capacity,0.35,hamstring_capacity,0.3,performance_preparation,0.2,maximum_strength,0.2,trunk_force_transfer,0.2,recovery_management,0.2
running,event,10k,competition,conditioning,threshold_capacity,performance_preparation;maximum_strength;calf_soleus_capacity;hamstring_capacity;trunk_force_transfer;threshold_capacity;aerobic_capacity;high_intensity_aerobic_power,"ordinal evidence-informed retrieval weighting; athlete deficits, schedule, safety and external load may lower or omit a category",threshold_capacity,1.0,aerobic_capacity,0.95,high_intensity_aerobic_power,0.4,calf_soleus_capacity,0.35,hamstring_capacity,0.3,performance_preparation,0.2,maximum_strength,0.2,trunk_force_transfer,0.2
running,event,10k,transition,general_performance,aerobic_capacity,maximum_strength;calf_soleus_capacity;hamstring_capacity;trunk_force_transfer;aerobic_capacity;threshold_capacity;mobility_range_capacity;recovery_management,"ordinal evidence-informed retrieval weighting; athlete deficits, schedule, safety and external load may lower or omit a category",aerobic_capacity,0.75,threshold_capacity,0.7,calf_soleus_capacity,0.35,maximum_strength,0.3,hamstring_capacity,0.3,mobility_range_capacity,0.3,recovery_management,0.3,trunk_force_transfer,0.2
running,event,10k,transition,strength_power,aerobic_capacity,maximum_strength;calf_soleus_capacity;hamstring_capacity;trunk_force_transfer;aerobic_capacity;threshold_capacity;mobility_range_capacity;recovery_management,"ordinal evidence-informed retrieval weighting; athlete deficits, schedule, safety and external load may lower or omit a category",aerobic_capacity,0.75,threshold_capacity,0.7,maximum_strength,0.6,calf_soleus_capacity,0.35,hamstring_capacity,0.3,mobility_range_capacity,0.3,recovery_management,0.3,trunk_force_transfer,0.2
running,event,10k,transition,speed_movement,aerobic_capacity,maximum_strength;calf_soleus_capacity;hamstring_capacity;trunk_force_transfer;aerobic_capacity;threshold_capacity;mobility_range_capacity;recovery_management,"ordinal evidence-informed retrieval weighting; athlete deficits, schedule, safety and external load may lower or omit a category",aerobic_capacity,0.75,threshold_capacity,0.7,calf_soleus_capacity,0.35,maximum_strength,0.3,hamstring_capacity,0.3,mobility_range_capacity,0.3,recovery_management,0.3,trunk_force_transfer,0.2
running,event,10k,transition,conditioning,aerobic_capacity,maximum_strength;calf_soleus_capacity;hamstring_capacity;aerobic_capacity;threshold_capacity;high_intensity_aerobic_power;mobility_range_capacity;recovery_management,"ordinal evidence-informed retrieval weighting; athlete deficits, schedule, safety and external load may lower or omit a category",aerobic_capacity,1.0,threshold_capacity,1.0,high_intensity_aerobic_power,0.4,calf_soleus_capacity,0.35,maximum_strength,0.3,hamstring_capacity,0.3,mobility_range_capacity,0.3,recovery_management,0.3
running,event,half_marathon,general_preparation,general_performance,aerobic_capacity,maximum_strength;calf_soleus_capacity;hamstring_capacity;trunk_force_transfer;aerobic_capacity;threshold_capacity;mobility_range_capacity,"ordinal evidence-informed retrieval weighting; athlete deficits, schedule, safety and external load may lower or omit a category",aerobic_capacity,0.9,threshold_capacity,0.6,calf_soleus_capacity,0.5,maximum_strength,0.45,hamstring_capacity,0.35,trunk_force_transfer,0.25,mobility_range_capacity,0.25,,
running,event,half_marathon,general_preparation,strength_power,aerobic_capacity,maximum_strength;calf_soleus_capacity;hamstring_capacity;trunk_force_transfer;aerobic_capacity;threshold_capacity;mobility_range_capacity,"ordinal evidence-informed retrieval weighting; athlete deficits, schedule, safety and external load may lower or omit a category",aerobic_capacity,0.9,maximum_strength,0.75,threshold_capacity,0.6,calf_soleus_capacity,0.5,hamstring_capacity,0.35,trunk_force_transfer,0.25,mobility_range_capacity,0.25,,
running,event,half_marathon,general_preparation,speed_movement,aerobic_capacity,maximum_strength;calf_soleus_capacity;hamstring_capacity;trunk_force_transfer;aerobic_capacity;threshold_capacity;mobility_range_capacity,"ordinal evidence-informed retrieval weighting; athlete deficits, schedule, safety and external load may lower or omit a category",aerobic_capacity,0.9,threshold_capacity,0.6,calf_soleus_capacity,0.5,maximum_strength,0.45,hamstring_capacity,0.35,trunk_force_transfer,0.25,mobility_range_capacity,0.25,,
running,event,half_marathon,general_preparation,conditioning,aerobic_capacity,maximum_strength;calf_soleus_capacity;hamstring_capacity;trunk_force_transfer;aerobic_capacity;threshold_capacity;mobility_range_capacity,"ordinal evidence-informed retrieval weighting; athlete deficits, schedule, safety and external load may lower or omit a category",aerobic_capacity,1.0,threshold_capacity,0.9,calf_soleus_capacity,0.5,maximum_strength,0.45,hamstring_capacity,0.35,trunk_force_transfer,0.25,mobility_range_capacity,0.25,,
running,event,half_marathon,specific_preparation,general_performance,aerobic_capacity,maximum_strength;calf_soleus_capacity;hamstring_capacity;trunk_force_transfer;aerobic_capacity;threshold_capacity;mobility_range_capacity,"ordinal evidence-informed retrieval weighting; athlete deficits, schedule, safety and external load may lower or omit a category",aerobic_capacity,0.75,threshold_capacity,0.6,calf_soleus_capacity,0.45,maximum_strength,0.3,hamstring_capacity,0.3,trunk_force_transfer,0.2,mobility_range_capacity,0.15,,
running,event,half_marathon,specific_preparation,strength_power,aerobic_capacity,maximum_strength;calf_soleus_capacity;hamstring_capacity;trunk_force_transfer;aerobic_capacity;threshold_capacity;mobility_range_capacity,"ordinal evidence-informed retrieval weighting; athlete deficits, schedule, safety and external load may lower or omit a category",aerobic_capacity,0.75,maximum_strength,0.6,threshold_capacity,0.6,calf_soleus_capacity,0.45,hamstring_capacity,0.3,trunk_force_transfer,0.2,mobility_range_capacity,0.15,,
running,event,half_marathon,specific_preparation,speed_movement,aerobic_capacity,maximum_strength;calf_soleus_capacity;hamstring_capacity;trunk_force_transfer;aerobic_capacity;threshold_capacity;mobility_range_capacity,"ordinal evidence-informed retrieval weighting; athlete deficits, schedule, safety and external load may lower or omit a category",aerobic_capacity,0.75,threshold_capacity,0.6,calf_soleus_capacity,0.45,maximum_strength,0.3,hamstring_capacity,0.3,trunk_force_transfer,0.2,mobility_range_capacity,0.15,,
running,event,half_marathon,specific_preparation,conditioning,aerobic_capacity,maximum_strength;calf_soleus_capacity;hamstring_capacity;trunk_force_transfer;aerobic_capacity;threshold_capacity;mobility_range_capacity,"ordinal evidence-informed retrieval weighting; athlete deficits, schedule, safety and external load may lower or omit a category",aerobic_capacity,1.0,threshold_capacity,0.9,calf_soleus_capacity,0.45,maximum_strength,0.3,hamstring_capacity,0.3,trunk_force_transfer,0.2,mobility_range_capacity,0.15,,
running,event,half_marathon,competition,general_performance,aerobic_capacity,performance_preparation;maximum_strength;calf_soleus_capacity;hamstring_capacity;trunk_force_transfer;aerobic_capacity;threshold_capacity;recovery_management,"ordinal evidence-informed retrieval weighting; athlete deficits, schedule, safety and external load may lower or omit a category",aerobic_capacity,0.75,threshold_capacity,0.6,calf_soleus_capacity,0.45,hamstring_capacity,0.3,performance_preparation,0.2,maximum_strength,0.2,trunk_force_transfer,0.2,recovery_management,0.2
running,event,half_marathon,competition,strength_power,aerobic_capacity,performance_preparation;maximum_strength;calf_soleus_capacity;hamstring_capacity;trunk_force_transfer;aerobic_capacity;threshold_capacity;recovery_management,"ordinal evidence-informed retrieval weighting; athlete deficits, schedule, safety and external load may lower or omit a category",aerobic_capacity,0.75,threshold_capacity,0.6,maximum_strength,0.5,calf_soleus_capacity,0.45,hamstring_capacity,0.3,performance_preparation,0.2,trunk_force_transfer,0.2,recovery_management,0.2
running,event,half_marathon,competition,speed_movement,aerobic_capacity,performance_preparation;maximum_strength;calf_soleus_capacity;hamstring_capacity;trunk_force_transfer;aerobic_capacity;threshold_capacity;recovery_management,"ordinal evidence-informed retrieval weighting; athlete deficits, schedule, safety and external load may lower or omit a category",aerobic_capacity,0.75,threshold_capacity,0.6,calf_soleus_capacity,0.45,hamstring_capacity,0.3,performance_preparation,0.2,maximum_strength,0.2,trunk_force_transfer,0.2,recovery_management,0.2
running,event,half_marathon,competition,conditioning,aerobic_capacity,performance_preparation;maximum_strength;calf_soleus_capacity;hamstring_capacity;trunk_force_transfer;aerobic_capacity;threshold_capacity;recovery_management,"ordinal evidence-informed retrieval weighting; athlete deficits, schedule, safety and external load may lower or omit a category",aerobic_capacity,1.0,threshold_capacity,0.9,calf_soleus_capacity,0.45,hamstring_capacity,0.3,performance_preparation,0.2,maximum_strength,0.2,trunk_force_transfer,0.2,recovery_management,0.2
running,event,half_marathon,transition,general_performance,aerobic_capacity,maximum_strength;calf_soleus_capacity;hamstring_capacity;trunk_force_transfer;aerobic_capacity;threshold_capacity;mobility_range_capacity;recovery_management,"ordinal evidence-informed retrieval weighting; athlete deficits, schedule, safety and external load may lower or omit a category",aerobic_capacity,0.85,threshold_capacity,0.6,calf_soleus_capacity,0.45,maximum_strength,0.3,hamstring_capacity,0.3,mobility_range_capacity,0.3,recovery_management,0.3,trunk_force_transfer,0.2
running,event,half_marathon,transition,strength_power,aerobic_capacity,maximum_strength;calf_soleus_capacity;hamstring_capacity;trunk_force_transfer;aerobic_capacity;threshold_capacity;mobility_range_capacity;recovery_management,"ordinal evidence-informed retrieval weighting; athlete deficits, schedule, safety and external load may lower or omit a category",aerobic_capacity,0.85,maximum_strength,0.6,threshold_capacity,0.6,calf_soleus_capacity,0.45,hamstring_capacity,0.3,mobility_range_capacity,0.3,recovery_management,0.3,trunk_force_transfer,0.2
running,event,half_marathon,transition,speed_movement,aerobic_capacity,maximum_strength;calf_soleus_capacity;hamstring_capacity;trunk_force_transfer;aerobic_capacity;threshold_capacity;mobility_range_capacity;recovery_management,"ordinal evidence-informed retrieval weighting; athlete deficits, schedule, safety and external load may lower or omit a category",aerobic_capacity,0.85,threshold_capacity,0.6,calf_soleus_capacity,0.45,maximum_strength,0.3,hamstring_capacity,0.3,mobility_range_capacity,0.3,recovery_management,0.3,trunk_force_transfer,0.2
running,event,half_marathon,transition,conditioning,aerobic_capacity,maximum_strength;calf_soleus_capacity;hamstring_capacity;trunk_force_transfer;aerobic_capacity;threshold_capacity;mobility_range_capacity;recovery_management,"ordinal evidence-informed retrieval weighting; athlete deficits, schedule, safety and external load may lower or omit a category",aerobic_capacity,1.0,threshold_capacity,0.9,calf_soleus_capacity,0.45,maximum_strength,0.3,hamstring_capacity,0.3,mobility_range_capacity,0.3,recovery_management,0.3,trunk_force_transfer,0.2
running,event,marathon,general_preparation,general_performance,aerobic_capacity,maximum_strength;calf_soleus_capacity;hamstring_capacity;trunk_force_transfer;aerobic_capacity;threshold_capacity;mobility_range_capacity,"ordinal evidence-informed retrieval weighting; athlete deficits, schedule, safety and external load may lower or omit a category",aerobic_capacity,1.0,calf_soleus_capacity,0.6,threshold_capacity,0.5,maximum_strength,0.45,hamstring_capacity,0.45,trunk_force_transfer,0.25,mobility_range_capacity,0.25,,
running,event,marathon,general_preparation,strength_power,aerobic_capacity,maximum_strength;calf_soleus_capacity;hamstring_capacity;trunk_force_transfer;aerobic_capacity;threshold_capacity;mobility_range_capacity,"ordinal evidence-informed retrieval weighting; athlete deficits, schedule, safety and external load may lower or omit a category",aerobic_capacity,1.0,maximum_strength,0.75,calf_soleus_capacity,0.6,threshold_capacity,0.5,hamstring_capacity,0.45,trunk_force_transfer,0.25,mobility_range_capacity,0.25,,
running,event,marathon,general_preparation,speed_movement,aerobic_capacity,maximum_strength;calf_soleus_capacity;hamstring_capacity;trunk_force_transfer;aerobic_capacity;threshold_capacity;mobility_range_capacity,"ordinal evidence-informed retrieval weighting; athlete deficits, schedule, safety and external load may lower or omit a category",aerobic_capacity,1.0,calf_soleus_capacity,0.6,threshold_capacity,0.5,maximum_strength,0.45,hamstring_capacity,0.45,trunk_force_transfer,0.25,mobility_range_capacity,0.25,,
running,event,marathon,general_preparation,conditioning,aerobic_capacity,maximum_strength;calf_soleus_capacity;hamstring_capacity;trunk_force_transfer;aerobic_capacity;threshold_capacity;mobility_range_capacity,"ordinal evidence-informed retrieval weighting; athlete deficits, schedule, safety and external load may lower or omit a category",aerobic_capacity,1.0,threshold_capacity,0.8,calf_soleus_capacity,0.6,maximum_strength,0.45,hamstring_capacity,0.45,trunk_force_transfer,0.25,mobility_range_capacity,0.25,,
running,event,marathon,specific_preparation,general_performance,aerobic_capacity,maximum_strength;calf_soleus_capacity;hamstring_capacity;trunk_force_transfer;aerobic_capacity;threshold_capacity;mobility_range_capacity,"ordinal evidence-informed retrieval weighting; athlete deficits, schedule, safety and external load may lower or omit a category",aerobic_capacity,0.95,calf_soleus_capacity,0.55,threshold_capacity,0.5,hamstring_capacity,0.4,maximum_strength,0.3,trunk_force_transfer,0.2,mobility_range_capacity,0.15,,
running,event,marathon,specific_preparation,strength_power,aerobic_capacity,maximum_strength;calf_soleus_capacity;hamstring_capacity;trunk_force_transfer;aerobic_capacity;threshold_capacity;mobility_range_capacity,"ordinal evidence-informed retrieval weighting; athlete deficits, schedule, safety and external load may lower or omit a category",aerobic_capacity,0.95,maximum_strength,0.6,calf_soleus_capacity,0.55,threshold_capacity,0.5,hamstring_capacity,0.4,trunk_force_transfer,0.2,mobility_range_capacity,0.15,,
running,event,marathon,specific_preparation,speed_movement,aerobic_capacity,maximum_strength;calf_soleus_capacity;hamstring_capacity;trunk_force_transfer;aerobic_capacity;threshold_capacity;mobility_range_capacity,"ordinal evidence-informed retrieval weighting; athlete deficits, schedule, safety and external load may lower or omit a category",aerobic_capacity,0.95,calf_soleus_capacity,0.55,threshold_capacity,0.5,hamstring_capacity,0.4,maximum_strength,0.3,trunk_force_transfer,0.2,mobility_range_capacity,0.15,,
running,event,marathon,specific_preparation,conditioning,aerobic_capacity,maximum_strength;calf_soleus_capacity;hamstring_capacity;trunk_force_transfer;aerobic_capacity;threshold_capacity;mobility_range_capacity,"ordinal evidence-informed retrieval weighting; athlete deficits, schedule, safety and external load may lower or omit a category",aerobic_capacity,1.0,threshold_capacity,0.8,calf_soleus_capacity,0.55,hamstring_capacity,0.4,maximum_strength,0.3,trunk_force_transfer,0.2,mobility_range_capacity,0.15,,
running,event,marathon,competition,general_performance,aerobic_capacity,performance_preparation;maximum_strength;calf_soleus_capacity;hamstring_capacity;trunk_force_transfer;aerobic_capacity;threshold_capacity;recovery_management,"ordinal evidence-informed retrieval weighting; athlete deficits, schedule, safety and external load may lower or omit a category",aerobic_capacity,0.95,calf_soleus_capacity,0.55,threshold_capacity,0.5,hamstring_capacity,0.4,performance_preparation,0.2,maximum_strength,0.2,trunk_force_transfer,0.2,recovery_management,0.2
running,event,marathon,competition,strength_power,aerobic_capacity,performance_preparation;maximum_strength;calf_soleus_capacity;hamstring_capacity;trunk_force_transfer;aerobic_capacity;threshold_capacity;recovery_management,"ordinal evidence-informed retrieval weighting; athlete deficits, schedule, safety and external load may lower or omit a category",aerobic_capacity,0.95,calf_soleus_capacity,0.55,maximum_strength,0.5,threshold_capacity,0.5,hamstring_capacity,0.4,performance_preparation,0.2,trunk_force_transfer,0.2,recovery_management,0.2
running,event,marathon,competition,speed_movement,aerobic_capacity,performance_preparation;maximum_strength;calf_soleus_capacity;hamstring_capacity;trunk_force_transfer;aerobic_capacity;threshold_capacity;recovery_management,"ordinal evidence-informed retrieval weighting; athlete deficits, schedule, safety and external load may lower or omit a category",aerobic_capacity,0.95,calf_soleus_capacity,0.55,threshold_capacity,0.5,hamstring_capacity,0.4,performance_preparation,0.2,maximum_strength,0.2,trunk_force_transfer,0.2,recovery_management,0.2
running,event,marathon,competition,conditioning,aerobic_capacity,performance_preparation;maximum_strength;calf_soleus_capacity;hamstring_capacity;trunk_force_transfer;aerobic_capacity;threshold_capacity;recovery_management,"ordinal evidence-informed retrieval weighting; athlete deficits, schedule, safety and external load may lower or omit a category",aerobic_capacity,1.0,threshold_capacity,0.8,calf_soleus_capacity,0.55,hamstring_capacity,0.4,performance_preparation,0.2,maximum_strength,0.2,trunk_force_transfer,0.2,recovery_management,0.2
running,event,marathon,transition,general_performance,aerobic_capacity,maximum_strength;calf_soleus_capacity;hamstring_capacity;trunk_force_transfer;aerobic_capacity;threshold_capacity;mobility_range_capacity;recovery_management,"ordinal evidence-informed retrieval weighting; athlete deficits, schedule, safety and external load may lower or omit a category",aerobic_capacity,1.0,calf_soleus_capacity,0.55,threshold_capacity,0.5,hamstring_capacity,0.4,maximum_strength,0.3,mobility_range_capacity,0.3,recovery_management,0.3,trunk_force_transfer,0.2
running,event,marathon,transition,strength_power,aerobic_capacity,maximum_strength;calf_soleus_capacity;hamstring_capacity;trunk_force_transfer;aerobic_capacity;threshold_capacity;mobility_range_capacity;recovery_management,"ordinal evidence-informed retrieval weighting; athlete deficits, schedule, safety and external load may lower or omit a category",aerobic_capacity,1.0,maximum_strength,0.6,calf_soleus_capacity,0.55,threshold_capacity,0.5,hamstring_capacity,0.4,mobility_range_capacity,0.3,recovery_management,0.3,trunk_force_transfer,0.2
running,event,marathon,transition,speed_movement,aerobic_capacity,maximum_strength;calf_soleus_capacity;hamstring_capacity;trunk_force_transfer;aerobic_capacity;threshold_capacity;mobility_range_capacity;recovery_management,"ordinal evidence-informed retrieval weighting; athlete deficits, schedule, safety and external load may lower or omit a category",aerobic_capacity,1.0,calf_soleus_capacity,0.55,threshold_capacity,0.5,hamstring_capacity,0.4,maximum_strength,0.3,mobility_range_capacity,0.3,recovery_management,0.3,trunk_force_transfer,0.2
running,event,marathon,transition,conditioning,aerobic_capacity,maximum_strength;calf_soleus_capacity;hamstring_capacity;trunk_force_transfer;aerobic_capacity;threshold_capacity;mobility_range_capacity;recovery_management,"ordinal evidence-informed retrieval weighting; athlete deficits, schedule, safety and external load may lower or omit a category",aerobic_capacity,1.0,threshold_capacity,0.8,calf_soleus_capacity,0.55,hamstring_capacity,0.4,maximum_strength,0.3,mobility_range_capacity,0.3,recovery_management,0.3,trunk_force_transfer,0.2
running,event,100m,general_preparation,general_performance,maximum_strength,acceleration;maximum_velocity;reactive_elastic_strength;explosive_strength;horizontal_power;maximum_strength;calf_soleus_capacity;speed_endurance,"ordinal evidence-informed retrieval weighting; athlete deficits, schedule, safety and external load may lower or omit a category",maximum_strength,1.0,acceleration,1.0,maximum_velocity,1.0,explosive_strength,1.0,horizontal_power,0.9,reactive_elastic_strength,0.8,speed_endurance,0.5,calf_soleus_capacity,0.4
running,event,100m,general_preparation,strength_power,maximum_strength,acceleration;maximum_velocity;reactive_elastic_strength;explosive_strength;horizontal_power;maximum_strength;calf_soleus_capacity;speed_endurance,"ordinal evidence-informed retrieval weighting; athlete deficits, schedule, safety and external load may lower or omit a category",maximum_strength,1.0,explosive_strength,1.0,acceleration,1.0,maximum_velocity,1.0,horizontal_power,1.0,reactive_elastic_strength,0.8,speed_endurance,0.5,calf_soleus_capacity,0.4
running,event,100m,general_preparation,speed_movement,acceleration,acceleration;maximum_velocity;reactive_elastic_strength;explosive_strength;horizontal_power;maximum_strength;calf_soleus_capacity;speed_endurance,"ordinal evidence-informed retrieval weighting; athlete deficits, schedule, safety and external load may lower or omit a category",acceleration,1.0,maximum_velocity,1.0,maximum_strength,1.0,explosive_strength,1.0,reactive_elastic_strength,0.95,horizontal_power,0.9,speed_endurance,0.7,calf_soleus_capacity,0.4
running,event,100m,general_preparation,conditioning,maximum_strength,acceleration;maximum_velocity;reactive_elastic_strength;explosive_strength;horizontal_power;maximum_strength;calf_soleus_capacity;speed_endurance,"ordinal evidence-informed retrieval weighting; athlete deficits, schedule, safety and external load may lower or omit a category",maximum_strength,1.0,acceleration,1.0,maximum_velocity,1.0,explosive_strength,1.0,horizontal_power,0.9,reactive_elastic_strength,0.8,speed_endurance,0.5,calf_soleus_capacity,0.4
running,event,100m,specific_preparation,general_performance,acceleration,acceleration;maximum_velocity;reactive_elastic_strength;explosive_strength;horizontal_power;maximum_strength;calf_soleus_capacity;speed_endurance,"ordinal evidence-informed retrieval weighting; athlete deficits, schedule, safety and external load may lower or omit a category",acceleration,1.0,maximum_velocity,1.0,explosive_strength,1.0,maximum_strength,1.0,horizontal_power,1.0,reactive_elastic_strength,0.9,speed_endurance,0.6,calf_soleus_capacity,0.35
running,event,100m,specific_preparation,strength_power,explosive_strength,acceleration;maximum_velocity;reactive_elastic_strength;explosive_strength;horizontal_power;maximum_strength;calf_soleus_capacity;speed_endurance,"ordinal evidence-informed retrieval weighting; athlete deficits, schedule, safety and external load may lower or omit a category",explosive_strength,1.0,maximum_strength,1.0,acceleration,1.0,maximum_velocity,1.0,horizontal_power,1.0,reactive_elastic_strength,0.9,speed_endurance,0.6,calf_soleus_capacity,0.35
running,event,100m,specific_preparation,speed_movement,acceleration,acceleration;maximum_velocity;reactive_elastic_strength;explosive_strength;horizontal_power;maximum_strength;calf_soleus_capacity;speed_endurance,"ordinal evidence-informed retrieval weighting; athlete deficits, schedule, safety and external load may lower or omit a category",acceleration,1.0,maximum_velocity,1.0,explosive_strength,1.0,maximum_strength,1.0,reactive_elastic_strength,1.0,horizontal_power,1.0,speed_endurance,0.8,calf_soleus_capacity,0.35
running,event,100m,specific_preparation,conditioning,acceleration,acceleration;maximum_velocity;reactive_elastic_strength;explosive_strength;horizontal_power;maximum_strength;calf_soleus_capacity;speed_endurance,"ordinal evidence-informed retrieval weighting; athlete deficits, schedule, safety and external load may lower or omit a category",acceleration,1.0,maximum_velocity,1.0,explosive_strength,1.0,maximum_strength,1.0,horizontal_power,1.0,reactive_elastic_strength,0.9,speed_endurance,0.6,calf_soleus_capacity,0.35
running,event,100m,competition,general_performance,acceleration,acceleration;maximum_velocity;reactive_elastic_strength;explosive_strength;horizontal_power;maximum_strength;calf_soleus_capacity;speed_endurance,"ordinal evidence-informed retrieval weighting; athlete deficits, schedule, safety and external load may lower or omit a category",acceleration,1.0,maximum_velocity,1.0,explosive_strength,1.0,maximum_strength,1.0,horizontal_power,0.9,reactive_elastic_strength,0.8,speed_endurance,0.5,calf_soleus_capacity,0.35
running,event,100m,competition,strength_power,explosive_strength,acceleration;maximum_velocity;reactive_elastic_strength;explosive_strength;horizontal_power;maximum_strength;calf_soleus_capacity;speed_endurance,"ordinal evidence-informed retrieval weighting; athlete deficits, schedule, safety and external load may lower or omit a category",explosive_strength,1.0,maximum_strength,1.0,acceleration,1.0,maximum_velocity,1.0,horizontal_power,1.0,reactive_elastic_strength,0.8,speed_endurance,0.5,calf_soleus_capacity,0.35
running,event,100m,competition,speed_movement,acceleration,acceleration;maximum_velocity;reactive_elastic_strength;explosive_strength;horizontal_power;maximum_strength;calf_soleus_capacity;speed_endurance,"ordinal evidence-informed retrieval weighting; athlete deficits, schedule, safety and external load may lower or omit a category",acceleration,1.0,maximum_velocity,1.0,explosive_strength,1.0,maximum_strength,1.0,reactive_elastic_strength,0.95,horizontal_power,0.9,speed_endurance,0.7,calf_soleus_capacity,0.35
running,event,100m,competition,conditioning,acceleration,acceleration;maximum_velocity;reactive_elastic_strength;explosive_strength;horizontal_power;maximum_strength;calf_soleus_capacity;speed_endurance,"ordinal evidence-informed retrieval weighting; athlete deficits, schedule, safety and external load may lower or omit a category",acceleration,1.0,maximum_velocity,1.0,explosive_strength,1.0,maximum_strength,1.0,horizontal_power,0.9,reactive_elastic_strength,0.8,speed_endurance,0.5,calf_soleus_capacity,0.35
running,event,100m,transition,general_performance,acceleration,acceleration;maximum_velocity;reactive_elastic_strength;explosive_strength;horizontal_power;maximum_strength;calf_soleus_capacity;speed_endurance,"ordinal evidence-informed retrieval weighting; athlete deficits, schedule, safety and external load may lower or omit a category",acceleration,1.0,maximum_strength,1.0,maximum_velocity,1.0,explosive_strength,1.0,horizontal_power,0.9,reactive_elastic_strength,0.8,speed_endurance,0.5,calf_soleus_capacity,0.35
running,event,100m,transition,strength_power,maximum_strength,acceleration;maximum_velocity;reactive_elastic_strength;explosive_strength;horizontal_power;maximum_strength;calf_soleus_capacity;speed_endurance,"ordinal evidence-informed retrieval weighting; athlete deficits, schedule, safety and external load may lower or omit a category",maximum_strength,1.0,explosive_strength,1.0,acceleration,1.0,horizontal_power,1.0,maximum_velocity,1.0,reactive_elastic_strength,0.8,speed_endurance,0.5,calf_soleus_capacity,0.35
running,event,100m,transition,speed_movement,acceleration,acceleration;maximum_velocity;reactive_elastic_strength;explosive_strength;horizontal_power;maximum_strength;calf_soleus_capacity;speed_endurance,"ordinal evidence-informed retrieval weighting; athlete deficits, schedule, safety and external load may lower or omit a category",acceleration,1.0,maximum_velocity,1.0,maximum_strength,1.0,explosive_strength,1.0,reactive_elastic_strength,0.95,horizontal_power,0.9,speed_endurance,0.7,calf_soleus_capacity,0.35
running,event,100m,transition,conditioning,acceleration,acceleration;maximum_velocity;reactive_elastic_strength;explosive_strength;horizontal_power;maximum_strength;calf_soleus_capacity;speed_endurance,"ordinal evidence-informed retrieval weighting; athlete deficits, schedule, safety and external load may lower or omit a category",acceleration,1.0,maximum_strength,1.0,maximum_velocity,1.0,explosive_strength,1.0,horizontal_power,0.9,reactive_elastic_strength,0.8,speed_endurance,0.5,calf_soleus_capacity,0.35
running,event,200m,general_preparation,general_performance,maximum_strength,maximum_velocity;acceleration;reactive_elastic_strength;explosive_strength;horizontal_power;maximum_strength;calf_soleus_capacity;speed_endurance,"ordinal evidence-informed retrieval weighting; athlete deficits, schedule, safety and external load may lower or omit a category",maximum_strength,1.0,maximum_velocity,1.0,acceleration,1.0,speed_endurance,1.0,explosive_strength,0.9,horizontal_power,0.8,reactive_elastic_strength,0.7,calf_soleus_capacity,0.4
running,event,200m,general_preparation,strength_power,maximum_strength,maximum_velocity;acceleration;reactive_elastic_strength;explosive_strength;horizontal_power;maximum_strength;calf_soleus_capacity;speed_endurance,"ordinal evidence-informed retrieval weighting; athlete deficits, schedule, safety and external load may lower or omit a category",maximum_strength,1.0,explosive_strength,1.0,maximum_velocity,1.0,acceleration,1.0,horizontal_power,1.0,speed_endurance,1.0,reactive_elastic_strength,0.7,calf_soleus_capacity,0.4
running,event,200m,general_preparation,speed_movement,maximum_velocity,maximum_velocity;acceleration;reactive_elastic_strength;explosive_strength;horizontal_power;maximum_strength;calf_soleus_capacity;speed_endurance,"ordinal evidence-informed retrieval weighting; athlete deficits, schedule, safety and external load may lower or omit a category",maximum_velocity,1.0,acceleration,1.0,speed_endurance,1.0,maximum_strength,1.0,explosive_strength,0.9,reactive_elastic_strength,0.85,horizontal_power,0.8,calf_soleus_capacity,0.4
running,event,200m,general_preparation,conditioning,maximum_strength,maximum_velocity;acceleration;reactive_elastic_strength;explosive_strength;horizontal_power;maximum_strength;calf_soleus_capacity;speed_endurance,"ordinal evidence-informed retrieval weighting; athlete deficits, schedule, safety and external load may lower or omit a category",maximum_strength,1.0,maximum_velocity,1.0,acceleration,1.0,speed_endurance,1.0,explosive_strength,0.9,horizontal_power,0.8,reactive_elastic_strength,0.7,calf_soleus_capacity,0.4
running,event,200m,specific_preparation,general_performance,maximum_velocity,maximum_velocity;acceleration;reactive_elastic_strength;explosive_strength;horizontal_power;maximum_strength;calf_soleus_capacity;speed_endurance,"ordinal evidence-informed retrieval weighting; athlete deficits, schedule, safety and external load may lower or omit a category",maximum_velocity,1.0,acceleration,1.0,speed_endurance,1.0,explosive_strength,1.0,maximum_strength,1.0,horizontal_power,0.9,reactive_elastic_strength,0.8,calf_soleus_capacity,0.35
running,event,200m,specific_preparation,strength_power,explosive_strength,maximum_velocity;acceleration;reactive_elastic_strength;explosive_strength;horizontal_power;maximum_strength;calf_soleus_capacity;speed_endurance,"ordinal evidence-informed retrieval weighting; athlete deficits, schedule, safety and external load may lower or omit a category",explosive_strength,1.0,maximum_strength,1.0,maximum_velocity,1.0,acceleration,1.0,horizontal_power,1.0,speed_endurance,1.0,reactive_elastic_strength,0.8,calf_soleus_capacity,0.35
running,event,200m,specific_preparation,speed_movement,maximum_velocity,maximum_velocity;acceleration;reactive_elastic_strength;explosive_strength;horizontal_power;maximum_strength;calf_soleus_capacity;speed_endurance,"ordinal evidence-informed retrieval weighting; athlete deficits, schedule, safety and external load may lower or omit a category",maximum_velocity,1.0,acceleration,1.0,speed_endurance,1.0,explosive_strength,1.0,maximum_strength,1.0,reactive_elastic_strength,0.95,horizontal_power,0.9,calf_soleus_capacity,0.35
running,event,200m,specific_preparation,conditioning,maximum_velocity,maximum_velocity;acceleration;reactive_elastic_strength;explosive_strength;horizontal_power;maximum_strength;calf_soleus_capacity;speed_endurance,"ordinal evidence-informed retrieval weighting; athlete deficits, schedule, safety and external load may lower or omit a category",maximum_velocity,1.0,acceleration,1.0,speed_endurance,1.0,explosive_strength,1.0,maximum_strength,1.0,horizontal_power,0.9,reactive_elastic_strength,0.8,calf_soleus_capacity,0.35
running,event,200m,competition,general_performance,maximum_velocity,maximum_velocity;acceleration;reactive_elastic_strength;explosive_strength;horizontal_power;maximum_strength;calf_soleus_capacity;speed_endurance,"ordinal evidence-informed retrieval weighting; athlete deficits, schedule, safety and external load may lower or omit a category",maximum_velocity,1.0,acceleration,1.0,speed_endurance,1.0,explosive_strength,0.9,maximum_strength,0.9,horizontal_power,0.8,reactive_elastic_strength,0.7,calf_soleus_capacity,0.35
running,event,200m,competition,strength_power,explosive_strength,maximum_velocity;acceleration;reactive_elastic_strength;explosive_strength;horizontal_power;maximum_strength;calf_soleus_capacity;speed_endurance,"ordinal evidence-informed retrieval weighting; athlete deficits, schedule, safety and external load may lower or omit a category",explosive_strength,1.0,maximum_strength,1.0,maximum_velocity,1.0,acceleration,1.0,horizontal_power,1.0,speed_endurance,1.0,reactive_elastic_strength,0.7,calf_soleus_capacity,0.35
running,event,200m,competition,speed_movement,maximum_velocity,maximum_velocity;acceleration;reactive_elastic_strength;explosive_strength;horizontal_power;maximum_strength;calf_soleus_capacity;speed_endurance,"ordinal evidence-informed retrieval weighting; athlete deficits, schedule, safety and external load may lower or omit a category",maximum_velocity,1.0,acceleration,1.0,speed_endurance,1.0,explosive_strength,0.9,maximum_strength,0.9,reactive_elastic_strength,0.85,horizontal_power,0.8,calf_soleus_capacity,0.35
running,event,200m,competition,conditioning,maximum_velocity,maximum_velocity;acceleration;reactive_elastic_strength;explosive_strength;horizontal_power;maximum_strength;calf_soleus_capacity;speed_endurance,"ordinal evidence-informed retrieval weighting; athlete deficits, schedule, safety and external load may lower or omit a category",maximum_velocity,1.0,acceleration,1.0,speed_endurance,1.0,explosive_strength,0.9,maximum_strength,0.9,horizontal_power,0.8,reactive_elastic_strength,0.7,calf_soleus_capacity,0.35
running,event,200m,transition,general_performance,acceleration,acceleration;maximum_velocity;reactive_elastic_strength;explosive_strength;horizontal_power;maximum_strength;calf_soleus_capacity;speed_endurance,"ordinal evidence-informed retrieval weighting; athlete deficits, schedule, safety and external load may lower or omit a category",acceleration,1.0,maximum_strength,1.0,speed_endurance,1.0,maximum_velocity,0.9,explosive_strength,0.9,horizontal_power,0.8,reactive_elastic_strength,0.7,calf_soleus_capacity,0.35
running,event,200m,transition,strength_power,maximum_strength,acceleration;maximum_velocity;reactive_elastic_strength;explosive_strength;horizontal_power;maximum_strength;calf_soleus_capacity;speed_endurance,"ordinal evidence-informed retrieval weighting; athlete deficits, schedule, safety and external load may lower or omit a category",maximum_strength,1.0,explosive_strength,1.0,acceleration,1.0,horizontal_power,1.0,speed_endurance,1.0,maximum_velocity,0.9,reactive_elastic_strength,0.7,calf_soleus_capacity,0.35
running,event,200m,transition,speed_movement,acceleration,acceleration;maximum_velocity;reactive_elastic_strength;explosive_strength;horizontal_power;maximum_strength;calf_soleus_capacity;speed_endurance,"ordinal evidence-informed retrieval weighting; athlete deficits, schedule, safety and external load may lower or omit a category",acceleration,1.0,maximum_velocity,1.0,speed_endurance,1.0,maximum_strength,1.0,explosive_strength,0.9,reactive_elastic_strength,0.85,horizontal_power,0.8,calf_soleus_capacity,0.35
running,event,200m,transition,conditioning,acceleration,acceleration;maximum_velocity;reactive_elastic_strength;explosive_strength;horizontal_power;maximum_strength;calf_soleus_capacity;speed_endurance,"ordinal evidence-informed retrieval weighting; athlete deficits, schedule, safety and external load may lower or omit a category",acceleration,1.0,maximum_strength,1.0,speed_endurance,1.0,maximum_velocity,0.9,explosive_strength,0.9,horizontal_power,0.8,reactive_elastic_strength,0.7,calf_soleus_capacity,0.35
running,event,400m,general_preparation,general_performance,speed_endurance,maximum_velocity;acceleration;explosive_strength;maximum_strength;calf_soleus_capacity;hamstring_capacity;speed_endurance;anaerobic_capacity,"ordinal evidence-informed retrieval weighting; athlete deficits, schedule, safety and external load may lower or omit a category",speed_endurance,1.0,anaerobic_capacity,1.0,maximum_velocity,0.9,acceleration,0.7,explosive_strength,0.7,maximum_strength,0.45,calf_soleus_capacity,0.4,hamstring_capacity,0.35
running,event,400m,general_preparation,strength_power,speed_endurance,maximum_velocity;acceleration;explosive_strength;maximum_strength;calf_soleus_capacity;hamstring_capacity;speed_endurance;anaerobic_capacity,"ordinal evidence-informed retrieval weighting; athlete deficits, schedule, safety and external load may lower or omit a category",speed_endurance,1.0,explosive_strength,1.0,anaerobic_capacity,1.0,maximum_velocity,0.9,maximum_strength,0.75,acceleration,0.7,calf_soleus_capacity,0.4,hamstring_capacity,0.35
running,event,400m,general_preparation,speed_movement,speed_endurance,maximum_velocity;acceleration;explosive_strength;maximum_strength;calf_soleus_capacity;hamstring_capacity;speed_endurance;anaerobic_capacity,"ordinal evidence-informed retrieval weighting; athlete deficits, schedule, safety and external load may lower or omit a category",speed_endurance,1.0,maximum_velocity,1.0,acceleration,1.0,anaerobic_capacity,1.0,explosive_strength,0.7,maximum_strength,0.45,calf_soleus_capacity,0.4,hamstring_capacity,0.35
running,event,400m,general_preparation,conditioning,anaerobic_capacity,maximum_velocity;acceleration;explosive_strength;maximum_strength;calf_soleus_capacity;anaerobic_capacity;speed_endurance;aerobic_capacity,"ordinal evidence-informed retrieval weighting; athlete deficits, schedule, safety and external load may lower or omit a category",anaerobic_capacity,1.0,speed_endurance,1.0,maximum_velocity,0.9,acceleration,0.7,explosive_strength,0.7,aerobic_capacity,0.5,maximum_strength,0.45,calf_soleus_capacity,0.4
running,event,400m,specific_preparation,general_performance,speed_endurance,maximum_velocity;acceleration;explosive_strength;maximum_strength;calf_soleus_capacity;hamstring_capacity;speed_endurance;anaerobic_capacity,"ordinal evidence-informed retrieval weighting; athlete deficits, schedule, safety and external load may lower or omit a category",speed_endurance,1.0,maximum_velocity,1.0,anaerobic_capacity,1.0,acceleration,0.85,explosive_strength,0.85,calf_soleus_capacity,0.35,maximum_strength,0.3,hamstring_capacity,0.3
running,event,400m,specific_preparation,strength_power,speed_endurance,maximum_velocity;acceleration;explosive_strength;maximum_strength;calf_soleus_capacity;hamstring_capacity;speed_endurance;anaerobic_capacity,"ordinal evidence-informed retrieval weighting; athlete deficits, schedule, safety and external load may lower or omit a category",speed_endurance,1.0,explosive_strength,1.0,maximum_velocity,1.0,anaerobic_capacity,1.0,acceleration,0.85,maximum_strength,0.6,calf_soleus_capacity,0.35,hamstring_capacity,0.3
running,event,400m,specific_preparation,speed_movement,speed_endurance,maximum_velocity;acceleration;explosive_strength;maximum_strength;calf_soleus_capacity;hamstring_capacity;speed_endurance;anaerobic_capacity,"ordinal evidence-informed retrieval weighting; athlete deficits, schedule, safety and external load may lower or omit a category",speed_endurance,1.0,maximum_velocity,1.0,acceleration,1.0,anaerobic_capacity,1.0,explosive_strength,0.85,calf_soleus_capacity,0.35,maximum_strength,0.3,hamstring_capacity,0.3
running,event,400m,specific_preparation,conditioning,speed_endurance,maximum_velocity;acceleration;explosive_strength;maximum_strength;calf_soleus_capacity;speed_endurance;anaerobic_capacity;aerobic_capacity,"ordinal evidence-informed retrieval weighting; athlete deficits, schedule, safety and external load may lower or omit a category",speed_endurance,1.0,anaerobic_capacity,1.0,maximum_velocity,1.0,acceleration,0.85,explosive_strength,0.85,calf_soleus_capacity,0.35,aerobic_capacity,0.35,maximum_strength,0.3
running,event,400m,competition,general_performance,speed_endurance,performance_preparation;maximum_velocity;acceleration;explosive_strength;calf_soleus_capacity;hamstring_capacity;speed_endurance;anaerobic_capacity,"ordinal evidence-informed retrieval weighting; athlete deficits, schedule, safety and external load may lower or omit a category",speed_endurance,1.0,maximum_velocity,0.9,anaerobic_capacity,0.9,acceleration,0.7,explosive_strength,0.7,calf_soleus_capacity,0.35,hamstring_capacity,0.3,performance_preparation,0.2
running,event,400m,competition,strength_power,speed_endurance,maximum_velocity;acceleration;explosive_strength;maximum_strength;calf_soleus_capacity;hamstring_capacity;speed_endurance;anaerobic_capacity,"ordinal evidence-informed retrieval weighting; athlete deficits, schedule, safety and external load may lower or omit a category",speed_endurance,1.0,explosive_strength,1.0,maximum_velocity,0.9,anaerobic_capacity,0.9,acceleration,0.7,maximum_strength,0.5,calf_soleus_capacity,0.35,hamstring_capacity,0.3
running,event,400m,competition,speed_movement,speed_endurance,performance_preparation;maximum_velocity;acceleration;explosive_strength;calf_soleus_capacity;hamstring_capacity;speed_endurance;anaerobic_capacity,"ordinal evidence-informed retrieval weighting; athlete deficits, schedule, safety and external load may lower or omit a category",speed_endurance,1.0,maximum_velocity,1.0,acceleration,1.0,anaerobic_capacity,0.9,explosive_strength,0.7,calf_soleus_capacity,0.35,hamstring_capacity,0.3,performance_preparation,0.2
running,event,400m,competition,conditioning,speed_endurance,maximum_velocity;acceleration;explosive_strength;calf_soleus_capacity;hamstring_capacity;speed_endurance;anaerobic_capacity;aerobic_capacity,"ordinal evidence-informed retrieval weighting; athlete deficits, schedule, safety and external load may lower or omit a category",speed_endurance,1.0,anaerobic_capacity,1.0,maximum_velocity,0.9,acceleration,0.7,explosive_strength,0.7,calf_soleus_capacity,0.35,aerobic_capacity,0.35,hamstring_capacity,0.3
running,event,400m,transition,general_performance,speed_endurance,acceleration;maximum_velocity;explosive_strength;maximum_strength;calf_soleus_capacity;hamstring_capacity;speed_endurance;anaerobic_capacity,"ordinal evidence-informed retrieval weighting; athlete deficits, schedule, safety and external load may lower or omit a category",speed_endurance,1.0,anaerobic_capacity,0.75,acceleration,0.7,maximum_velocity,0.7,explosive_strength,0.7,calf_soleus_capacity,0.35,maximum_strength,0.3,hamstring_capacity,0.3
running,event,400m,transition,strength_power,speed_endurance,acceleration;maximum_velocity;explosive_strength;maximum_strength;calf_soleus_capacity;hamstring_capacity;speed_endurance;anaerobic_capacity,"ordinal evidence-informed retrieval weighting; athlete deficits, schedule, safety and external load may lower or omit a category",speed_endurance,1.0,explosive_strength,1.0,anaerobic_capacity,0.75,acceleration,0.7,maximum_velocity,0.7,maximum_strength,0.6,calf_soleus_capacity,0.35,hamstring_capacity,0.3
running,event,400m,transition,speed_movement,speed_endurance,acceleration;maximum_velocity;explosive_strength;maximum_strength;calf_soleus_capacity;hamstring_capacity;speed_endurance;anaerobic_capacity,"ordinal evidence-informed retrieval weighting; athlete deficits, schedule, safety and external load may lower or omit a category",speed_endurance,1.0,acceleration,1.0,maximum_velocity,1.0,anaerobic_capacity,0.75,explosive_strength,0.7,calf_soleus_capacity,0.35,maximum_strength,0.3,hamstring_capacity,0.3
running,event,400m,transition,conditioning,speed_endurance,acceleration;maximum_velocity;explosive_strength;maximum_strength;calf_soleus_capacity;speed_endurance;anaerobic_capacity;aerobic_capacity,"ordinal evidence-informed retrieval weighting; athlete deficits, schedule, safety and external load may lower or omit a category",speed_endurance,1.0,anaerobic_capacity,1.0,acceleration,0.7,maximum_velocity,0.7,explosive_strength,0.7,aerobic_capacity,0.45,calf_soleus_capacity,0.35,maximum_strength,0.3
football,role,goalkeeper,general_preparation,general_performance,reactive_agility,reactive_agility;acceleration;deceleration;landing_capacity;planned_change_of_direction;vertical_power;lateral_power;maximum_strength,"ordinal evidence-informed retrieval weighting; athlete deficits, schedule, safety and external load may lower or omit a category",reactive_agility,0.75,acceleration,0.5,deceleration,0.5,landing_capacity,0.5,vertical_power,0.5,maximum_strength,0.5,planned_change_of_direction,0.45,lateral_power,0.4
football,role,goalkeeper,general_preparation,strength_power,maximum_strength,reactive_agility;acceleration;deceleration;landing_capacity;planned_change_of_direction;vertical_power;lateral_power;maximum_strength,"ordinal evidence-informed retrieval weighting; athlete deficits, schedule, safety and external load may lower or omit a category",maximum_strength,0.8,reactive_agility,0.75,vertical_power,0.7,lateral_power,0.6,acceleration,0.5,deceleration,0.5,landing_capacity,0.5,planned_change_of_direction,0.45
football,role,goalkeeper,general_preparation,speed_movement,reactive_agility,reactive_agility;acceleration;deceleration;planned_change_of_direction;landing_capacity;reactive_elastic_strength;vertical_power;maximum_strength,"ordinal evidence-informed retrieval weighting; athlete deficits, schedule, safety and external load may lower or omit a category",reactive_agility,1.0,acceleration,0.8,deceleration,0.75,planned_change_of_direction,0.7,landing_capacity,0.65,vertical_power,0.5,maximum_strength,0.5,reactive_elastic_strength,0.45
football,role,goalkeeper,general_preparation,conditioning,reactive_agility,reactive_agility;acceleration;deceleration;landing_capacity;planned_change_of_direction;vertical_power;maximum_strength;repeated_sprint_ability,"ordinal evidence-informed retrieval weighting; athlete deficits, schedule, safety and external load may lower or omit a category",reactive_agility,0.75,acceleration,0.5,deceleration,0.5,landing_capacity,0.5,vertical_power,0.5,maximum_strength,0.5,repeated_sprint_ability,0.5,planned_change_of_direction,0.45
football,role,goalkeeper,specific_preparation,general_performance,reactive_agility,reactive_agility;acceleration;deceleration;planned_change_of_direction;landing_capacity;reactive_elastic_strength;vertical_power;lateral_power,"ordinal evidence-informed retrieval weighting; athlete deficits, schedule, safety and external load may lower or omit a category",reactive_agility,0.9,acceleration,0.65,deceleration,0.65,planned_change_of_direction,0.6,vertical_power,0.6,landing_capacity,0.5,lateral_power,0.5,reactive_elastic_strength,0.4
football,role,goalkeeper,specific_preparation,strength_power,reactive_agility,reactive_agility;acceleration;deceleration;planned_change_of_direction;landing_capacity;vertical_power;lateral_power;maximum_strength,"ordinal evidence-informed retrieval weighting; athlete deficits, schedule, safety and external load may lower or omit a category",reactive_agility,0.9,vertical_power,0.8,lateral_power,0.7,acceleration,0.65,deceleration,0.65,maximum_strength,0.65,planned_change_of_direction,0.6,landing_capacity,0.5
football,role,goalkeeper,specific_preparation,speed_movement,reactive_agility,reactive_agility;acceleration;maximum_velocity;deceleration;planned_change_of_direction;landing_capacity;reactive_elastic_strength;vertical_power,"ordinal evidence-informed retrieval weighting; athlete deficits, schedule, safety and external load may lower or omit a category",reactive_agility,1.0,acceleration,0.95,deceleration,0.9,planned_change_of_direction,0.85,landing_capacity,0.65,vertical_power,0.6,reactive_elastic_strength,0.55,maximum_velocity,0.5
football,role,goalkeeper,specific_preparation,conditioning,reactive_agility,reactive_agility;acceleration;deceleration;planned_change_of_direction;landing_capacity;vertical_power;lateral_power;repeated_sprint_ability,"ordinal evidence-informed retrieval weighting; athlete deficits, schedule, safety and external load may lower or omit a category",reactive_agility,0.9,acceleration,0.65,deceleration,0.65,planned_change_of_direction,0.6,vertical_power,0.6,repeated_sprint_ability,0.6,landing_capacity,0.5,lateral_power,0.5
football,role,goalkeeper,competition,general_performance,reactive_agility,reactive_agility;acceleration;deceleration;landing_capacity;planned_change_of_direction;vertical_power;lateral_power;adductor_capacity,"ordinal evidence-informed retrieval weighting; athlete deficits, schedule, safety and external load may lower or omit a category",reactive_agility,0.75,acceleration,0.5,deceleration,0.5,landing_capacity,0.5,vertical_power,0.5,planned_change_of_direction,0.45,lateral_power,0.4,adductor_capacity,0.35
football,role,goalkeeper,competition,strength_power,reactive_agility,reactive_agility;acceleration;deceleration;landing_capacity;planned_change_of_direction;vertical_power;lateral_power;maximum_strength,"ordinal evidence-informed retrieval weighting; athlete deficits, schedule, safety and external load may lower or omit a category",reactive_agility,0.75,vertical_power,0.7,lateral_power,0.6,maximum_strength,0.55,acceleration,0.5,deceleration,0.5,landing_capacity,0.5,planned_change_of_direction,0.45
football,role,goalkeeper,competition,speed_movement,reactive_agility,reactive_agility;acceleration;maximum_velocity;deceleration;planned_change_of_direction;landing_capacity;reactive_elastic_strength;vertical_power,"ordinal evidence-informed retrieval weighting; athlete deficits, schedule, safety and external load may lower or omit a category",reactive_agility,1.0,acceleration,0.8,deceleration,0.75,planned_change_of_direction,0.7,landing_capacity,0.65,vertical_power,0.5,reactive_elastic_strength,0.45,maximum_velocity,0.4
football,role,goalkeeper,competition,conditioning,reactive_agility,reactive_agility;acceleration;deceleration;landing_capacity;planned_change_of_direction;vertical_power;lateral_power;repeated_sprint_ability,"ordinal evidence-informed retrieval weighting; athlete deficits, schedule, safety and external load may lower or omit a category",reactive_agility,0.75,acceleration,0.5,deceleration,0.5,landing_capacity,0.5,vertical_power,0.5,repeated_sprint_ability,0.5,planned_change_of_direction,0.45,lateral_power,0.4
football,role,goalkeeper,transition,general_performance,reactive_agility,reactive_agility;acceleration;deceleration;landing_capacity;planned_change_of_direction;vertical_power;lateral_power;maximum_strength,"ordinal evidence-informed retrieval weighting; athlete deficits, schedule, safety and external load may lower or omit a category",reactive_agility,0.75,acceleration,0.5,deceleration,0.5,landing_capacity,0.5,vertical_power,0.5,planned_change_of_direction,0.45,lateral_power,0.4,maximum_strength,0.35
football,role,goalkeeper,transition,strength_power,reactive_agility,reactive_agility;acceleration;deceleration;landing_capacity;planned_change_of_direction;vertical_power;lateral_power;maximum_strength,"ordinal evidence-informed retrieval weighting; athlete deficits, schedule, safety and external load may lower or omit a category",reactive_agility,0.75,vertical_power,0.7,maximum_strength,0.65,lateral_power,0.6,acceleration,0.5,deceleration,0.5,landing_capacity,0.5,planned_change_of_direction,0.45
football,role,goalkeeper,transition,speed_movement,reactive_agility,reactive_agility;acceleration;deceleration;planned_change_of_direction;landing_capacity;reactive_elastic_strength;vertical_power;lateral_power,"ordinal evidence-informed retrieval weighting; athlete deficits, schedule, safety and external load may lower or omit a category",reactive_agility,1.0,acceleration,0.8,deceleration,0.75,planned_change_of_direction,0.7,landing_capacity,0.65,vertical_power,0.5,reactive_elastic_strength,0.45,lateral_power,0.4
football,role,goalkeeper,transition,conditioning,reactive_agility,reactive_agility;acceleration;deceleration;landing_capacity;planned_change_of_direction;vertical_power;lateral_power;maximum_strength,"ordinal evidence-informed retrieval weighting; athlete deficits, schedule, safety and external load may lower or omit a category",reactive_agility,0.75,acceleration,0.5,deceleration,0.5,landing_capacity,0.5,vertical_power,0.5,planned_change_of_direction,0.45,lateral_power,0.4,maximum_strength,0.35
football,role,central_defender,general_preparation,general_performance,maximum_strength,acceleration;reactive_agility;maximum_velocity;deceleration;planned_change_of_direction;maximum_strength;adductor_capacity;repeated_sprint_ability,"ordinal evidence-informed retrieval weighting; athlete deficits, schedule, safety and external load may lower or omit a category",maximum_strength,0.8,acceleration,0.7,deceleration,0.5,reactive_agility,0.45,planned_change_of_direction,0.45,repeated_sprint_ability,0.45,maximum_velocity,0.4,adductor_capacity,0.4
football,role,central_defender,general_preparation,strength_power,maximum_strength,acceleration;reactive_agility;maximum_velocity;deceleration;planned_change_of_direction;vertical_power;maximum_strength;repeated_sprint_ability,"ordinal evidence-informed retrieval weighting; athlete deficits, schedule, safety and external load may lower or omit a category",maximum_strength,1.0,acceleration,0.7,deceleration,0.5,vertical_power,0.5,reactive_agility,0.45,planned_change_of_direction,0.45,repeated_sprint_ability,0.45,maximum_velocity,0.4
football,role,central_defender,general_preparation,speed_movement,acceleration,acceleration;maximum_velocity;reactive_agility;deceleration;planned_change_of_direction;reactive_elastic_strength;maximum_strength;repeated_sprint_ability,"ordinal evidence-informed retrieval weighting; athlete deficits, schedule, safety and external load may lower or omit a category",acceleration,1.0,maximum_strength,0.8,deceleration,0.75,maximum_velocity,0.7,reactive_agility,0.7,planned_change_of_direction,0.7,reactive_elastic_strength,0.45,repeated_sprint_ability,0.45
football,role,central_defender,general_preparation,conditioning,maximum_strength,acceleration;reactive_agility;maximum_velocity;deceleration;planned_change_of_direction;maximum_strength;adductor_capacity;repeated_sprint_ability,"ordinal evidence-informed retrieval weighting; athlete deficits, schedule, safety and external load may lower or omit a category",maximum_strength,0.8,acceleration,0.7,repeated_sprint_ability,0.7,deceleration,0.5,reactive_agility,0.45,planned_change_of_direction,0.45,maximum_velocity,0.4,adductor_capacity,0.4
football,role,central_defender,specific_preparation,general_performance,acceleration,acceleration;reactive_agility;maximum_velocity;deceleration;planned_change_of_direction;reactive_elastic_strength;maximum_strength;repeated_sprint_ability,"ordinal evidence-informed retrieval weighting; athlete deficits, schedule, safety and external load may lower or omit a category",acceleration,0.85,deceleration,0.65,maximum_strength,0.65,reactive_agility,0.6,planned_change_of_direction,0.6,repeated_sprint_ability,0.55,maximum_velocity,0.5,reactive_elastic_strength,0.4
football,role,central_defender,specific_preparation,strength_power,maximum_strength,acceleration;reactive_agility;maximum_velocity;deceleration;planned_change_of_direction;vertical_power;maximum_strength;repeated_sprint_ability,"ordinal evidence-informed retrieval weighting; athlete deficits, schedule, safety and external load may lower or omit a category",maximum_strength,0.95,acceleration,0.85,deceleration,0.65,reactive_agility,0.6,planned_change_of_direction,0.6,vertical_power,0.6,repeated_sprint_ability,0.55,maximum_velocity,0.5
football,role,central_defender,specific_preparation,speed_movement,acceleration,acceleration;reactive_agility;maximum_velocity;deceleration;planned_change_of_direction;reactive_elastic_strength;maximum_strength;repeated_sprint_ability,"ordinal evidence-informed retrieval weighting; athlete deficits, schedule, safety and external load may lower or omit a category",acceleration,1.0,deceleration,0.9,reactive_agility,0.85,planned_change_of_direction,0.85,maximum_velocity,0.8,maximum_strength,0.65,reactive_elastic_strength,0.55,repeated_sprint_ability,0.55
football,role,central_defender,specific_preparation,conditioning,acceleration,acceleration;reactive_agility;maximum_velocity;deceleration;planned_change_of_direction;reactive_elastic_strength;maximum_strength;repeated_sprint_ability,"ordinal evidence-informed retrieval weighting; athlete deficits, schedule, safety and external load may lower or omit a category",acceleration,0.85,repeated_sprint_ability,0.8,deceleration,0.65,maximum_strength,0.65,reactive_agility,0.6,planned_change_of_direction,0.6,maximum_velocity,0.5,reactive_elastic_strength,0.4
football,role,central_defender,competition,general_performance,acceleration,acceleration;reactive_agility;maximum_velocity;deceleration;planned_change_of_direction;maximum_strength;adductor_capacity;repeated_sprint_ability,"ordinal evidence-informed retrieval weighting; athlete deficits, schedule, safety and external load may lower or omit a category",acceleration,0.7,maximum_strength,0.55,deceleration,0.5,reactive_agility,0.45,planned_change_of_direction,0.45,repeated_sprint_ability,0.45,maximum_velocity,0.4,adductor_capacity,0.35
football,role,central_defender,competition,strength_power,maximum_strength,acceleration;reactive_agility;maximum_velocity;deceleration;planned_change_of_direction;vertical_power;maximum_strength;repeated_sprint_ability,"ordinal evidence-informed retrieval weighting; athlete deficits, schedule, safety and external load may lower or omit a category",maximum_strength,0.85,acceleration,0.7,deceleration,0.5,vertical_power,0.5,reactive_agility,0.45,planned_change_of_direction,0.45,repeated_sprint_ability,0.45,maximum_velocity,0.4
football,role,central_defender,competition,speed_movement,acceleration,acceleration;maximum_velocity;reactive_agility;deceleration;planned_change_of_direction;reactive_elastic_strength;maximum_strength;repeated_sprint_ability,"ordinal evidence-informed retrieval weighting; athlete deficits, schedule, safety and external load may lower or omit a category",acceleration,1.0,deceleration,0.75,maximum_velocity,0.7,reactive_agility,0.7,planned_change_of_direction,0.7,maximum_strength,0.55,reactive_elastic_strength,0.45,repeated_sprint_ability,0.45
football,role,central_defender,competition,conditioning,acceleration,acceleration;reactive_agility;maximum_velocity;deceleration;planned_change_of_direction;maximum_strength;adductor_capacity;repeated_sprint_ability,"ordinal evidence-informed retrieval weighting; athlete deficits, schedule, safety and external load may lower or omit a category",acceleration,0.7,repeated_sprint_ability,0.7,maximum_strength,0.55,deceleration,0.5,reactive_agility,0.45,planned_change_of_direction,0.45,maximum_velocity,0.4,adductor_capacity,0.35
football,role,central_defender,transition,general_performance,acceleration,acceleration;reactive_agility;deceleration;planned_change_of_direction;reactive_elastic_strength;maximum_strength;adductor_capacity;hamstring_capacity,"ordinal evidence-informed retrieval weighting; athlete deficits, schedule, safety and external load may lower or omit a category",acceleration,0.7,maximum_strength,0.65,deceleration,0.5,reactive_agility,0.45,planned_change_of_direction,0.45,adductor_capacity,0.35,hamstring_capacity,0.35,reactive_elastic_strength,0.3
football,role,central_defender,transition,strength_power,maximum_strength,acceleration;reactive_agility;deceleration;planned_change_of_direction;vertical_power;maximum_strength;adductor_capacity;hamstring_capacity,"ordinal evidence-informed retrieval weighting; athlete deficits, schedule, safety and external load may lower or omit a category",maximum_strength,0.95,acceleration,0.7,deceleration,0.5,vertical_power,0.5,reactive_agility,0.45,planned_change_of_direction,0.45,adductor_capacity,0.35,hamstring_capacity,0.35
football,role,central_defender,transition,speed_movement,acceleration,acceleration;reactive_agility;maximum_velocity;deceleration;planned_change_of_direction;reactive_elastic_strength;maximum_strength;adductor_capacity,"ordinal evidence-informed retrieval weighting; athlete deficits, schedule, safety and external load may lower or omit a category",acceleration,1.0,deceleration,0.75,reactive_agility,0.7,planned_change_of_direction,0.7,maximum_strength,0.65,maximum_velocity,0.5,reactive_elastic_strength,0.45,adductor_capacity,0.35
football,role,central_defender,transition,conditioning,acceleration,acceleration;reactive_agility;deceleration;planned_change_of_direction;maximum_strength;adductor_capacity;hamstring_capacity;repeated_sprint_ability,"ordinal evidence-informed retrieval weighting; athlete deficits, schedule, safety and external load may lower or omit a category",acceleration,0.7,maximum_strength,0.65,deceleration,0.5,reactive_agility,0.45,planned_change_of_direction,0.45,repeated_sprint_ability,0.45,adductor_capacity,0.35,hamstring_capacity,0.35
football,role,fullback_wingback,general_preparation,general_performance,repeated_sprint_ability,maximum_velocity;acceleration;reactive_agility;deceleration;planned_change_of_direction;maximum_strength;repeated_sprint_ability;aerobic_capacity,"ordinal evidence-informed retrieval weighting; athlete deficits, schedule, safety and external load may lower or omit a category",repeated_sprint_ability,0.85,maximum_velocity,0.8,acceleration,0.5,deceleration,0.5,maximum_strength,0.5,reactive_agility,0.45,planned_change_of_direction,0.45,aerobic_capacity,0.45
football,role,fullback_wingback,general_preparation,strength_power,repeated_sprint_ability,maximum_velocity;acceleration;reactive_agility;deceleration;planned_change_of_direction;maximum_strength;repeated_sprint_ability;aerobic_capacity,"ordinal evidence-informed retrieval weighting; athlete deficits, schedule, safety and external load may lower or omit a category",repeated_sprint_ability,0.85,maximum_velocity,0.8,maximum_strength,0.8,acceleration,0.5,deceleration,0.5,reactive_agility,0.45,planned_change_of_direction,0.45,aerobic_capacity,0.45
football,role,fullback_wingback,general_preparation,speed_movement,maximum_velocity,maximum_velocity;acceleration;reactive_agility;deceleration;planned_change_of_direction;reactive_elastic_strength;maximum_strength;repeated_sprint_ability,"ordinal evidence-informed retrieval weighting; athlete deficits, schedule, safety and external load may lower or omit a category",maximum_velocity,1.0,repeated_sprint_ability,0.85,acceleration,0.8,deceleration,0.75,reactive_agility,0.7,planned_change_of_direction,0.7,maximum_strength,0.5,reactive_elastic_strength,0.45
football,role,fullback_wingback,general_preparation,conditioning,repeated_sprint_ability,maximum_velocity;acceleration;reactive_agility;deceleration;planned_change_of_direction;maximum_strength;repeated_sprint_ability;aerobic_capacity,"ordinal evidence-informed retrieval weighting; athlete deficits, schedule, safety and external load may lower or omit a category",repeated_sprint_ability,1.0,maximum_velocity,0.8,aerobic_capacity,0.75,acceleration,0.5,deceleration,0.5,maximum_strength,0.5,reactive_agility,0.45,planned_change_of_direction,0.45
football,role,fullback_wingback,specific_preparation,general_performance,repeated_sprint_ability,maximum_velocity;acceleration;reactive_agility;deceleration;planned_change_of_direction;reactive_elastic_strength;maximum_strength;repeated_sprint_ability,"ordinal evidence-informed retrieval weighting; athlete deficits, schedule, safety and external load may lower or omit a category",repeated_sprint_ability,0.95,maximum_velocity,0.9,acceleration,0.65,deceleration,0.65,reactive_agility,0.6,planned_change_of_direction,0.6,reactive_elastic_strength,0.4,maximum_strength,0.35
football,role,fullback_wingback,specific_preparation,strength_power,repeated_sprint_ability,maximum_velocity;acceleration;reactive_agility;deceleration;planned_change_of_direction;reactive_elastic_strength;maximum_strength;repeated_sprint_ability,"ordinal evidence-informed retrieval weighting; athlete deficits, schedule, safety and external load may lower or omit a category",repeated_sprint_ability,0.95,maximum_velocity,0.9,acceleration,0.65,deceleration,0.65,maximum_strength,0.65,reactive_agility,0.6,planned_change_of_direction,0.6,reactive_elastic_strength,0.4
football,role,fullback_wingback,specific_preparation,speed_movement,maximum_velocity,maximum_velocity;acceleration;reactive_agility;deceleration;planned_change_of_direction;reactive_elastic_strength;maximum_strength;repeated_sprint_ability,"ordinal evidence-informed retrieval weighting; athlete deficits, schedule, safety and external load may lower or omit a category",maximum_velocity,1.0,acceleration,0.95,repeated_sprint_ability,0.95,deceleration,0.9,reactive_agility,0.85,planned_change_of_direction,0.85,reactive_elastic_strength,0.55,maximum_strength,0.35
football,role,fullback_wingback,specific_preparation,conditioning,repeated_sprint_ability,maximum_velocity;acceleration;reactive_agility;deceleration;planned_change_of_direction;reactive_elastic_strength;repeated_sprint_ability;aerobic_capacity,"ordinal evidence-informed retrieval weighting; athlete deficits, schedule, safety and external load may lower or omit a category",repeated_sprint_ability,1.0,maximum_velocity,0.9,acceleration,0.65,deceleration,0.65,reactive_agility,0.6,planned_change_of_direction,0.6,aerobic_capacity,0.6,reactive_elastic_strength,0.4
football,role,fullback_wingback,competition,general_performance,repeated_sprint_ability,maximum_velocity;acceleration;reactive_agility;deceleration;planned_change_of_direction;adductor_capacity;hamstring_capacity;repeated_sprint_ability,"ordinal evidence-informed retrieval weighting; athlete deficits, schedule, safety and external load may lower or omit a category",repeated_sprint_ability,0.85,maximum_velocity,0.8,acceleration,0.5,deceleration,0.5,reactive_agility,0.45,planned_change_of_direction,0.45,adductor_capacity,0.35,hamstring_capacity,0.35
football,role,fullback_wingback,competition,strength_power,repeated_sprint_ability,maximum_velocity;acceleration;reactive_agility;deceleration;planned_change_of_direction;maximum_strength;adductor_capacity;repeated_sprint_ability,"ordinal evidence-informed retrieval weighting; athlete deficits, schedule, safety and external load may lower or omit a category",repeated_sprint_ability,0.85,maximum_velocity,0.8,maximum_strength,0.55,acceleration,0.5,deceleration,0.5,reactive_agility,0.45,planned_change_of_direction,0.45,adductor_capacity,0.35
football,role,fullback_wingback,competition,speed_movement,maximum_velocity,maximum_velocity;acceleration;reactive_agility;deceleration;planned_change_of_direction;reactive_elastic_strength;adductor_capacity;repeated_sprint_ability,"ordinal evidence-informed retrieval weighting; athlete deficits, schedule, safety and external load may lower or omit a category",maximum_velocity,1.0,repeated_sprint_ability,0.85,acceleration,0.8,deceleration,0.75,reactive_agility,0.7,planned_change_of_direction,0.7,reactive_elastic_strength,0.45,adductor_capacity,0.35
football,role,fullback_wingback,competition,conditioning,repeated_sprint_ability,maximum_velocity;acceleration;reactive_agility;deceleration;planned_change_of_direction;adductor_capacity;repeated_sprint_ability;aerobic_capacity,"ordinal evidence-informed retrieval weighting; athlete deficits, schedule, safety and external load may lower or omit a category",repeated_sprint_ability,1.0,maximum_velocity,0.8,aerobic_capacity,0.6,acceleration,0.5,deceleration,0.5,reactive_agility,0.45,planned_change_of_direction,0.45,adductor_capacity,0.35
football,role,fullback_wingback,transition,general_performance,maximum_velocity,maximum_velocity;acceleration;reactive_agility;deceleration;planned_change_of_direction;maximum_strength;repeated_sprint_ability;aerobic_capacity,"ordinal evidence-informed retrieval weighting; athlete deficits, schedule, safety and external load may lower or omit a category",maximum_velocity,0.6,repeated_sprint_ability,0.6,acceleration,0.5,deceleration,0.5,reactive_agility,0.45,planned_change_of_direction,0.45,aerobic_capacity,0.4,maximum_strength,0.35
football,role,fullback_wingback,transition,strength_power,maximum_strength,maximum_velocity;acceleration;reactive_agility;deceleration;planned_change_of_direction;maximum_strength;repeated_sprint_ability;aerobic_capacity,"ordinal evidence-informed retrieval weighting; athlete deficits, schedule, safety and external load may lower or omit a category",maximum_strength,0.65,maximum_velocity,0.6,repeated_sprint_ability,0.6,acceleration,0.5,deceleration,0.5,reactive_agility,0.45,planned_change_of_direction,0.45,aerobic_capacity,0.4
football,role,fullback_wingback,transition,speed_movement,maximum_velocity,maximum_velocity;acceleration;reactive_agility;deceleration;planned_change_of_direction;reactive_elastic_strength;repeated_sprint_ability;aerobic_capacity,"ordinal evidence-informed retrieval weighting; athlete deficits, schedule, safety and external load may lower or omit a category",maximum_velocity,0.9,acceleration,0.8,deceleration,0.75,reactive_agility,0.7,planned_change_of_direction,0.7,repeated_sprint_ability,0.6,reactive_elastic_strength,0.45,aerobic_capacity,0.4
football,role,fullback_wingback,transition,conditioning,repeated_sprint_ability,maximum_velocity;acceleration;reactive_agility;deceleration;planned_change_of_direction;maximum_strength;repeated_sprint_ability;aerobic_capacity,"ordinal evidence-informed retrieval weighting; athlete deficits, schedule, safety and external load may lower or omit a category",repeated_sprint_ability,0.85,aerobic_capacity,0.7,maximum_velocity,0.6,acceleration,0.5,deceleration,0.5,reactive_agility,0.45,planned_change_of_direction,0.45,maximum_strength,0.35
football,role,central_midfielder,general_preparation,general_performance,repeated_sprint_ability,acceleration;reactive_agility;maximum_velocity;deceleration;planned_change_of_direction;maximum_strength;repeated_sprint_ability;aerobic_capacity,"ordinal evidence-informed retrieval weighting; athlete deficits, schedule, safety and external load may lower or omit a category",repeated_sprint_ability,0.75,aerobic_capacity,0.65,acceleration,0.5,deceleration,0.5,maximum_strength,0.5,reactive_agility,0.45,planned_change_of_direction,0.45,maximum_velocity,0.4
football,role,central_midfielder,general_preparation,strength_power,maximum_strength,acceleration;reactive_agility;maximum_velocity;deceleration;planned_change_of_direction;maximum_strength;repeated_sprint_ability;aerobic_capacity,"ordinal evidence-informed retrieval weighting; athlete deficits, schedule, safety and external load may lower or omit a category",maximum_strength,0.8,repeated_sprint_ability,0.75,aerobic_capacity,0.65,acceleration,0.5,deceleration,0.5,reactive_agility,0.45,planned_change_of_direction,0.45,maximum_velocity,0.4
football,role,central_midfielder,general_preparation,speed_movement,acceleration,acceleration;maximum_velocity;reactive_agility;deceleration;planned_change_of_direction;maximum_strength;repeated_sprint_ability;aerobic_capacity,"ordinal evidence-informed retrieval weighting; athlete deficits, schedule, safety and external load may lower or omit a category",acceleration,0.8,deceleration,0.75,repeated_sprint_ability,0.75,maximum_velocity,0.7,reactive_agility,0.7,planned_change_of_direction,0.7,aerobic_capacity,0.65,maximum_strength,0.5
football,role,central_midfielder,general_preparation,conditioning,repeated_sprint_ability,acceleration;reactive_agility;deceleration;planned_change_of_direction;maximum_strength;repeated_sprint_ability;aerobic_capacity;threshold_capacity,"ordinal evidence-informed retrieval weighting; athlete deficits, schedule, safety and external load may lower or omit a category",repeated_sprint_ability,1.0,aerobic_capacity,0.95,threshold_capacity,0.6,acceleration,0.5,deceleration,0.5,maximum_strength,0.5,reactive_agility,0.45,planned_change_of_direction,0.45
football,role,central_midfielder,specific_preparation,general_performance,repeated_sprint_ability,acceleration;reactive_agility;maximum_velocity;deceleration;planned_change_of_direction;reactive_elastic_strength;repeated_sprint_ability;aerobic_capacity,"ordinal evidence-informed retrieval weighting; athlete deficits, schedule, safety and external load may lower or omit a category",repeated_sprint_ability,0.85,acceleration,0.65,deceleration,0.65,reactive_agility,0.6,planned_change_of_direction,0.6,maximum_velocity,0.5,aerobic_capacity,0.5,reactive_elastic_strength,0.4
football,role,central_midfielder,specific_preparation,strength_power,repeated_sprint_ability,acceleration;reactive_agility;maximum_velocity;deceleration;planned_change_of_direction;maximum_strength;repeated_sprint_ability;aerobic_capacity,"ordinal evidence-informed retrieval weighting; athlete deficits, schedule, safety and external load may lower or omit a category",repeated_sprint_ability,0.85,acceleration,0.65,deceleration,0.65,maximum_strength,0.65,reactive_agility,0.6,planned_change_of_direction,0.6,maximum_velocity,0.5,aerobic_capacity,0.5
football,role,central_midfielder,specific_preparation,speed_movement,acceleration,acceleration;reactive_agility;maximum_velocity;deceleration;planned_change_of_direction;reactive_elastic_strength;repeated_sprint_ability;aerobic_capacity,"ordinal evidence-informed retrieval weighting; athlete deficits, schedule, safety and external load may lower or omit a category",acceleration,0.95,deceleration,0.9,reactive_agility,0.85,planned_change_of_direction,0.85,repeated_sprint_ability,0.85,maximum_velocity,0.8,reactive_elastic_strength,0.55,aerobic_capacity,0.5
football,role,central_midfielder,specific_preparation,conditioning,repeated_sprint_ability,acceleration;reactive_agility;maximum_velocity;deceleration;planned_change_of_direction;repeated_sprint_ability;aerobic_capacity;threshold_capacity,"ordinal evidence-informed retrieval weighting; athlete deficits, schedule, safety and external load may lower or omit a category",repeated_sprint_ability,1.0,aerobic_capacity,0.8,acceleration,0.65,deceleration,0.65,reactive_agility,0.6,planned_change_of_direction,0.6,threshold_capacity,0.6,maximum_velocity,0.5
football,role,central_midfielder,competition,general_performance,repeated_sprint_ability,acceleration;reactive_agility;maximum_velocity;deceleration;planned_change_of_direction;adductor_capacity;repeated_sprint_ability;aerobic_capacity,"ordinal evidence-informed retrieval weighting; athlete deficits, schedule, safety and external load may lower or omit a category",repeated_sprint_ability,0.75,acceleration,0.5,deceleration,0.5,aerobic_capacity,0.5,reactive_agility,0.45,planned_change_of_direction,0.45,maximum_velocity,0.4,adductor_capacity,0.35
football,role,central_midfielder,competition,strength_power,repeated_sprint_ability,acceleration;reactive_agility;maximum_velocity;deceleration;planned_change_of_direction;maximum_strength;repeated_sprint_ability;aerobic_capacity,"ordinal evidence-informed retrieval weighting; athlete deficits, schedule, safety and external load may lower or omit a category",repeated_sprint_ability,0.75,maximum_strength,0.55,acceleration,0.5,deceleration,0.5,aerobic_capacity,0.5,reactive_agility,0.45,planned_change_of_direction,0.45,maximum_velocity,0.4
football,role,central_midfielder,competition,speed_movement,acceleration,acceleration;maximum_velocity;reactive_agility;deceleration;planned_change_of_direction;reactive_elastic_strength;repeated_sprint_ability;aerobic_capacity,"ordinal evidence-informed retrieval weighting; athlete deficits, schedule, safety and external load may lower or omit a category",acceleration,0.8,deceleration,0.75,repeated_sprint_ability,0.75,maximum_velocity,0.7,reactive_agility,0.7,planned_change_of_direction,0.7,aerobic_capacity,0.5,reactive_elastic_strength,0.45
football,role,central_midfielder,competition,conditioning,repeated_sprint_ability,acceleration;reactive_agility;maximum_velocity;deceleration;planned_change_of_direction;repeated_sprint_ability;aerobic_capacity;threshold_capacity,"ordinal evidence-informed retrieval weighting; athlete deficits, schedule, safety and external load may lower or omit a category",repeated_sprint_ability,1.0,aerobic_capacity,0.8,threshold_capacity,0.6,acceleration,0.5,deceleration,0.5,reactive_agility,0.45,planned_change_of_direction,0.45,maximum_velocity,0.4
football,role,central_midfielder,transition,general_performance,aerobic_capacity,acceleration;reactive_agility;deceleration;planned_change_of_direction;maximum_strength;adductor_capacity;aerobic_capacity;repeated_sprint_ability,"ordinal evidence-informed retrieval weighting; athlete deficits, schedule, safety and external load may lower or omit a category",aerobic_capacity,0.6,acceleration,0.5,deceleration,0.5,repeated_sprint_ability,0.5,reactive_agility,0.45,planned_change_of_direction,0.45,maximum_strength,0.35,adductor_capacity,0.35
football,role,central_midfielder,transition,strength_power,maximum_strength,acceleration;reactive_agility;deceleration;planned_change_of_direction;maximum_strength;adductor_capacity;aerobic_capacity;repeated_sprint_ability,"ordinal evidence-informed retrieval weighting; athlete deficits, schedule, safety and external load may lower or omit a category",maximum_strength,0.65,aerobic_capacity,0.6,acceleration,0.5,deceleration,0.5,repeated_sprint_ability,0.5,reactive_agility,0.45,planned_change_of_direction,0.45,adductor_capacity,0.35
football,role,central_midfielder,transition,speed_movement,acceleration,acceleration;reactive_agility;maximum_velocity;deceleration;planned_change_of_direction;reactive_elastic_strength;aerobic_capacity;repeated_sprint_ability,"ordinal evidence-informed retrieval weighting; athlete deficits, schedule, safety and external load may lower or omit a category",acceleration,0.8,deceleration,0.75,reactive_agility,0.7,planned_change_of_direction,0.7,aerobic_capacity,0.6,maximum_velocity,0.5,repeated_sprint_ability,0.5,reactive_elastic_strength,0.45
football,role,central_midfielder,transition,conditioning,aerobic_capacity,acceleration;reactive_agility;deceleration;planned_change_of_direction;maximum_strength;aerobic_capacity;repeated_sprint_ability;threshold_capacity,"ordinal evidence-informed retrieval weighting; athlete deficits, schedule, safety and external load may lower or omit a category",aerobic_capacity,0.9,repeated_sprint_ability,0.75,threshold_capacity,0.6,acceleration,0.5,deceleration,0.5,reactive_agility,0.45,planned_change_of_direction,0.45,maximum_strength,0.35
football,role,winger,general_preparation,general_performance,acceleration,acceleration;maximum_velocity;reactive_agility;deceleration;planned_change_of_direction;maximum_strength;adductor_capacity;repeated_sprint_ability,"ordinal evidence-informed retrieval weighting; athlete deficits, schedule, safety and external load may lower or omit a category",acceleration,0.9,maximum_velocity,0.9,repeated_sprint_ability,0.75,deceleration,0.5,maximum_strength,0.5,reactive_agility,0.45,planned_change_of_direction,0.45,adductor_capacity,0.4
football,role,winger,general_preparation,strength_power,acceleration,acceleration;maximum_velocity;reactive_agility;deceleration;planned_change_of_direction;maximum_strength;adductor_capacity;repeated_sprint_ability,"ordinal evidence-informed retrieval weighting; athlete deficits, schedule, safety and external load may lower or omit a category",acceleration,0.9,maximum_velocity,0.9,maximum_strength,0.8,repeated_sprint_ability,0.75,deceleration,0.5,reactive_agility,0.45,planned_change_of_direction,0.45,adductor_capacity,0.4
football,role,winger,general_preparation,speed_movement,acceleration,acceleration;maximum_velocity;reactive_agility;deceleration;planned_change_of_direction;reactive_elastic_strength;maximum_strength;repeated_sprint_ability,"ordinal evidence-informed retrieval weighting; athlete deficits, schedule, safety and external load may lower or omit a category",acceleration,1.0,maximum_velocity,1.0,deceleration,0.75,repeated_sprint_ability,0.75,reactive_agility,0.7,planned_change_of_direction,0.7,maximum_strength,0.5,reactive_elastic_strength,0.45
football,role,winger,general_preparation,conditioning,repeated_sprint_ability,acceleration;maximum_velocity;reactive_agility;deceleration;planned_change_of_direction;maximum_strength;adductor_capacity;repeated_sprint_ability,"ordinal evidence-informed retrieval weighting; athlete deficits, schedule, safety and external load may lower or omit a category",repeated_sprint_ability,1.0,acceleration,0.9,maximum_velocity,0.9,deceleration,0.5,maximum_strength,0.5,reactive_agility,0.45,planned_change_of_direction,0.45,adductor_capacity,0.4
football,role,winger,specific_preparation,general_performance,acceleration,acceleration;maximum_velocity;reactive_agility;deceleration;planned_change_of_direction;reactive_elastic_strength;maximum_strength;repeated_sprint_ability,"ordinal evidence-informed retrieval weighting; athlete deficits, schedule, safety and external load may lower or omit a category",acceleration,1.0,maximum_velocity,1.0,repeated_sprint_ability,0.85,deceleration,0.65,reactive_agility,0.6,planned_change_of_direction,0.6,reactive_elastic_strength,0.4,maximum_strength,0.35
football,role,winger,specific_preparation,strength_power,acceleration,acceleration;maximum_velocity;reactive_agility;deceleration;planned_change_of_direction;reactive_elastic_strength;maximum_strength;repeated_sprint_ability,"ordinal evidence-informed retrieval weighting; athlete deficits, schedule, safety and external load may lower or omit a category",acceleration,1.0,maximum_velocity,1.0,repeated_sprint_ability,0.85,deceleration,0.65,maximum_strength,0.65,reactive_agility,0.6,planned_change_of_direction,0.6,reactive_elastic_strength,0.4
football,role,winger,specific_preparation,speed_movement,acceleration,acceleration;maximum_velocity;reactive_agility;deceleration;planned_change_of_direction;reactive_elastic_strength;maximum_strength;repeated_sprint_ability,"ordinal evidence-informed retrieval weighting; athlete deficits, schedule, safety and external load may lower or omit a category",acceleration,1.0,maximum_velocity,1.0,deceleration,0.9,reactive_agility,0.85,planned_change_of_direction,0.85,repeated_sprint_ability,0.85,reactive_elastic_strength,0.55,maximum_strength,0.35
football,role,winger,specific_preparation,conditioning,repeated_sprint_ability,acceleration;maximum_velocity;reactive_agility;deceleration;planned_change_of_direction;reactive_elastic_strength;maximum_strength;repeated_sprint_ability,"ordinal evidence-informed retrieval weighting; athlete deficits, schedule, safety and external load may lower or omit a category",repeated_sprint_ability,1.0,acceleration,1.0,maximum_velocity,1.0,deceleration,0.65,reactive_agility,0.6,planned_change_of_direction,0.6,reactive_elastic_strength,0.4,maximum_strength,0.35
football,role,winger,competition,general_performance,acceleration,acceleration;maximum_velocity;reactive_agility;deceleration;planned_change_of_direction;adductor_capacity;hamstring_capacity;repeated_sprint_ability,"ordinal evidence-informed retrieval weighting; athlete deficits, schedule, safety and external load may lower or omit a category",acceleration,0.9,maximum_velocity,0.9,repeated_sprint_ability,0.75,deceleration,0.5,reactive_agility,0.45,planned_change_of_direction,0.45,adductor_capacity,0.35,hamstring_capacity,0.35
football,role,winger,competition,strength_power,acceleration,acceleration;maximum_velocity;reactive_agility;deceleration;planned_change_of_direction;maximum_strength;adductor_capacity;repeated_sprint_ability,"ordinal evidence-informed retrieval weighting; athlete deficits, schedule, safety and external load may lower or omit a category",acceleration,0.9,maximum_velocity,0.9,repeated_sprint_ability,0.75,maximum_strength,0.55,deceleration,0.5,reactive_agility,0.45,planned_change_of_direction,0.45,adductor_capacity,0.35
football,role,winger,competition,speed_movement,acceleration,acceleration;maximum_velocity;reactive_agility;deceleration;planned_change_of_direction;reactive_elastic_strength;adductor_capacity;repeated_sprint_ability,"ordinal evidence-informed retrieval weighting; athlete deficits, schedule, safety and external load may lower or omit a category",acceleration,1.0,maximum_velocity,1.0,deceleration,0.75,repeated_sprint_ability,0.75,reactive_agility,0.7,planned_change_of_direction,0.7,reactive_elastic_strength,0.45,adductor_capacity,0.35
football,role,winger,competition,conditioning,repeated_sprint_ability,acceleration;maximum_velocity;reactive_agility;deceleration;planned_change_of_direction;adductor_capacity;hamstring_capacity;repeated_sprint_ability,"ordinal evidence-informed retrieval weighting; athlete deficits, schedule, safety and external load may lower or omit a category",repeated_sprint_ability,1.0,acceleration,0.9,maximum_velocity,0.9,deceleration,0.5,reactive_agility,0.45,planned_change_of_direction,0.45,adductor_capacity,0.35,hamstring_capacity,0.35
football,role,winger,transition,general_performance,acceleration,acceleration;maximum_velocity;reactive_agility;deceleration;planned_change_of_direction;maximum_strength;adductor_capacity;repeated_sprint_ability,"ordinal evidence-informed retrieval weighting; athlete deficits, schedule, safety and external load may lower or omit a category",acceleration,0.9,maximum_velocity,0.7,deceleration,0.5,repeated_sprint_ability,0.5,reactive_agility,0.45,planned_change_of_direction,0.45,maximum_strength,0.35,adductor_capacity,0.35
football,role,winger,transition,strength_power,acceleration,acceleration;maximum_velocity;reactive_agility;deceleration;planned_change_of_direction;maximum_strength;adductor_capacity;repeated_sprint_ability,"ordinal evidence-informed retrieval weighting; athlete deficits, schedule, safety and external load may lower or omit a category",acceleration,0.9,maximum_velocity,0.7,maximum_strength,0.65,deceleration,0.5,repeated_sprint_ability,0.5,reactive_agility,0.45,planned_change_of_direction,0.45,adductor_capacity,0.35
football,role,winger,transition,speed_movement,acceleration,acceleration;maximum_velocity;reactive_agility;deceleration;planned_change_of_direction;reactive_elastic_strength;maximum_strength;repeated_sprint_ability,"ordinal evidence-informed retrieval weighting; athlete deficits, schedule, safety and external load may lower or omit a category",acceleration,1.0,maximum_velocity,1.0,deceleration,0.75,reactive_agility,0.7,planned_change_of_direction,0.7,repeated_sprint_ability,0.5,reactive_elastic_strength,0.45,maximum_strength,0.35
football,role,winger,transition,conditioning,acceleration,acceleration;maximum_velocity;reactive_agility;deceleration;planned_change_of_direction;maximum_strength;adductor_capacity;repeated_sprint_ability,"ordinal evidence-informed retrieval weighting; athlete deficits, schedule, safety and external load may lower or omit a category",acceleration,0.9,repeated_sprint_ability,0.75,maximum_velocity,0.7,deceleration,0.5,reactive_agility,0.45,planned_change_of_direction,0.45,maximum_strength,0.35,adductor_capacity,0.35
football,role,striker,general_preparation,general_performance,acceleration,acceleration;reactive_agility;maximum_velocity;deceleration;planned_change_of_direction;maximum_strength;adductor_capacity;repeated_sprint_ability,"ordinal evidence-informed retrieval weighting; athlete deficits, schedule, safety and external load may lower or omit a category",acceleration,0.5,deceleration,0.5,maximum_strength,0.5,reactive_agility,0.45,planned_change_of_direction,0.45,repeated_sprint_ability,0.45,maximum_velocity,0.4,adductor_capacity,0.4
football,role,striker,general_preparation,strength_power,maximum_strength,acceleration;reactive_agility;maximum_velocity;deceleration;planned_change_of_direction;maximum_strength;adductor_capacity;repeated_sprint_ability,"ordinal evidence-informed retrieval weighting; athlete deficits, schedule, safety and external load may lower or omit a category",maximum_strength,0.8,acceleration,0.5,deceleration,0.5,reactive_agility,0.45,planned_change_of_direction,0.45,repeated_sprint_ability,0.45,maximum_velocity,0.4,adductor_capacity,0.4
football,role,striker,general_preparation,speed_movement,acceleration,acceleration;maximum_velocity;reactive_agility;deceleration;planned_change_of_direction;reactive_elastic_strength;maximum_strength;repeated_sprint_ability,"ordinal evidence-informed retrieval weighting; athlete deficits, schedule, safety and external load may lower or omit a category",acceleration,0.8,deceleration,0.75,maximum_velocity,0.7,reactive_agility,0.7,planned_change_of_direction,0.7,maximum_strength,0.5,reactive_elastic_strength,0.45,repeated_sprint_ability,0.45
football,role,striker,general_preparation,conditioning,repeated_sprint_ability,acceleration;reactive_agility;maximum_velocity;deceleration;planned_change_of_direction;maximum_strength;adductor_capacity;repeated_sprint_ability,"ordinal evidence-informed retrieval weighting; athlete deficits, schedule, safety and external load may lower or omit a category",repeated_sprint_ability,0.7,acceleration,0.5,deceleration,0.5,maximum_strength,0.5,reactive_agility,0.45,planned_change_of_direction,0.45,maximum_velocity,0.4,adductor_capacity,0.4
football,role,striker,specific_preparation,general_performance,acceleration,acceleration;reactive_agility;maximum_velocity;deceleration;planned_change_of_direction;reactive_elastic_strength;maximum_strength;repeated_sprint_ability,"ordinal evidence-informed retrieval weighting; athlete deficits, schedule, safety and external load may lower or omit a category",acceleration,0.65,deceleration,0.65,reactive_agility,0.6,planned_change_of_direction,0.6,repeated_sprint_ability,0.55,maximum_velocity,0.5,reactive_elastic_strength,0.4,maximum_strength,0.35
football,role,striker,specific_preparation,strength_power,acceleration,acceleration;reactive_agility;maximum_velocity;deceleration;planned_change_of_direction;reactive_elastic_strength;maximum_strength;repeated_sprint_ability,"ordinal evidence-informed retrieval weighting; athlete deficits, schedule, safety and external load may lower or omit a category",acceleration,0.65,deceleration,0.65,maximum_strength,0.65,reactive_agility,0.6,planned_change_of_direction,0.6,repeated_sprint_ability,0.55,maximum_velocity,0.5,reactive_elastic_strength,0.4
football,role,striker,specific_preparation,speed_movement,acceleration,acceleration;reactive_agility;maximum_velocity;deceleration;planned_change_of_direction;reactive_elastic_strength;maximum_strength;repeated_sprint_ability,"ordinal evidence-informed retrieval weighting; athlete deficits, schedule, safety and external load may lower or omit a category",acceleration,0.95,deceleration,0.9,reactive_agility,0.85,planned_change_of_direction,0.85,maximum_velocity,0.8,reactive_elastic_strength,0.55,repeated_sprint_ability,0.55,maximum_strength,0.35
football,role,striker,specific_preparation,conditioning,repeated_sprint_ability,acceleration;reactive_agility;maximum_velocity;deceleration;planned_change_of_direction;reactive_elastic_strength;maximum_strength;repeated_sprint_ability,"ordinal evidence-informed retrieval weighting; athlete deficits, schedule, safety and external load may lower or omit a category",repeated_sprint_ability,0.8,acceleration,0.65,deceleration,0.65,reactive_agility,0.6,planned_change_of_direction,0.6,maximum_velocity,0.5,reactive_elastic_strength,0.4,maximum_strength,0.35
football,role,striker,competition,general_performance,acceleration,acceleration;reactive_agility;maximum_velocity;deceleration;planned_change_of_direction;adductor_capacity;hamstring_capacity;repeated_sprint_ability,"ordinal evidence-informed retrieval weighting; athlete deficits, schedule, safety and external load may lower or omit a category",acceleration,0.5,deceleration,0.5,reactive_agility,0.45,planned_change_of_direction,0.45,repeated_sprint_ability,0.45,maximum_velocity,0.4,adductor_capacity,0.35,hamstring_capacity,0.35
football,role,striker,competition,strength_power,maximum_strength,acceleration;reactive_agility;maximum_velocity;deceleration;planned_change_of_direction;maximum_strength;adductor_capacity;repeated_sprint_ability,"ordinal evidence-informed retrieval weighting; athlete deficits, schedule, safety and external load may lower or omit a category",maximum_strength,0.55,acceleration,0.5,deceleration,0.5,reactive_agility,0.45,planned_change_of_direction,0.45,repeated_sprint_ability,0.45,maximum_velocity,0.4,adductor_capacity,0.35
football,role,striker,competition,speed_movement,acceleration,acceleration;maximum_velocity;reactive_agility;deceleration;planned_change_of_direction;reactive_elastic_strength;adductor_capacity;repeated_sprint_ability,"ordinal evidence-informed retrieval weighting; athlete deficits, schedule, safety and external load may lower or omit a category",acceleration,0.8,deceleration,0.75,maximum_velocity,0.7,reactive_agility,0.7,planned_change_of_direction,0.7,reactive_elastic_strength,0.45,repeated_sprint_ability,0.45,adductor_capacity,0.35
football,role,striker,competition,conditioning,repeated_sprint_ability,acceleration;reactive_agility;maximum_velocity;deceleration;planned_change_of_direction;adductor_capacity;hamstring_capacity;repeated_sprint_ability,"ordinal evidence-informed retrieval weighting; athlete deficits, schedule, safety and external load may lower or omit a category",repeated_sprint_ability,0.7,acceleration,0.5,deceleration,0.5,reactive_agility,0.45,planned_change_of_direction,0.45,maximum_velocity,0.4,adductor_capacity,0.35,hamstring_capacity,0.35
football,role,striker,transition,general_performance,acceleration,acceleration;reactive_agility;deceleration;planned_change_of_direction;reactive_elastic_strength;maximum_strength;adductor_capacity;hamstring_capacity,"ordinal evidence-informed retrieval weighting; athlete deficits, schedule, safety and external load may lower or omit a category",acceleration,0.5,deceleration,0.5,reactive_agility,0.45,planned_change_of_direction,0.45,maximum_strength,0.35,adductor_capacity,0.35,hamstring_capacity,0.35,reactive_elastic_strength,0.3
football,role,striker,transition,strength_power,maximum_strength,acceleration;reactive_agility;deceleration;planned_change_of_direction;reactive_elastic_strength;maximum_strength;adductor_capacity;hamstring_capacity,"ordinal evidence-informed retrieval weighting; athlete deficits, schedule, safety and external load may lower or omit a category",maximum_strength,0.65,acceleration,0.5,deceleration,0.5,reactive_agility,0.45,planned_change_of_direction,0.45,adductor_capacity,0.35,hamstring_capacity,0.35,reactive_elastic_strength,0.3
football,role,striker,transition,speed_movement,acceleration,acceleration;reactive_agility;maximum_velocity;deceleration;planned_change_of_direction;reactive_elastic_strength;maximum_strength;adductor_capacity,"ordinal evidence-informed retrieval weighting; athlete deficits, schedule, safety and external load may lower or omit a category",acceleration,0.8,deceleration,0.75,reactive_agility,0.7,planned_change_of_direction,0.7,maximum_velocity,0.5,reactive_elastic_strength,0.45,maximum_strength,0.35,adductor_capacity,0.35
football,role,striker,transition,conditioning,acceleration,acceleration;reactive_agility;deceleration;planned_change_of_direction;maximum_strength;adductor_capacity;hamstring_capacity;repeated_sprint_ability,"ordinal evidence-informed retrieval weighting; athlete deficits, schedule, safety and external load may lower or omit a category",acceleration,0.5,deceleration,0.5,reactive_agility,0.45,planned_change_of_direction,0.45,repeated_sprint_ability,0.45,maximum_strength,0.35,adductor_capacity,0.35,hamstring_capacity,0.35
cricket,role,batter,general_preparation,general_performance,rotational_power,acceleration;rotational_power;maximum_strength;trunk_force_transfer;shoulder_capacity;hamstring_capacity;aerobic_capacity;repeated_high_intensity_ability,"ordinal evidence-informed retrieval weighting; athlete deficits, schedule, safety and external load may lower or omit a category",rotational_power,0.95,acceleration,0.65,maximum_strength,0.5,trunk_force_transfer,0.45,shoulder_capacity,0.4,aerobic_capacity,0.4,hamstring_capacity,0.3,repeated_high_intensity_ability,0.3
cricket,role,batter,general_preparation,strength_power,rotational_power,acceleration;rotational_power;maximum_strength;trunk_force_transfer;shoulder_capacity;hamstring_capacity;aerobic_capacity;repeated_high_intensity_ability,"ordinal evidence-informed retrieval weighting; athlete deficits, schedule, safety and external load may lower or omit a category",rotational_power,1.0,maximum_strength,0.8,acceleration,0.65,trunk_force_transfer,0.45,shoulder_capacity,0.4,aerobic_capacity,0.4,hamstring_capacity,0.3,repeated_high_intensity_ability,0.3
cricket,role,batter,general_preparation,speed_movement,acceleration,acceleration;reactive_agility;rotational_power;maximum_strength;trunk_force_transfer;shoulder_capacity;hamstring_capacity;aerobic_capacity,"ordinal evidence-informed retrieval weighting; athlete deficits, schedule, safety and external load may lower or omit a category",acceleration,0.95,rotational_power,0.95,maximum_strength,0.5,reactive_agility,0.45,trunk_force_transfer,0.45,shoulder_capacity,0.4,aerobic_capacity,0.4,hamstring_capacity,0.3
cricket,role,batter,general_preparation,conditioning,rotational_power,acceleration;rotational_power;maximum_strength;trunk_force_transfer;shoulder_capacity;hamstring_capacity;aerobic_capacity;repeated_high_intensity_ability,"ordinal evidence-informed retrieval weighting; athlete deficits, schedule, safety and external load may lower or omit a category",rotational_power,0.95,aerobic_capacity,0.7,acceleration,0.65,repeated_high_intensity_ability,0.55,maximum_strength,0.5,trunk_force_transfer,0.45,shoulder_capacity,0.4,hamstring_capacity,0.3
cricket,role,batter,specific_preparation,general_performance,rotational_power,acceleration;reactive_agility;rotational_power;maximum_strength;trunk_force_transfer;shoulder_capacity;hamstring_capacity;repeated_high_intensity_ability,"ordinal evidence-informed retrieval weighting; athlete deficits, schedule, safety and external load may lower or omit a category",rotational_power,1.0,acceleration,0.8,trunk_force_transfer,0.4,repeated_high_intensity_ability,0.4,reactive_agility,0.35,maximum_strength,0.35,shoulder_capacity,0.35,hamstring_capacity,0.25
cricket,role,batter,specific_preparation,strength_power,rotational_power,acceleration;reactive_agility;rotational_power;maximum_strength;trunk_force_transfer;shoulder_capacity;hamstring_capacity;repeated_high_intensity_ability,"ordinal evidence-informed retrieval weighting; athlete deficits, schedule, safety and external load may lower or omit a category",rotational_power,1.0,acceleration,0.8,maximum_strength,0.65,trunk_force_transfer,0.4,repeated_high_intensity_ability,0.4,reactive_agility,0.35,shoulder_capacity,0.35,hamstring_capacity,0.25
cricket,role,batter,specific_preparation,speed_movement,acceleration,acceleration;reactive_agility;rotational_power;maximum_strength;trunk_force_transfer;shoulder_capacity;hamstring_capacity;repeated_high_intensity_ability,"ordinal evidence-informed retrieval weighting; athlete deficits, schedule, safety and external load may lower or omit a category",acceleration,1.0,rotational_power,1.0,reactive_agility,0.6,trunk_force_transfer,0.4,repeated_high_intensity_ability,0.4,maximum_strength,0.35,shoulder_capacity,0.35,hamstring_capacity,0.25
cricket,role,batter,specific_preparation,conditioning,rotational_power,acceleration;reactive_agility;rotational_power;maximum_strength;trunk_force_transfer;shoulder_capacity;repeated_high_intensity_ability;aerobic_capacity,"ordinal evidence-informed retrieval weighting; athlete deficits, schedule, safety and external load may lower or omit a category",rotational_power,1.0,acceleration,0.8,repeated_high_intensity_ability,0.65,aerobic_capacity,0.55,trunk_force_transfer,0.4,reactive_agility,0.35,maximum_strength,0.35,shoulder_capacity,0.35
cricket,role,batter,competition,general_performance,rotational_power,acceleration;rotational_power;maximum_strength;trunk_force_transfer;shoulder_capacity;hamstring_capacity;repeated_high_intensity_ability;aerobic_capacity,"ordinal evidence-informed retrieval weighting; athlete deficits, schedule, safety and external load may lower or omit a category",rotational_power,0.95,acceleration,0.65,trunk_force_transfer,0.4,shoulder_capacity,0.35,repeated_high_intensity_ability,0.3,maximum_strength,0.25,hamstring_capacity,0.25,aerobic_capacity,0.25
cricket,role,batter,competition,strength_power,rotational_power,acceleration;rotational_power;maximum_strength;trunk_force_transfer;shoulder_capacity;hamstring_capacity;repeated_high_intensity_ability;aerobic_capacity,"ordinal evidence-informed retrieval weighting; athlete deficits, schedule, safety and external load may lower or omit a category",rotational_power,1.0,acceleration,0.65,maximum_strength,0.55,trunk_force_transfer,0.4,shoulder_capacity,0.35,repeated_high_intensity_ability,0.3,hamstring_capacity,0.25,aerobic_capacity,0.25
cricket,role,batter,competition,speed_movement,acceleration,acceleration;reactive_agility;rotational_power;maximum_strength;trunk_force_transfer;shoulder_capacity;hamstring_capacity;repeated_high_intensity_ability,"ordinal evidence-informed retrieval weighting; athlete deficits, schedule, safety and external load may lower or omit a category",acceleration,0.95,rotational_power,0.95,reactive_agility,0.45,trunk_force_transfer,0.4,shoulder_capacity,0.35,repeated_high_intensity_ability,0.3,maximum_strength,0.25,hamstring_capacity,0.25
cricket,role,batter,competition,conditioning,rotational_power,acceleration;rotational_power;maximum_strength;trunk_force_transfer;shoulder_capacity;hamstring_capacity;aerobic_capacity;repeated_high_intensity_ability,"ordinal evidence-informed retrieval weighting; athlete deficits, schedule, safety and external load may lower or omit a category",rotational_power,0.95,acceleration,0.65,aerobic_capacity,0.55,repeated_high_intensity_ability,0.55,trunk_force_transfer,0.4,shoulder_capacity,0.35,maximum_strength,0.25,hamstring_capacity,0.25
cricket,role,batter,transition,general_performance,rotational_power,acceleration;rotational_power;maximum_strength;trunk_force_transfer;shoulder_capacity;hamstring_capacity;aerobic_capacity;recovery_management,"ordinal evidence-informed retrieval weighting; athlete deficits, schedule, safety and external load may lower or omit a category",rotational_power,0.95,acceleration,0.65,trunk_force_transfer,0.4,maximum_strength,0.35,shoulder_capacity,0.35,aerobic_capacity,0.35,recovery_management,0.3,hamstring_capacity,0.25
cricket,role,batter,transition,strength_power,rotational_power,acceleration;rotational_power;maximum_strength;trunk_force_transfer;shoulder_capacity;hamstring_capacity;aerobic_capacity;recovery_management,"ordinal evidence-informed retrieval weighting; athlete deficits, schedule, safety and external load may lower or omit a category",rotational_power,1.0,acceleration,0.65,maximum_strength,0.65,trunk_force_transfer,0.4,shoulder_capacity,0.35,aerobic_capacity,0.35,recovery_management,0.3,hamstring_capacity,0.25
cricket,role,batter,transition,speed_movement,acceleration,acceleration;reactive_agility;rotational_power;maximum_strength;trunk_force_transfer;shoulder_capacity;aerobic_capacity;recovery_management,"ordinal evidence-informed retrieval weighting; athlete deficits, schedule, safety and external load may lower or omit a category",acceleration,0.95,rotational_power,0.95,reactive_agility,0.45,trunk_force_transfer,0.4,maximum_strength,0.35,shoulder_capacity,0.35,aerobic_capacity,0.35,recovery_management,0.3
cricket,role,batter,transition,conditioning,rotational_power,acceleration;rotational_power;maximum_strength;trunk_force_transfer;shoulder_capacity;aerobic_capacity;repeated_high_intensity_ability;recovery_management,"ordinal evidence-informed retrieval weighting; athlete deficits, schedule, safety and external load may lower or omit a category",rotational_power,0.95,acceleration,0.65,aerobic_capacity,0.65,trunk_force_transfer,0.4,maximum_strength,0.35,shoulder_capacity,0.35,repeated_high_intensity_ability,0.3,recovery_management,0.3
cricket,role,wicketkeeper,general_preparation,general_performance,reactive_agility,reactive_agility;acceleration;rotational_power;maximum_strength;trunk_force_transfer;shoulder_capacity;local_muscular_endurance;aerobic_capacity,"ordinal evidence-informed retrieval weighting; athlete deficits, schedule, safety and external load may lower or omit a category",reactive_agility,0.5,maximum_strength,0.5,local_muscular_endurance,0.5,rotational_power,0.45,trunk_force_transfer,0.45,shoulder_capacity,0.4,aerobic_capacity,0.4,acceleration,0.35
cricket,role,wicketkeeper,general_preparation,strength_power,maximum_strength,reactive_agility;acceleration;rotational_power;maximum_strength;trunk_force_transfer;shoulder_capacity;local_muscular_endurance;aerobic_capacity,"ordinal evidence-informed retrieval weighting; athlete deficits, schedule, safety and external load may lower or omit a category",maximum_strength,0.8,rotational_power,0.65,reactive_agility,0.5,local_muscular_endurance,0.5,trunk_force_transfer,0.45,shoulder_capacity,0.4,aerobic_capacity,0.4,acceleration,0.35
cricket,role,wicketkeeper,general_preparation,speed_movement,reactive_agility,reactive_agility;acceleration;deceleration;rotational_power;maximum_strength;trunk_force_transfer;shoulder_capacity;local_muscular_endurance,"ordinal evidence-informed retrieval weighting; athlete deficits, schedule, safety and external load may lower or omit a category",reactive_agility,0.75,acceleration,0.65,deceleration,0.55,maximum_strength,0.5,local_muscular_endurance,0.5,rotational_power,0.45,trunk_force_transfer,0.45,shoulder_capacity,0.4
cricket,role,wicketkeeper,general_preparation,conditioning,aerobic_capacity,reactive_agility;rotational_power;maximum_strength;trunk_force_transfer;shoulder_capacity;local_muscular_endurance;aerobic_capacity;repeated_high_intensity_ability,"ordinal evidence-informed retrieval weighting; athlete deficits, schedule, safety and external load may lower or omit a category",aerobic_capacity,0.7,repeated_high_intensity_ability,0.55,reactive_agility,0.5,maximum_strength,0.5,local_muscular_endurance,0.5,rotational_power,0.45,trunk_force_transfer,0.45,shoulder_capacity,0.4
cricket,role,wicketkeeper,specific_preparation,general_performance,reactive_agility,reactive_agility;acceleration;deceleration;rotational_power;maximum_strength;trunk_force_transfer;local_muscular_endurance;repeated_high_intensity_ability,"ordinal evidence-informed retrieval weighting; athlete deficits, schedule, safety and external load may lower or omit a category",reactive_agility,0.65,rotational_power,0.55,acceleration,0.5,deceleration,0.45,trunk_force_transfer,0.4,local_muscular_endurance,0.4,repeated_high_intensity_ability,0.4,maximum_strength,0.35
cricket,role,wicketkeeper,specific_preparation,strength_power,rotational_power,reactive_agility;acceleration;deceleration;rotational_power;maximum_strength;trunk_force_transfer;local_muscular_endurance;repeated_high_intensity_ability,"ordinal evidence-informed retrieval weighting; athlete deficits, schedule, safety and external load may lower or omit a category",rotational_power,0.75,reactive_agility,0.65,maximum_strength,0.65,acceleration,0.5,deceleration,0.45,trunk_force_transfer,0.4,local_muscular_endurance,0.4,repeated_high_intensity_ability,0.4
cricket,role,wicketkeeper,specific_preparation,speed_movement,reactive_agility,reactive_agility;acceleration;deceleration;rotational_power;maximum_strength;trunk_force_transfer;local_muscular_endurance;repeated_high_intensity_ability,"ordinal evidence-informed retrieval weighting; athlete deficits, schedule, safety and external load may lower or omit a category",reactive_agility,0.9,acceleration,0.8,deceleration,0.7,rotational_power,0.55,trunk_force_transfer,0.4,local_muscular_endurance,0.4,repeated_high_intensity_ability,0.4,maximum_strength,0.35
cricket,role,wicketkeeper,specific_preparation,conditioning,reactive_agility,reactive_agility;acceleration;deceleration;rotational_power;trunk_force_transfer;local_muscular_endurance;repeated_high_intensity_ability;aerobic_capacity,"ordinal evidence-informed retrieval weighting; athlete deficits, schedule, safety and external load may lower or omit a category",reactive_agility,0.65,repeated_high_intensity_ability,0.65,rotational_power,0.55,aerobic_capacity,0.55,acceleration,0.5,deceleration,0.45,trunk_force_transfer,0.4,local_muscular_endurance,0.4
cricket,role,wicketkeeper,competition,general_performance,reactive_agility,reactive_agility;acceleration;deceleration;rotational_power;trunk_force_transfer;shoulder_capacity;local_muscular_endurance;repeated_high_intensity_ability,"ordinal evidence-informed retrieval weighting; athlete deficits, schedule, safety and external load may lower or omit a category",reactive_agility,0.5,rotational_power,0.45,trunk_force_transfer,0.4,acceleration,0.35,shoulder_capacity,0.35,deceleration,0.3,local_muscular_endurance,0.3,repeated_high_intensity_ability,0.3
cricket,role,wicketkeeper,competition,strength_power,rotational_power,reactive_agility;acceleration;deceleration;rotational_power;maximum_strength;trunk_force_transfer;shoulder_capacity;local_muscular_endurance,"ordinal evidence-informed retrieval weighting; athlete deficits, schedule, safety and external load may lower or omit a category",rotational_power,0.65,maximum_strength,0.55,reactive_agility,0.5,trunk_force_transfer,0.4,acceleration,0.35,shoulder_capacity,0.35,deceleration,0.3,local_muscular_endurance,0.3
cricket,role,wicketkeeper,competition,speed_movement,reactive_agility,reactive_agility;acceleration;deceleration;rotational_power;trunk_force_transfer;shoulder_capacity;local_muscular_endurance;repeated_high_intensity_ability,"ordinal evidence-informed retrieval weighting; athlete deficits, schedule, safety and external load may lower or omit a category",reactive_agility,0.75,acceleration,0.65,deceleration,0.55,rotational_power,0.45,trunk_force_transfer,0.4,shoulder_capacity,0.35,local_muscular_endurance,0.3,repeated_high_intensity_ability,0.3
cricket,role,wicketkeeper,competition,conditioning,aerobic_capacity,reactive_agility;acceleration;deceleration;rotational_power;trunk_force_transfer;shoulder_capacity;aerobic_capacity;repeated_high_intensity_ability,"ordinal evidence-informed retrieval weighting; athlete deficits, schedule, safety and external load may lower or omit a category",aerobic_capacity,0.55,repeated_high_intensity_ability,0.55,reactive_agility,0.5,rotational_power,0.45,trunk_force_transfer,0.4,acceleration,0.35,shoulder_capacity,0.35,deceleration,0.3
cricket,role,wicketkeeper,transition,general_performance,reactive_agility,reactive_agility;acceleration;rotational_power;maximum_strength;trunk_force_transfer;shoulder_capacity;local_muscular_endurance;aerobic_capacity,"ordinal evidence-informed retrieval weighting; athlete deficits, schedule, safety and external load may lower or omit a category",reactive_agility,0.5,rotational_power,0.45,trunk_force_transfer,0.4,local_muscular_endurance,0.4,acceleration,0.35,maximum_strength,0.35,shoulder_capacity,0.35,aerobic_capacity,0.35
cricket,role,wicketkeeper,transition,strength_power,rotational_power,reactive_agility;acceleration;rotational_power;maximum_strength;trunk_force_transfer;shoulder_capacity;local_muscular_endurance;aerobic_capacity,"ordinal evidence-informed retrieval weighting; athlete deficits, schedule, safety and external load may lower or omit a category",rotational_power,0.65,maximum_strength,0.65,reactive_agility,0.5,trunk_force_transfer,0.4,local_muscular_endurance,0.4,acceleration,0.35,shoulder_capacity,0.35,aerobic_capacity,0.35
cricket,role,wicketkeeper,transition,speed_movement,reactive_agility,reactive_agility;acceleration;deceleration;rotational_power;maximum_strength;trunk_force_transfer;shoulder_capacity;local_muscular_endurance,"ordinal evidence-informed retrieval weighting; athlete deficits, schedule, safety and external load may lower or omit a category",reactive_agility,0.75,acceleration,0.65,deceleration,0.55,rotational_power,0.45,trunk_force_transfer,0.4,local_muscular_endurance,0.4,maximum_strength,0.35,shoulder_capacity,0.35
cricket,role,wicketkeeper,transition,conditioning,aerobic_capacity,reactive_agility;acceleration;rotational_power;maximum_strength;trunk_force_transfer;shoulder_capacity;local_muscular_endurance;aerobic_capacity,"ordinal evidence-informed retrieval weighting; athlete deficits, schedule, safety and external load may lower or omit a category",aerobic_capacity,0.65,reactive_agility,0.5,rotational_power,0.45,trunk_force_transfer,0.4,local_muscular_endurance,0.4,acceleration,0.35,maximum_strength,0.35,shoulder_capacity,0.35
cricket,role,pace_bowler,general_preparation,general_performance,hamstring_capacity,rotational_power;maximum_strength;hamstring_capacity;trunk_force_transfer;shoulder_capacity;calf_soleus_capacity;aerobic_capacity;speed_endurance,"ordinal evidence-informed retrieval weighting; athlete deficits, schedule, safety and external load may lower or omit a category",hamstring_capacity,0.8,trunk_force_transfer,0.75,shoulder_capacity,0.7,aerobic_capacity,0.7,maximum_strength,0.5,rotational_power,0.45,calf_soleus_capacity,0.45,speed_endurance,0.4
cricket,role,pace_bowler,general_preparation,strength_power,maximum_strength,rotational_power;maximum_strength;hamstring_capacity;trunk_force_transfer;shoulder_capacity;calf_soleus_capacity;aerobic_capacity;speed_endurance,"ordinal evidence-informed retrieval weighting; athlete deficits, schedule, safety and external load may lower or omit a category",maximum_strength,0.8,hamstring_capacity,0.8,trunk_force_transfer,0.75,shoulder_capacity,0.7,aerobic_capacity,0.7,rotational_power,0.65,calf_soleus_capacity,0.45,speed_endurance,0.4
cricket,role,pace_bowler,general_preparation,speed_movement,hamstring_capacity,acceleration;rotational_power;maximum_strength;hamstring_capacity;trunk_force_transfer;shoulder_capacity;aerobic_capacity;speed_endurance,"ordinal evidence-informed retrieval weighting; athlete deficits, schedule, safety and external load may lower or omit a category",hamstring_capacity,0.8,trunk_force_transfer,0.75,shoulder_capacity,0.7,aerobic_capacity,0.7,acceleration,0.65,speed_endurance,0.6,maximum_strength,0.5,rotational_power,0.45
cricket,role,pace_bowler,general_preparation,conditioning,aerobic_capacity,rotational_power;maximum_strength;hamstring_capacity;trunk_force_transfer;shoulder_capacity;calf_soleus_capacity;aerobic_capacity;repeated_high_intensity_ability,"ordinal evidence-informed retrieval weighting; athlete deficits, schedule, safety and external load may lower or omit a category",aerobic_capacity,1.0,hamstring_capacity,0.8,trunk_force_transfer,0.75,shoulder_capacity,0.7,repeated_high_intensity_ability,0.55,maximum_strength,0.5,rotational_power,0.45,calf_soleus_capacity,0.45
cricket,role,pace_bowler,specific_preparation,general_performance,hamstring_capacity,acceleration;rotational_power;hamstring_capacity;trunk_force_transfer;shoulder_capacity;calf_soleus_capacity;aerobic_capacity;speed_endurance,"ordinal evidence-informed retrieval weighting; athlete deficits, schedule, safety and external load may lower or omit a category",hamstring_capacity,0.75,trunk_force_transfer,0.7,shoulder_capacity,0.65,rotational_power,0.55,aerobic_capacity,0.55,acceleration,0.5,speed_endurance,0.5,calf_soleus_capacity,0.4
cricket,role,pace_bowler,specific_preparation,strength_power,rotational_power,acceleration;rotational_power;maximum_strength;hamstring_capacity;trunk_force_transfer;shoulder_capacity;aerobic_capacity;speed_endurance,"ordinal evidence-informed retrieval weighting; athlete deficits, schedule, safety and external load may lower or omit a category",rotational_power,0.75,hamstring_capacity,0.75,trunk_force_transfer,0.7,maximum_strength,0.65,shoulder_capacity,0.65,aerobic_capacity,0.55,acceleration,0.5,speed_endurance,0.5
cricket,role,pace_bowler,specific_preparation,speed_movement,acceleration,acceleration;rotational_power;hamstring_capacity;trunk_force_transfer;shoulder_capacity;calf_soleus_capacity;speed_endurance;aerobic_capacity,"ordinal evidence-informed retrieval weighting; athlete deficits, schedule, safety and external load may lower or omit a category",acceleration,0.8,hamstring_capacity,0.75,trunk_force_transfer,0.7,speed_endurance,0.7,shoulder_capacity,0.65,rotational_power,0.55,aerobic_capacity,0.55,calf_soleus_capacity,0.4
cricket,role,pace_bowler,specific_preparation,conditioning,aerobic_capacity,acceleration;rotational_power;hamstring_capacity;trunk_force_transfer;shoulder_capacity;aerobic_capacity;repeated_high_intensity_ability;speed_endurance,"ordinal evidence-informed retrieval weighting; athlete deficits, schedule, safety and external load may lower or omit a category",aerobic_capacity,0.85,hamstring_capacity,0.75,trunk_force_transfer,0.7,shoulder_capacity,0.65,repeated_high_intensity_ability,0.65,rotational_power,0.55,acceleration,0.5,speed_endurance,0.5
cricket,role,pace_bowler,competition,general_performance,hamstring_capacity,acceleration;rotational_power;hamstring_capacity;trunk_force_transfer;shoulder_capacity;calf_soleus_capacity;aerobic_capacity;speed_endurance,"ordinal evidence-informed retrieval weighting; athlete deficits, schedule, safety and external load may lower or omit a category",hamstring_capacity,0.75,trunk_force_transfer,0.7,shoulder_capacity,0.65,aerobic_capacity,0.55,rotational_power,0.45,calf_soleus_capacity,0.4,speed_endurance,0.4,acceleration,0.35
cricket,role,pace_bowler,competition,strength_power,hamstring_capacity,rotational_power;maximum_strength;hamstring_capacity;trunk_force_transfer;shoulder_capacity;calf_soleus_capacity;aerobic_capacity;speed_endurance,"ordinal evidence-informed retrieval weighting; athlete deficits, schedule, safety and external load may lower or omit a category",hamstring_capacity,0.75,trunk_force_transfer,0.7,rotational_power,0.65,shoulder_capacity,0.65,maximum_strength,0.55,aerobic_capacity,0.55,calf_soleus_capacity,0.4,speed_endurance,0.4
cricket,role,pace_bowler,competition,speed_movement,hamstring_capacity,acceleration;rotational_power;hamstring_capacity;trunk_force_transfer;shoulder_capacity;calf_soleus_capacity;speed_endurance;aerobic_capacity,"ordinal evidence-informed retrieval weighting; athlete deficits, schedule, safety and external load may lower or omit a category",hamstring_capacity,0.75,trunk_force_transfer,0.7,acceleration,0.65,shoulder_capacity,0.65,speed_endurance,0.6,aerobic_capacity,0.55,rotational_power,0.45,calf_soleus_capacity,0.4
cricket,role,pace_bowler,competition,conditioning,aerobic_capacity,rotational_power;hamstring_capacity;trunk_force_transfer;shoulder_capacity;calf_soleus_capacity;aerobic_capacity;repeated_high_intensity_ability;speed_endurance,"ordinal evidence-informed retrieval weighting; athlete deficits, schedule, safety and external load may lower or omit a category",aerobic_capacity,0.85,hamstring_capacity,0.75,trunk_force_transfer,0.7,shoulder_capacity,0.65,repeated_high_intensity_ability,0.55,rotational_power,0.45,calf_soleus_capacity,0.4,speed_endurance,0.4
cricket,role,pace_bowler,transition,general_performance,hamstring_capacity,acceleration;rotational_power;hamstring_capacity;trunk_force_transfer;shoulder_capacity;calf_soleus_capacity;aerobic_capacity;speed_endurance,"ordinal evidence-informed retrieval weighting; athlete deficits, schedule, safety and external load may lower or omit a category",hamstring_capacity,0.75,trunk_force_transfer,0.7,shoulder_capacity,0.65,aerobic_capacity,0.65,rotational_power,0.45,calf_soleus_capacity,0.4,speed_endurance,0.4,acceleration,0.35
cricket,role,pace_bowler,transition,strength_power,hamstring_capacity,rotational_power;maximum_strength;hamstring_capacity;trunk_force_transfer;shoulder_capacity;calf_soleus_capacity;aerobic_capacity;speed_endurance,"ordinal evidence-informed retrieval weighting; athlete deficits, schedule, safety and external load may lower or omit a category",hamstring_capacity,0.75,trunk_force_transfer,0.7,rotational_power,0.65,maximum_strength,0.65,shoulder_capacity,0.65,aerobic_capacity,0.65,calf_soleus_capacity,0.4,speed_endurance,0.4
cricket,role,pace_bowler,transition,speed_movement,hamstring_capacity,acceleration;rotational_power;hamstring_capacity;trunk_force_transfer;shoulder_capacity;calf_soleus_capacity;aerobic_capacity;speed_endurance,"ordinal evidence-informed retrieval weighting; athlete deficits, schedule, safety and external load may lower or omit a category",hamstring_capacity,0.75,trunk_force_transfer,0.7,acceleration,0.65,shoulder_capacity,0.65,aerobic_capacity,0.65,speed_endurance,0.6,rotational_power,0.45,calf_soleus_capacity,0.4
cricket,role,pace_bowler,transition,conditioning,aerobic_capacity,acceleration;rotational_power;hamstring_capacity;trunk_force_transfer;shoulder_capacity;calf_soleus_capacity;aerobic_capacity;speed_endurance,"ordinal evidence-informed retrieval weighting; athlete deficits, schedule, safety and external load may lower or omit a category",aerobic_capacity,0.95,hamstring_capacity,0.75,trunk_force_transfer,0.7,shoulder_capacity,0.65,rotational_power,0.45,calf_soleus_capacity,0.4,speed_endurance,0.4,acceleration,0.35
cricket,role,spin_bowler,general_preparation,general_performance,rotational_power,acceleration;rotational_power;maximum_strength;trunk_force_transfer;shoulder_capacity;hamstring_capacity;aerobic_capacity;repeated_high_intensity_ability,"ordinal evidence-informed retrieval weighting; athlete deficits, schedule, safety and external load may lower or omit a category",rotational_power,0.85,trunk_force_transfer,0.85,shoulder_capacity,0.7,maximum_strength,0.5,aerobic_capacity,0.4,acceleration,0.35,hamstring_capacity,0.3,repeated_high_intensity_ability,0.3
cricket,role,spin_bowler,general_preparation,strength_power,rotational_power,acceleration;rotational_power;maximum_strength;trunk_force_transfer;shoulder_capacity;hamstring_capacity;aerobic_capacity;repeated_high_intensity_ability,"ordinal evidence-informed retrieval weighting; athlete deficits, schedule, safety and external load may lower or omit a category",rotational_power,1.0,trunk_force_transfer,0.85,maximum_strength,0.8,shoulder_capacity,0.7,aerobic_capacity,0.4,acceleration,0.35,hamstring_capacity,0.3,repeated_high_intensity_ability,0.3
cricket,role,spin_bowler,general_preparation,speed_movement,rotational_power,acceleration;rotational_power;maximum_strength;trunk_force_transfer;shoulder_capacity;hamstring_capacity;aerobic_capacity;repeated_high_intensity_ability,"ordinal evidence-informed retrieval weighting; athlete deficits, schedule, safety and external load may lower or omit a category",rotational_power,0.85,trunk_force_transfer,0.85,shoulder_capacity,0.7,acceleration,0.65,maximum_strength,0.5,aerobic_capacity,0.4,hamstring_capacity,0.3,repeated_high_intensity_ability,0.3
cricket,role,spin_bowler,general_preparation,conditioning,rotational_power,acceleration;rotational_power;maximum_strength;trunk_force_transfer;shoulder_capacity;hamstring_capacity;aerobic_capacity;repeated_high_intensity_ability,"ordinal evidence-informed retrieval weighting; athlete deficits, schedule, safety and external load may lower or omit a category",rotational_power,0.85,trunk_force_transfer,0.85,shoulder_capacity,0.7,aerobic_capacity,0.7,repeated_high_intensity_ability,0.55,maximum_strength,0.5,acceleration,0.35,hamstring_capacity,0.3
cricket,role,spin_bowler,specific_preparation,general_performance,rotational_power,acceleration;rotational_power;maximum_strength;trunk_force_transfer;shoulder_capacity;hamstring_capacity;repeated_high_intensity_ability;aerobic_capacity,"ordinal evidence-informed retrieval weighting; athlete deficits, schedule, safety and external load may lower or omit a category",rotational_power,0.95,trunk_force_transfer,0.8,shoulder_capacity,0.65,acceleration,0.5,repeated_high_intensity_ability,0.4,maximum_strength,0.35,hamstring_capacity,0.25,aerobic_capacity,0.25
cricket,role,spin_bowler,specific_preparation,strength_power,rotational_power,acceleration;rotational_power;maximum_strength;trunk_force_transfer;shoulder_capacity;hamstring_capacity;repeated_high_intensity_ability;aerobic_capacity,"ordinal evidence-informed retrieval weighting; athlete deficits, schedule, safety and external load may lower or omit a category",rotational_power,1.0,trunk_force_transfer,0.8,maximum_strength,0.65,shoulder_capacity,0.65,acceleration,0.5,repeated_high_intensity_ability,0.4,hamstring_capacity,0.25,aerobic_capacity,0.25
cricket,role,spin_bowler,specific_preparation,speed_movement,rotational_power,acceleration;rotational_power;maximum_strength;trunk_force_transfer;shoulder_capacity;hamstring_capacity;repeated_high_intensity_ability;aerobic_capacity,"ordinal evidence-informed retrieval weighting; athlete deficits, schedule, safety and external load may lower or omit a category",rotational_power,0.95,acceleration,0.8,trunk_force_transfer,0.8,shoulder_capacity,0.65,repeated_high_intensity_ability,0.4,maximum_strength,0.35,hamstring_capacity,0.25,aerobic_capacity,0.25
cricket,role,spin_bowler,specific_preparation,conditioning,rotational_power,acceleration;rotational_power;maximum_strength;trunk_force_transfer;shoulder_capacity;hamstring_capacity;repeated_high_intensity_ability;aerobic_capacity,"ordinal evidence-informed retrieval weighting; athlete deficits, schedule, safety and external load may lower or omit a category",rotational_power,0.95,trunk_force_transfer,0.8,shoulder_capacity,0.65,repeated_high_intensity_ability,0.65,aerobic_capacity,0.55,acceleration,0.5,maximum_strength,0.35,hamstring_capacity,0.25
cricket,role,spin_bowler,competition,general_performance,rotational_power,acceleration;rotational_power;maximum_strength;trunk_force_transfer;shoulder_capacity;hamstring_capacity;repeated_high_intensity_ability;aerobic_capacity,"ordinal evidence-informed retrieval weighting; athlete deficits, schedule, safety and external load may lower or omit a category",rotational_power,0.85,trunk_force_transfer,0.8,shoulder_capacity,0.65,acceleration,0.35,repeated_high_intensity_ability,0.3,maximum_strength,0.25,hamstring_capacity,0.25,aerobic_capacity,0.25
cricket,role,spin_bowler,competition,strength_power,rotational_power,acceleration;rotational_power;maximum_strength;trunk_force_transfer;shoulder_capacity;hamstring_capacity;repeated_high_intensity_ability;aerobic_capacity,"ordinal evidence-informed retrieval weighting; athlete deficits, schedule, safety and external load may lower or omit a category",rotational_power,1.0,trunk_force_transfer,0.8,shoulder_capacity,0.65,maximum_strength,0.55,acceleration,0.35,repeated_high_intensity_ability,0.3,hamstring_capacity,0.25,aerobic_capacity,0.25
cricket,role,spin_bowler,competition,speed_movement,rotational_power,acceleration;rotational_power;maximum_strength;trunk_force_transfer;shoulder_capacity;hamstring_capacity;repeated_high_intensity_ability;aerobic_capacity,"ordinal evidence-informed retrieval weighting; athlete deficits, schedule, safety and external load may lower or omit a category",rotational_power,0.85,trunk_force_transfer,0.8,acceleration,0.65,shoulder_capacity,0.65,repeated_high_intensity_ability,0.3,maximum_strength,0.25,hamstring_capacity,0.25,aerobic_capacity,0.25
cricket,role,spin_bowler,competition,conditioning,rotational_power,acceleration;rotational_power;maximum_strength;trunk_force_transfer;shoulder_capacity;hamstring_capacity;aerobic_capacity;repeated_high_intensity_ability,"ordinal evidence-informed retrieval weighting; athlete deficits, schedule, safety and external load may lower or omit a category",rotational_power,0.85,trunk_force_transfer,0.8,shoulder_capacity,0.65,aerobic_capacity,0.55,repeated_high_intensity_ability,0.55,acceleration,0.35,maximum_strength,0.25,hamstring_capacity,0.25
cricket,role,spin_bowler,transition,general_performance,rotational_power,acceleration;rotational_power;maximum_strength;trunk_force_transfer;shoulder_capacity;hamstring_capacity;aerobic_capacity;recovery_management,"ordinal evidence-informed retrieval weighting; athlete deficits, schedule, safety and external load may lower or omit a category",rotational_power,0.85,trunk_force_transfer,0.8,shoulder_capacity,0.65,acceleration,0.35,maximum_strength,0.35,aerobic_capacity,0.35,recovery_management,0.3,hamstring_capacity,0.25
cricket,role,spin_bowler,transition,strength_power,rotational_power,acceleration;rotational_power;maximum_strength;trunk_force_transfer;shoulder_capacity;hamstring_capacity;aerobic_capacity;recovery_management,"ordinal evidence-informed retrieval weighting; athlete deficits, schedule, safety and external load may lower or omit a category",rotational_power,1.0,trunk_force_transfer,0.8,maximum_strength,0.65,shoulder_capacity,0.65,acceleration,0.35,aerobic_capacity,0.35,recovery_management,0.3,hamstring_capacity,0.25
cricket,role,spin_bowler,transition,speed_movement,rotational_power,acceleration;rotational_power;maximum_strength;trunk_force_transfer;shoulder_capacity;hamstring_capacity;aerobic_capacity;recovery_management,"ordinal evidence-informed retrieval weighting; athlete deficits, schedule, safety and external load may lower or omit a category",rotational_power,0.85,trunk_force_transfer,0.8,acceleration,0.65,shoulder_capacity,0.65,maximum_strength,0.35,aerobic_capacity,0.35,recovery_management,0.3,hamstring_capacity,0.25
cricket,role,spin_bowler,transition,conditioning,rotational_power,acceleration;rotational_power;maximum_strength;trunk_force_transfer;shoulder_capacity;aerobic_capacity;repeated_high_intensity_ability;recovery_management,"ordinal evidence-informed retrieval weighting; athlete deficits, schedule, safety and external load may lower or omit a category",rotational_power,0.85,trunk_force_transfer,0.8,shoulder_capacity,0.65,aerobic_capacity,0.65,acceleration,0.35,maximum_strength,0.35,repeated_high_intensity_ability,0.3,recovery_management,0.3
cricket,role,all_rounder,general_preparation,general_performance,maximum_strength,acceleration;rotational_power;maximum_strength;trunk_force_transfer;shoulder_capacity;hamstring_capacity;aerobic_capacity;repeated_high_intensity_ability,"ordinal evidence-informed retrieval weighting; athlete deficits, schedule, safety and external load may lower or omit a category",maximum_strength,0.5,rotational_power,0.45,trunk_force_transfer,0.45,shoulder_capacity,0.4,aerobic_capacity,0.4,acceleration,0.35,hamstring_capacity,0.3,repeated_high_intensity_ability,0.3
cricket,role,all_rounder,general_preparation,strength_power,maximum_strength,acceleration;rotational_power;maximum_strength;trunk_force_transfer;shoulder_capacity;hamstring_capacity;aerobic_capacity;repeated_high_intensity_ability,"ordinal evidence-informed retrieval weighting; athlete deficits, schedule, safety and external load may lower or omit a category",maximum_strength,0.8,rotational_power,0.65,trunk_force_transfer,0.45,shoulder_capacity,0.4,aerobic_capacity,0.4,acceleration,0.35,hamstring_capacity,0.3,repeated_high_intensity_ability,0.3
cricket,role,all_rounder,general_preparation,speed_movement,acceleration,acceleration;rotational_power;maximum_strength;trunk_force_transfer;shoulder_capacity;hamstring_capacity;aerobic_capacity;repeated_high_intensity_ability,"ordinal evidence-informed retrieval weighting; athlete deficits, schedule, safety and external load may lower or omit a category",acceleration,0.65,maximum_strength,0.5,rotational_power,0.45,trunk_force_transfer,0.45,shoulder_capacity,0.4,aerobic_capacity,0.4,hamstring_capacity,0.3,repeated_high_intensity_ability,0.3
cricket,role,all_rounder,general_preparation,conditioning,aerobic_capacity,acceleration;rotational_power;maximum_strength;trunk_force_transfer;shoulder_capacity;hamstring_capacity;aerobic_capacity;repeated_high_intensity_ability,"ordinal evidence-informed retrieval weighting; athlete deficits, schedule, safety and external load may lower or omit a category",aerobic_capacity,0.7,repeated_high_intensity_ability,0.55,maximum_strength,0.5,rotational_power,0.45,trunk_force_transfer,0.45,shoulder_capacity,0.4,acceleration,0.35,hamstring_capacity,0.3
cricket,role,all_rounder,specific_preparation,general_performance,rotational_power,acceleration;rotational_power;maximum_strength;trunk_force_transfer;shoulder_capacity;hamstring_capacity;repeated_high_intensity_ability;aerobic_capacity,"ordinal evidence-informed retrieval weighting; athlete deficits, schedule, safety and external load may lower or omit a category",rotational_power,0.55,acceleration,0.5,trunk_force_transfer,0.4,repeated_high_intensity_ability,0.4,maximum_strength,0.35,shoulder_capacity,0.35,hamstring_capacity,0.25,aerobic_capacity,0.25
cricket,role,all_rounder,specific_preparation,strength_power,rotational_power,acceleration;rotational_power;maximum_strength;trunk_force_transfer;shoulder_capacity;hamstring_capacity;repeated_high_intensity_ability;aerobic_capacity,"ordinal evidence-informed retrieval weighting; athlete deficits, schedule, safety and external load may lower or omit a category",rotational_power,0.75,maximum_strength,0.65,acceleration,0.5,trunk_force_transfer,0.4,repeated_high_intensity_ability,0.4,shoulder_capacity,0.35,hamstring_capacity,0.25,aerobic_capacity,0.25
cricket,role,all_rounder,specific_preparation,speed_movement,acceleration,acceleration;rotational_power;maximum_strength;trunk_force_transfer;shoulder_capacity;hamstring_capacity;repeated_high_intensity_ability;aerobic_capacity,"ordinal evidence-informed retrieval weighting; athlete deficits, schedule, safety and external load may lower or omit a category",acceleration,0.8,rotational_power,0.55,trunk_force_transfer,0.4,repeated_high_intensity_ability,0.4,maximum_strength,0.35,shoulder_capacity,0.35,hamstring_capacity,0.25,aerobic_capacity,0.25
cricket,role,all_rounder,specific_preparation,conditioning,repeated_high_intensity_ability,acceleration;rotational_power;maximum_strength;trunk_force_transfer;shoulder_capacity;hamstring_capacity;repeated_high_intensity_ability;aerobic_capacity,"ordinal evidence-informed retrieval weighting; athlete deficits, schedule, safety and external load may lower or omit a category",repeated_high_intensity_ability,0.65,rotational_power,0.55,aerobic_capacity,0.55,acceleration,0.5,trunk_force_transfer,0.4,maximum_strength,0.35,shoulder_capacity,0.35,hamstring_capacity,0.25
cricket,role,all_rounder,competition,general_performance,rotational_power,acceleration;rotational_power;maximum_strength;trunk_force_transfer;shoulder_capacity;hamstring_capacity;repeated_high_intensity_ability;aerobic_capacity,"ordinal evidence-informed retrieval weighting; athlete deficits, schedule, safety and external load may lower or omit a category",rotational_power,0.45,trunk_force_transfer,0.4,acceleration,0.35,shoulder_capacity,0.35,repeated_high_intensity_ability,0.3,maximum_strength,0.25,hamstring_capacity,0.25,aerobic_capacity,0.25
cricket,role,all_rounder,competition,strength_power,rotational_power,acceleration;rotational_power;maximum_strength;trunk_force_transfer;shoulder_capacity;hamstring_capacity;repeated_high_intensity_ability;aerobic_capacity,"ordinal evidence-informed retrieval weighting; athlete deficits, schedule, safety and external load may lower or omit a category",rotational_power,0.65,maximum_strength,0.55,trunk_force_transfer,0.4,acceleration,0.35,shoulder_capacity,0.35,repeated_high_intensity_ability,0.3,hamstring_capacity,0.25,aerobic_capacity,0.25
cricket,role,all_rounder,competition,speed_movement,acceleration,acceleration;rotational_power;maximum_strength;trunk_force_transfer;shoulder_capacity;hamstring_capacity;repeated_high_intensity_ability;aerobic_capacity,"ordinal evidence-informed retrieval weighting; athlete deficits, schedule, safety and external load may lower or omit a category",acceleration,0.65,rotational_power,0.45,trunk_force_transfer,0.4,shoulder_capacity,0.35,repeated_high_intensity_ability,0.3,maximum_strength,0.25,hamstring_capacity,0.25,aerobic_capacity,0.25
cricket,role,all_rounder,competition,conditioning,aerobic_capacity,acceleration;rotational_power;maximum_strength;trunk_force_transfer;shoulder_capacity;hamstring_capacity;aerobic_capacity;repeated_high_intensity_ability,"ordinal evidence-informed retrieval weighting; athlete deficits, schedule, safety and external load may lower or omit a category",aerobic_capacity,0.55,repeated_high_intensity_ability,0.55,rotational_power,0.45,trunk_force_transfer,0.4,acceleration,0.35,shoulder_capacity,0.35,maximum_strength,0.25,hamstring_capacity,0.25
cricket,role,all_rounder,transition,general_performance,rotational_power,acceleration;rotational_power;maximum_strength;trunk_force_transfer;shoulder_capacity;hamstring_capacity;aerobic_capacity;recovery_management,"ordinal evidence-informed retrieval weighting; athlete deficits, schedule, safety and external load may lower or omit a category",rotational_power,0.45,trunk_force_transfer,0.4,acceleration,0.35,maximum_strength,0.35,shoulder_capacity,0.35,aerobic_capacity,0.35,recovery_management,0.3,hamstring_capacity,0.25
cricket,role,all_rounder,transition,strength_power,rotational_power,acceleration;rotational_power;maximum_strength;trunk_force_transfer;shoulder_capacity;hamstring_capacity;aerobic_capacity;recovery_management,"ordinal evidence-informed retrieval weighting; athlete deficits, schedule, safety and external load may lower or omit a category",rotational_power,0.65,maximum_strength,0.65,trunk_force_transfer,0.4,acceleration,0.35,shoulder_capacity,0.35,aerobic_capacity,0.35,recovery_management,0.3,hamstring_capacity,0.25
cricket,role,all_rounder,transition,speed_movement,acceleration,acceleration;rotational_power;maximum_strength;trunk_force_transfer;shoulder_capacity;hamstring_capacity;aerobic_capacity;recovery_management,"ordinal evidence-informed retrieval weighting; athlete deficits, schedule, safety and external load may lower or omit a category",acceleration,0.65,rotational_power,0.45,trunk_force_transfer,0.4,maximum_strength,0.35,shoulder_capacity,0.35,aerobic_capacity,0.35,recovery_management,0.3,hamstring_capacity,0.25
cricket,role,all_rounder,transition,conditioning,aerobic_capacity,acceleration;rotational_power;maximum_strength;trunk_force_transfer;shoulder_capacity;aerobic_capacity;repeated_high_intensity_ability;recovery_management,"ordinal evidence-informed retrieval weighting; athlete deficits, schedule, safety and external load may lower or omit a category",aerobic_capacity,0.65,rotational_power,0.45,trunk_force_transfer,0.4,acceleration,0.35,maximum_strength,0.35,shoulder_capacity,0.35,repeated_high_intensity_ability,0.3,recovery_management,0.3
basketball,role,guard,general_preparation,general_performance,acceleration,acceleration;reactive_agility;deceleration;landing_capacity;planned_change_of_direction;vertical_power;maximum_strength;calf_soleus_capacity,"ordinal evidence-informed retrieval weighting; athlete deficits, schedule, safety and external load may lower or omit a category",acceleration,0.85,reactive_agility,0.85,deceleration,0.8,landing_capacity,0.5,vertical_power,0.5,maximum_strength,0.5,planned_change_of_direction,0.45,calf_soleus_capacity,0.4
basketball,role,guard,general_preparation,strength_power,acceleration,acceleration;reactive_agility;deceleration;landing_capacity;planned_change_of_direction;vertical_power;maximum_strength;calf_soleus_capacity,"ordinal evidence-informed retrieval weighting; athlete deficits, schedule, safety and external load may lower or omit a category",acceleration,0.85,reactive_agility,0.85,deceleration,0.8,maximum_strength,0.8,vertical_power,0.7,landing_capacity,0.5,planned_change_of_direction,0.45,calf_soleus_capacity,0.4
basketball,role,guard,general_preparation,speed_movement,acceleration,acceleration;reactive_agility;maximum_velocity;deceleration;planned_change_of_direction;landing_capacity;vertical_power;maximum_strength,"ordinal evidence-informed retrieval weighting; athlete deficits, schedule, safety and external load may lower or omit a category",acceleration,1.0,reactive_agility,1.0,deceleration,1.0,planned_change_of_direction,0.7,landing_capacity,0.65,maximum_velocity,0.5,vertical_power,0.5,maximum_strength,0.5
basketball,role,guard,general_preparation,conditioning,acceleration,acceleration;reactive_agility;deceleration;landing_capacity;planned_change_of_direction;vertical_power;maximum_strength;repeated_high_intensity_ability,"ordinal evidence-informed retrieval weighting; athlete deficits, schedule, safety and external load may lower or omit a category",acceleration,0.85,reactive_agility,0.85,deceleration,0.8,repeated_high_intensity_ability,0.65,landing_capacity,0.5,vertical_power,0.5,maximum_strength,0.5,planned_change_of_direction,0.45
basketball,role,guard,specific_preparation,general_performance,acceleration,acceleration;reactive_agility;deceleration;planned_change_of_direction;landing_capacity;vertical_power;maximum_strength;repeated_high_intensity_ability,"ordinal evidence-informed retrieval weighting; athlete deficits, schedule, safety and external load may lower or omit a category",acceleration,1.0,reactive_agility,1.0,deceleration,0.95,planned_change_of_direction,0.6,vertical_power,0.6,landing_capacity,0.5,repeated_high_intensity_ability,0.5,maximum_strength,0.35
basketball,role,guard,specific_preparation,strength_power,acceleration,acceleration;reactive_agility;deceleration;planned_change_of_direction;landing_capacity;vertical_power;maximum_strength;repeated_high_intensity_ability,"ordinal evidence-informed retrieval weighting; athlete deficits, schedule, safety and external load may lower or omit a category",acceleration,1.0,reactive_agility,1.0,deceleration,0.95,vertical_power,0.8,maximum_strength,0.65,planned_change_of_direction,0.6,landing_capacity,0.5,repeated_high_intensity_ability,0.5
basketball,role,guard,specific_preparation,speed_movement,acceleration,acceleration;reactive_agility;maximum_velocity;deceleration;planned_change_of_direction;landing_capacity;vertical_power;repeated_high_intensity_ability,"ordinal evidence-informed retrieval weighting; athlete deficits, schedule, safety and external load may lower or omit a category",acceleration,1.0,reactive_agility,1.0,deceleration,1.0,planned_change_of_direction,0.85,landing_capacity,0.65,maximum_velocity,0.6,vertical_power,0.6,repeated_high_intensity_ability,0.5
basketball,role,guard,specific_preparation,conditioning,acceleration,acceleration;reactive_agility;deceleration;planned_change_of_direction;landing_capacity;vertical_power;maximum_strength;repeated_high_intensity_ability,"ordinal evidence-informed retrieval weighting; athlete deficits, schedule, safety and external load may lower or omit a category",acceleration,1.0,reactive_agility,1.0,deceleration,0.95,repeated_high_intensity_ability,0.75,planned_change_of_direction,0.6,vertical_power,0.6,landing_capacity,0.5,maximum_strength,0.35
basketball,role,guard,competition,general_performance,acceleration,acceleration;reactive_agility;deceleration;landing_capacity;planned_change_of_direction;vertical_power;calf_soleus_capacity;repeated_high_intensity_ability,"ordinal evidence-informed retrieval weighting; athlete deficits, schedule, safety and external load may lower or omit a category",acceleration,0.85,reactive_agility,0.85,deceleration,0.8,landing_capacity,0.5,vertical_power,0.5,planned_change_of_direction,0.45,repeated_high_intensity_ability,0.4,calf_soleus_capacity,0.35
basketball,role,guard,competition,strength_power,acceleration,acceleration;reactive_agility;deceleration;landing_capacity;planned_change_of_direction;vertical_power;maximum_strength;repeated_high_intensity_ability,"ordinal evidence-informed retrieval weighting; athlete deficits, schedule, safety and external load may lower or omit a category",acceleration,0.85,reactive_agility,0.85,deceleration,0.8,vertical_power,0.7,maximum_strength,0.55,landing_capacity,0.5,planned_change_of_direction,0.45,repeated_high_intensity_ability,0.4
basketball,role,guard,competition,speed_movement,acceleration,acceleration;reactive_agility;maximum_velocity;deceleration;planned_change_of_direction;landing_capacity;vertical_power;repeated_high_intensity_ability,"ordinal evidence-informed retrieval weighting; athlete deficits, schedule, safety and external load may lower or omit a category",acceleration,1.0,reactive_agility,1.0,deceleration,1.0,planned_change_of_direction,0.7,landing_capacity,0.65,maximum_velocity,0.5,vertical_power,0.5,repeated_high_intensity_ability,0.4
basketball,role,guard,competition,conditioning,acceleration,acceleration;reactive_agility;deceleration;landing_capacity;planned_change_of_direction;vertical_power;calf_soleus_capacity;repeated_high_intensity_ability,"ordinal evidence-informed retrieval weighting; athlete deficits, schedule, safety and external load may lower or omit a category",acceleration,0.85,reactive_agility,0.85,deceleration,0.8,repeated_high_intensity_ability,0.65,landing_capacity,0.5,vertical_power,0.5,planned_change_of_direction,0.45,calf_soleus_capacity,0.35
basketball,role,guard,transition,general_performance,acceleration,acceleration;reactive_agility;deceleration;landing_capacity;planned_change_of_direction;vertical_power;maximum_strength;calf_soleus_capacity,"ordinal evidence-informed retrieval weighting; athlete deficits, schedule, safety and external load may lower or omit a category",acceleration,0.85,reactive_agility,0.85,deceleration,0.8,landing_capacity,0.5,vertical_power,0.5,planned_change_of_direction,0.45,maximum_strength,0.35,calf_soleus_capacity,0.35
basketball,role,guard,transition,strength_power,acceleration,acceleration;reactive_agility;deceleration;landing_capacity;planned_change_of_direction;vertical_power;maximum_strength;calf_soleus_capacity,"ordinal evidence-informed retrieval weighting; athlete deficits, schedule, safety and external load may lower or omit a category",acceleration,0.85,reactive_agility,0.85,deceleration,0.8,vertical_power,0.7,maximum_strength,0.65,landing_capacity,0.5,planned_change_of_direction,0.45,calf_soleus_capacity,0.35
basketball,role,guard,transition,speed_movement,acceleration,acceleration;reactive_agility;deceleration;planned_change_of_direction;landing_capacity;vertical_power;maximum_strength;calf_soleus_capacity,"ordinal evidence-informed retrieval weighting; athlete deficits, schedule, safety and external load may lower or omit a category",acceleration,1.0,reactive_agility,1.0,deceleration,1.0,planned_change_of_direction,0.7,landing_capacity,0.65,vertical_power,0.5,maximum_strength,0.35,calf_soleus_capacity,0.35
basketball,role,guard,transition,conditioning,acceleration,acceleration;reactive_agility;deceleration;landing_capacity;planned_change_of_direction;vertical_power;maximum_strength;repeated_high_intensity_ability,"ordinal evidence-informed retrieval weighting; athlete deficits, schedule, safety and external load may lower or omit a category",acceleration,0.85,reactive_agility,0.85,deceleration,0.8,landing_capacity,0.5,vertical_power,0.5,planned_change_of_direction,0.45,repeated_high_intensity_ability,0.4,maximum_strength,0.35
basketball,role,wing,general_preparation,general_performance,vertical_power,acceleration;reactive_agility;planned_change_of_direction;deceleration;landing_capacity;vertical_power;maximum_strength;calf_soleus_capacity,"ordinal evidence-informed retrieval weighting; athlete deficits, schedule, safety and external load may lower or omit a category",vertical_power,0.8,planned_change_of_direction,0.65,deceleration,0.5,landing_capacity,0.5,maximum_strength,0.5,acceleration,0.45,reactive_agility,0.45,calf_soleus_capacity,0.4
basketball,role,wing,general_preparation,strength_power,vertical_power,acceleration;reactive_agility;planned_change_of_direction;deceleration;landing_capacity;vertical_power;maximum_strength;calf_soleus_capacity,"ordinal evidence-informed retrieval weighting; athlete deficits, schedule, safety and external load may lower or omit a category",vertical_power,1.0,maximum_strength,0.8,planned_change_of_direction,0.65,deceleration,0.5,landing_capacity,0.5,acceleration,0.45,reactive_agility,0.45,calf_soleus_capacity,0.4
basketball,role,wing,general_preparation,speed_movement,planned_change_of_direction,acceleration;reactive_agility;maximum_velocity;planned_change_of_direction;deceleration;landing_capacity;vertical_power;maximum_strength,"ordinal evidence-informed retrieval weighting; athlete deficits, schedule, safety and external load may lower or omit a category",planned_change_of_direction,0.9,vertical_power,0.8,acceleration,0.75,deceleration,0.75,reactive_agility,0.7,landing_capacity,0.65,maximum_velocity,0.6,maximum_strength,0.5
basketball,role,wing,general_preparation,conditioning,vertical_power,acceleration;reactive_agility;planned_change_of_direction;deceleration;landing_capacity;vertical_power;maximum_strength;repeated_high_intensity_ability,"ordinal evidence-informed retrieval weighting; athlete deficits, schedule, safety and external load may lower or omit a category",vertical_power,0.8,planned_change_of_direction,0.65,repeated_high_intensity_ability,0.65,deceleration,0.5,landing_capacity,0.5,maximum_strength,0.5,acceleration,0.45,reactive_agility,0.45
basketball,role,wing,specific_preparation,general_performance,vertical_power,acceleration;reactive_agility;maximum_velocity;planned_change_of_direction;deceleration;landing_capacity;vertical_power;repeated_high_intensity_ability,"ordinal evidence-informed retrieval weighting; athlete deficits, schedule, safety and external load may lower or omit a category",vertical_power,0.9,planned_change_of_direction,0.8,deceleration,0.65,acceleration,0.6,reactive_agility,0.6,landing_capacity,0.5,repeated_high_intensity_ability,0.5,maximum_velocity,0.4
basketball,role,wing,specific_preparation,strength_power,vertical_power,acceleration;reactive_agility;planned_change_of_direction;deceleration;landing_capacity;vertical_power;maximum_strength;repeated_high_intensity_ability,"ordinal evidence-informed retrieval weighting; athlete deficits, schedule, safety and external load may lower or omit a category",vertical_power,1.0,planned_change_of_direction,0.8,deceleration,0.65,maximum_strength,0.65,acceleration,0.6,reactive_agility,0.6,landing_capacity,0.5,repeated_high_intensity_ability,0.5
basketball,role,wing,specific_preparation,speed_movement,planned_change_of_direction,acceleration;reactive_agility;maximum_velocity;planned_change_of_direction;deceleration;landing_capacity;vertical_power;repeated_high_intensity_ability,"ordinal evidence-informed retrieval weighting; athlete deficits, schedule, safety and external load may lower or omit a category",planned_change_of_direction,1.0,acceleration,0.9,deceleration,0.9,vertical_power,0.9,reactive_agility,0.85,maximum_velocity,0.7,landing_capacity,0.65,repeated_high_intensity_ability,0.5
basketball,role,wing,specific_preparation,conditioning,vertical_power,acceleration;reactive_agility;maximum_velocity;planned_change_of_direction;deceleration;landing_capacity;vertical_power;repeated_high_intensity_ability,"ordinal evidence-informed retrieval weighting; athlete deficits, schedule, safety and external load may lower or omit a category",vertical_power,0.9,planned_change_of_direction,0.8,repeated_high_intensity_ability,0.75,deceleration,0.65,acceleration,0.6,reactive_agility,0.6,landing_capacity,0.5,maximum_velocity,0.4
basketball,role,wing,competition,general_performance,vertical_power,acceleration;reactive_agility;planned_change_of_direction;deceleration;landing_capacity;vertical_power;calf_soleus_capacity;repeated_high_intensity_ability,"ordinal evidence-informed retrieval weighting; athlete deficits, schedule, safety and external load may lower or omit a category",vertical_power,0.8,planned_change_of_direction,0.65,deceleration,0.5,landing_capacity,0.5,acceleration,0.45,reactive_agility,0.45,repeated_high_intensity_ability,0.4,calf_soleus_capacity,0.35
basketball,role,wing,competition,strength_power,vertical_power,acceleration;reactive_agility;planned_change_of_direction;deceleration;landing_capacity;vertical_power;maximum_strength;repeated_high_intensity_ability,"ordinal evidence-informed retrieval weighting; athlete deficits, schedule, safety and external load may lower or omit a category",vertical_power,1.0,planned_change_of_direction,0.65,maximum_strength,0.55,deceleration,0.5,landing_capacity,0.5,acceleration,0.45,reactive_agility,0.45,repeated_high_intensity_ability,0.4
basketball,role,wing,competition,speed_movement,planned_change_of_direction,acceleration;reactive_agility;maximum_velocity;planned_change_of_direction;deceleration;landing_capacity;vertical_power;repeated_high_intensity_ability,"ordinal evidence-informed retrieval weighting; athlete deficits, schedule, safety and external load may lower or omit a category",planned_change_of_direction,0.9,vertical_power,0.8,acceleration,0.75,deceleration,0.75,reactive_agility,0.7,landing_capacity,0.65,maximum_velocity,0.6,repeated_high_intensity_ability,0.4
basketball,role,wing,competition,conditioning,vertical_power,acceleration;reactive_agility;planned_change_of_direction;deceleration;landing_capacity;vertical_power;calf_soleus_capacity;repeated_high_intensity_ability,"ordinal evidence-informed retrieval weighting; athlete deficits, schedule, safety and external load may lower or omit a category",vertical_power,0.8,planned_change_of_direction,0.65,repeated_high_intensity_ability,0.65,deceleration,0.5,landing_capacity,0.5,acceleration,0.45,reactive_agility,0.45,calf_soleus_capacity,0.35
basketball,role,wing,transition,general_performance,vertical_power,acceleration;reactive_agility;planned_change_of_direction;deceleration;landing_capacity;vertical_power;maximum_strength;calf_soleus_capacity,"ordinal evidence-informed retrieval weighting; athlete deficits, schedule, safety and external load may lower or omit a category",vertical_power,0.8,planned_change_of_direction,0.65,deceleration,0.5,landing_capacity,0.5,acceleration,0.45,reactive_agility,0.45,maximum_strength,0.35,calf_soleus_capacity,0.35
basketball,role,wing,transition,strength_power,vertical_power,acceleration;reactive_agility;planned_change_of_direction;deceleration;landing_capacity;vertical_power;maximum_strength;calf_soleus_capacity,"ordinal evidence-informed retrieval weighting; athlete deficits, schedule, safety and external load may lower or omit a category",vertical_power,1.0,planned_change_of_direction,0.65,maximum_strength,0.65,deceleration,0.5,landing_capacity,0.5,acceleration,0.45,reactive_agility,0.45,calf_soleus_capacity,0.35
basketball,role,wing,transition,speed_movement,planned_change_of_direction,acceleration;reactive_agility;maximum_velocity;planned_change_of_direction;deceleration;landing_capacity;vertical_power;maximum_strength,"ordinal evidence-informed retrieval weighting; athlete deficits, schedule, safety and external load may lower or omit a category",planned_change_of_direction,0.9,vertical_power,0.8,acceleration,0.75,deceleration,0.75,reactive_agility,0.7,landing_capacity,0.65,maximum_velocity,0.4,maximum_strength,0.35
basketball,role,wing,transition,conditioning,vertical_power,acceleration;reactive_agility;planned_change_of_direction;deceleration;landing_capacity;vertical_power;maximum_strength;repeated_high_intensity_ability,"ordinal evidence-informed retrieval weighting; athlete deficits, schedule, safety and external load may lower or omit a category",vertical_power,0.8,planned_change_of_direction,0.65,deceleration,0.5,landing_capacity,0.5,acceleration,0.45,reactive_agility,0.45,repeated_high_intensity_ability,0.4,maximum_strength,0.35
basketball,role,big,general_preparation,general_performance,landing_capacity,acceleration;reactive_agility;landing_capacity;deceleration;planned_change_of_direction;vertical_power;maximum_strength;calf_soleus_capacity,"ordinal evidence-informed retrieval weighting; athlete deficits, schedule, safety and external load may lower or omit a category",landing_capacity,0.9,vertical_power,0.9,maximum_strength,0.9,deceleration,0.5,acceleration,0.45,reactive_agility,0.45,planned_change_of_direction,0.45,calf_soleus_capacity,0.4
basketball,role,big,general_preparation,strength_power,maximum_strength,acceleration;reactive_agility;landing_capacity;deceleration;planned_change_of_direction;vertical_power;maximum_strength;calf_soleus_capacity,"ordinal evidence-informed retrieval weighting; athlete deficits, schedule, safety and external load may lower or omit a category",maximum_strength,1.0,vertical_power,1.0,landing_capacity,0.9,deceleration,0.5,acceleration,0.45,reactive_agility,0.45,planned_change_of_direction,0.45,calf_soleus_capacity,0.4
basketball,role,big,general_preparation,speed_movement,landing_capacity,acceleration;reactive_agility;landing_capacity;deceleration;planned_change_of_direction;vertical_power;maximum_strength;calf_soleus_capacity,"ordinal evidence-informed retrieval weighting; athlete deficits, schedule, safety and external load may lower or omit a category",landing_capacity,1.0,vertical_power,0.9,maximum_strength,0.9,acceleration,0.75,deceleration,0.75,reactive_agility,0.7,planned_change_of_direction,0.7,calf_soleus_capacity,0.4
basketball,role,big,general_preparation,conditioning,landing_capacity,acceleration;reactive_agility;landing_capacity;deceleration;planned_change_of_direction;vertical_power;maximum_strength;repeated_high_intensity_ability,"ordinal evidence-informed retrieval weighting; athlete deficits, schedule, safety and external load may lower or omit a category",landing_capacity,0.9,vertical_power,0.9,maximum_strength,0.9,repeated_high_intensity_ability,0.65,deceleration,0.5,acceleration,0.45,reactive_agility,0.45,planned_change_of_direction,0.45
basketball,role,big,specific_preparation,general_performance,vertical_power,acceleration;reactive_agility;landing_capacity;deceleration;planned_change_of_direction;vertical_power;maximum_strength;repeated_high_intensity_ability,"ordinal evidence-informed retrieval weighting; athlete deficits, schedule, safety and external load may lower or omit a category",vertical_power,1.0,landing_capacity,0.9,maximum_strength,0.75,deceleration,0.65,acceleration,0.6,reactive_agility,0.6,planned_change_of_direction,0.6,repeated_high_intensity_ability,0.5
basketball,role,big,specific_preparation,strength_power,vertical_power,acceleration;reactive_agility;landing_capacity;deceleration;planned_change_of_direction;vertical_power;maximum_strength;repeated_high_intensity_ability,"ordinal evidence-informed retrieval weighting; athlete deficits, schedule, safety and external load may lower or omit a category",vertical_power,1.0,maximum_strength,1.0,landing_capacity,0.9,deceleration,0.65,acceleration,0.6,reactive_agility,0.6,planned_change_of_direction,0.6,repeated_high_intensity_ability,0.5
basketball,role,big,specific_preparation,speed_movement,landing_capacity,acceleration;reactive_agility;landing_capacity;deceleration;planned_change_of_direction;vertical_power;maximum_strength;repeated_high_intensity_ability,"ordinal evidence-informed retrieval weighting; athlete deficits, schedule, safety and external load may lower or omit a category",landing_capacity,1.0,vertical_power,1.0,acceleration,0.9,deceleration,0.9,reactive_agility,0.85,planned_change_of_direction,0.85,maximum_strength,0.75,repeated_high_intensity_ability,0.5
basketball,role,big,specific_preparation,conditioning,vertical_power,acceleration;reactive_agility;landing_capacity;deceleration;planned_change_of_direction;vertical_power;maximum_strength;repeated_high_intensity_ability,"ordinal evidence-informed retrieval weighting; athlete deficits, schedule, safety and external load may lower or omit a category",vertical_power,1.0,landing_capacity,0.9,maximum_strength,0.75,repeated_high_intensity_ability,0.75,deceleration,0.65,acceleration,0.6,reactive_agility,0.6,planned_change_of_direction,0.6
basketball,role,big,competition,general_performance,landing_capacity,acceleration;reactive_agility;landing_capacity;deceleration;planned_change_of_direction;vertical_power;maximum_strength;repeated_high_intensity_ability,"ordinal evidence-informed retrieval weighting; athlete deficits, schedule, safety and external load may lower or omit a category",landing_capacity,0.9,vertical_power,0.9,maximum_strength,0.65,deceleration,0.5,acceleration,0.45,reactive_agility,0.45,planned_change_of_direction,0.45,repeated_high_intensity_ability,0.4
basketball,role,big,competition,strength_power,vertical_power,acceleration;reactive_agility;landing_capacity;deceleration;planned_change_of_direction;vertical_power;maximum_strength;repeated_high_intensity_ability,"ordinal evidence-informed retrieval weighting; athlete deficits, schedule, safety and external load may lower or omit a category",vertical_power,1.0,maximum_strength,0.95,landing_capacity,0.9,deceleration,0.5,acceleration,0.45,reactive_agility,0.45,planned_change_of_direction,0.45,repeated_high_intensity_ability,0.4
basketball,role,big,competition,speed_movement,landing_capacity,acceleration;reactive_agility;landing_capacity;deceleration;planned_change_of_direction;vertical_power;maximum_strength;repeated_high_intensity_ability,"ordinal evidence-informed retrieval weighting; athlete deficits, schedule, safety and external load may lower or omit a category",landing_capacity,1.0,vertical_power,0.9,acceleration,0.75,deceleration,0.75,reactive_agility,0.7,planned_change_of_direction,0.7,maximum_strength,0.65,repeated_high_intensity_ability,0.4
basketball,role,big,competition,conditioning,landing_capacity,acceleration;reactive_agility;landing_capacity;deceleration;planned_change_of_direction;vertical_power;maximum_strength;repeated_high_intensity_ability,"ordinal evidence-informed retrieval weighting; athlete deficits, schedule, safety and external load may lower or omit a category",landing_capacity,0.9,vertical_power,0.9,maximum_strength,0.65,repeated_high_intensity_ability,0.65,deceleration,0.5,acceleration,0.45,reactive_agility,0.45,planned_change_of_direction,0.45
basketball,role,big,transition,general_performance,landing_capacity,acceleration;reactive_agility;landing_capacity;deceleration;planned_change_of_direction;vertical_power;maximum_strength;calf_soleus_capacity,"ordinal evidence-informed retrieval weighting; athlete deficits, schedule, safety and external load may lower or omit a category",landing_capacity,0.9,vertical_power,0.9,maximum_strength,0.75,deceleration,0.5,acceleration,0.45,reactive_agility,0.45,planned_change_of_direction,0.45,calf_soleus_capacity,0.35
basketball,role,big,transition,strength_power,vertical_power,acceleration;reactive_agility;landing_capacity;deceleration;planned_change_of_direction;vertical_power;maximum_strength;calf_soleus_capacity,"ordinal evidence-informed retrieval weighting; athlete deficits, schedule, safety and external load may lower or omit a category",vertical_power,1.0,maximum_strength,1.0,landing_capacity,0.9,deceleration,0.5,acceleration,0.45,reactive_agility,0.45,planned_change_of_direction,0.45,calf_soleus_capacity,0.35
basketball,role,big,transition,speed_movement,landing_capacity,acceleration;reactive_agility;landing_capacity;deceleration;planned_change_of_direction;vertical_power;maximum_strength;calf_soleus_capacity,"ordinal evidence-informed retrieval weighting; athlete deficits, schedule, safety and external load may lower or omit a category",landing_capacity,1.0,vertical_power,0.9,acceleration,0.75,deceleration,0.75,maximum_strength,0.75,reactive_agility,0.7,planned_change_of_direction,0.7,calf_soleus_capacity,0.35
basketball,role,big,transition,conditioning,landing_capacity,acceleration;reactive_agility;landing_capacity;deceleration;planned_change_of_direction;vertical_power;maximum_strength;repeated_high_intensity_ability,"ordinal evidence-informed retrieval weighting; athlete deficits, schedule, safety and external load may lower or omit a category",landing_capacity,0.9,vertical_power,0.9,maximum_strength,0.75,deceleration,0.5,acceleration,0.45,reactive_agility,0.45,planned_change_of_direction,0.45,repeated_high_intensity_ability,0.4
volleyball,role,setter,general_preparation,general_performance,shoulder_capacity,reactive_agility;acceleration;landing_capacity;reactive_elastic_strength;vertical_power;maximum_strength;shoulder_capacity;calf_soleus_capacity,"ordinal evidence-informed retrieval weighting; athlete deficits, schedule, safety and external load may lower or omit a category",shoulder_capacity,0.7,vertical_power,0.6,maximum_strength,0.55,landing_capacity,0.5,reactive_elastic_strength,0.45,reactive_agility,0.4,calf_soleus_capacity,0.4,acceleration,0.3
volleyball,role,setter,general_preparation,strength_power,maximum_strength,reactive_agility;acceleration;landing_capacity;reactive_elastic_strength;vertical_power;maximum_strength;shoulder_capacity;calf_soleus_capacity,"ordinal evidence-informed retrieval weighting; athlete deficits, schedule, safety and external load may lower or omit a category",maximum_strength,0.85,vertical_power,0.8,shoulder_capacity,0.7,landing_capacity,0.5,reactive_elastic_strength,0.45,reactive_agility,0.4,calf_soleus_capacity,0.4,acceleration,0.3
volleyball,role,setter,general_preparation,speed_movement,shoulder_capacity,reactive_agility;acceleration;landing_capacity;planned_change_of_direction;reactive_elastic_strength;vertical_power;maximum_strength;shoulder_capacity,"ordinal evidence-informed retrieval weighting; athlete deficits, schedule, safety and external load may lower or omit a category",shoulder_capacity,0.7,reactive_agility,0.65,landing_capacity,0.65,acceleration,0.6,reactive_elastic_strength,0.6,vertical_power,0.6,planned_change_of_direction,0.55,maximum_strength,0.55
volleyball,role,setter,general_preparation,conditioning,shoulder_capacity,reactive_agility;acceleration;landing_capacity;reactive_elastic_strength;vertical_power;maximum_strength;shoulder_capacity;calf_soleus_capacity,"ordinal evidence-informed retrieval weighting; athlete deficits, schedule, safety and external load may lower or omit a category",shoulder_capacity,0.7,vertical_power,0.6,maximum_strength,0.55,landing_capacity,0.5,reactive_elastic_strength,0.45,reactive_agility,0.4,calf_soleus_capacity,0.4,acceleration,0.3
volleyball,role,setter,specific_preparation,general_performance,vertical_power,reactive_agility;acceleration;landing_capacity;planned_change_of_direction;reactive_elastic_strength;vertical_power;maximum_strength;shoulder_capacity,"ordinal evidence-informed retrieval weighting; athlete deficits, schedule, safety and external load may lower or omit a category",vertical_power,0.7,shoulder_capacity,0.65,reactive_agility,0.55,reactive_elastic_strength,0.55,landing_capacity,0.5,acceleration,0.45,planned_change_of_direction,0.45,maximum_strength,0.4
volleyball,role,setter,specific_preparation,strength_power,vertical_power,reactive_agility;acceleration;landing_capacity;planned_change_of_direction;reactive_elastic_strength;vertical_power;maximum_strength;shoulder_capacity,"ordinal evidence-informed retrieval weighting; athlete deficits, schedule, safety and external load may lower or omit a category",vertical_power,0.9,maximum_strength,0.7,shoulder_capacity,0.65,reactive_agility,0.55,reactive_elastic_strength,0.55,landing_capacity,0.5,acceleration,0.45,planned_change_of_direction,0.45
volleyball,role,setter,specific_preparation,speed_movement,reactive_agility,reactive_agility;acceleration;planned_change_of_direction;landing_capacity;reactive_elastic_strength;vertical_power;maximum_strength;shoulder_capacity,"ordinal evidence-informed retrieval weighting; athlete deficits, schedule, safety and external load may lower or omit a category",reactive_agility,0.8,acceleration,0.75,planned_change_of_direction,0.7,reactive_elastic_strength,0.7,vertical_power,0.7,landing_capacity,0.65,shoulder_capacity,0.65,maximum_strength,0.4
volleyball,role,setter,specific_preparation,conditioning,vertical_power,reactive_agility;acceleration;landing_capacity;planned_change_of_direction;reactive_elastic_strength;vertical_power;maximum_strength;shoulder_capacity,"ordinal evidence-informed retrieval weighting; athlete deficits, schedule, safety and external load may lower or omit a category",vertical_power,0.7,shoulder_capacity,0.65,reactive_agility,0.55,reactive_elastic_strength,0.55,landing_capacity,0.5,acceleration,0.45,planned_change_of_direction,0.45,maximum_strength,0.4
volleyball,role,setter,competition,general_performance,shoulder_capacity,reactive_agility;acceleration;landing_capacity;planned_change_of_direction;reactive_elastic_strength;vertical_power;shoulder_capacity;calf_soleus_capacity,"ordinal evidence-informed retrieval weighting; athlete deficits, schedule, safety and external load may lower or omit a category",shoulder_capacity,0.65,vertical_power,0.6,landing_capacity,0.5,reactive_elastic_strength,0.45,reactive_agility,0.4,calf_soleus_capacity,0.35,acceleration,0.3,planned_change_of_direction,0.3
volleyball,role,setter,competition,strength_power,vertical_power,reactive_agility;acceleration;landing_capacity;reactive_elastic_strength;vertical_power;maximum_strength;shoulder_capacity;calf_soleus_capacity,"ordinal evidence-informed retrieval weighting; athlete deficits, schedule, safety and external load may lower or omit a category",vertical_power,0.8,shoulder_capacity,0.65,maximum_strength,0.6,landing_capacity,0.5,reactive_elastic_strength,0.45,reactive_agility,0.4,calf_soleus_capacity,0.35,acceleration,0.3
volleyball,role,setter,competition,speed_movement,reactive_agility,reactive_agility;acceleration;landing_capacity;planned_change_of_direction;reactive_elastic_strength;vertical_power;shoulder_capacity;calf_soleus_capacity,"ordinal evidence-informed retrieval weighting; athlete deficits, schedule, safety and external load may lower or omit a category",reactive_agility,0.65,landing_capacity,0.65,shoulder_capacity,0.65,acceleration,0.6,reactive_elastic_strength,0.6,vertical_power,0.6,planned_change_of_direction,0.55,calf_soleus_capacity,0.35
volleyball,role,setter,competition,conditioning,shoulder_capacity,reactive_agility;acceleration;landing_capacity;planned_change_of_direction;reactive_elastic_strength;vertical_power;shoulder_capacity;calf_soleus_capacity,"ordinal evidence-informed retrieval weighting; athlete deficits, schedule, safety and external load may lower or omit a category",shoulder_capacity,0.65,vertical_power,0.6,landing_capacity,0.5,reactive_elastic_strength,0.45,reactive_agility,0.4,calf_soleus_capacity,0.35,acceleration,0.3,planned_change_of_direction,0.3
volleyball,role,setter,transition,general_performance,shoulder_capacity,reactive_agility;acceleration;landing_capacity;reactive_elastic_strength;vertical_power;maximum_strength;shoulder_capacity;calf_soleus_capacity,"ordinal evidence-informed retrieval weighting; athlete deficits, schedule, safety and external load may lower or omit a category",shoulder_capacity,0.65,vertical_power,0.6,landing_capacity,0.5,reactive_elastic_strength,0.45,reactive_agility,0.4,maximum_strength,0.4,calf_soleus_capacity,0.35,acceleration,0.3
volleyball,role,setter,transition,strength_power,vertical_power,reactive_agility;acceleration;landing_capacity;reactive_elastic_strength;vertical_power;maximum_strength;shoulder_capacity;calf_soleus_capacity,"ordinal evidence-informed retrieval weighting; athlete deficits, schedule, safety and external load may lower or omit a category",vertical_power,0.8,maximum_strength,0.7,shoulder_capacity,0.65,landing_capacity,0.5,reactive_elastic_strength,0.45,reactive_agility,0.4,calf_soleus_capacity,0.35,acceleration,0.3
volleyball,role,setter,transition,speed_movement,reactive_agility,reactive_agility;acceleration;landing_capacity;planned_change_of_direction;reactive_elastic_strength;vertical_power;maximum_strength;shoulder_capacity,"ordinal evidence-informed retrieval weighting; athlete deficits, schedule, safety and external load may lower or omit a category",reactive_agility,0.65,landing_capacity,0.65,shoulder_capacity,0.65,acceleration,0.6,reactive_elastic_strength,0.6,vertical_power,0.6,planned_change_of_direction,0.55,maximum_strength,0.4
volleyball,role,setter,transition,conditioning,shoulder_capacity,reactive_agility;acceleration;landing_capacity;reactive_elastic_strength;vertical_power;maximum_strength;shoulder_capacity;calf_soleus_capacity,"ordinal evidence-informed retrieval weighting; athlete deficits, schedule, safety and external load may lower or omit a category",shoulder_capacity,0.65,vertical_power,0.6,landing_capacity,0.5,reactive_elastic_strength,0.45,reactive_agility,0.4,maximum_strength,0.4,calf_soleus_capacity,0.35,acceleration,0.3
volleyball,role,outside_hitter,general_preparation,general_performance,maximum_strength,acceleration;landing_capacity;planned_change_of_direction;reactive_elastic_strength;vertical_power;maximum_strength;calf_soleus_capacity;shoulder_capacity,"ordinal evidence-informed retrieval weighting; athlete deficits, schedule, safety and external load may lower or omit a category",maximum_strength,0.55,landing_capacity,0.5,vertical_power,0.5,reactive_elastic_strength,0.45,calf_soleus_capacity,0.4,shoulder_capacity,0.4,acceleration,0.3,planned_change_of_direction,0.3
volleyball,role,outside_hitter,general_preparation,strength_power,maximum_strength,acceleration;landing_capacity;planned_change_of_direction;reactive_elastic_strength;vertical_power;maximum_strength;calf_soleus_capacity;shoulder_capacity,"ordinal evidence-informed retrieval weighting; athlete deficits, schedule, safety and external load may lower or omit a category",maximum_strength,0.85,vertical_power,0.7,landing_capacity,0.5,reactive_elastic_strength,0.45,calf_soleus_capacity,0.4,shoulder_capacity,0.4,acceleration,0.3,planned_change_of_direction,0.3
volleyball,role,outside_hitter,general_preparation,speed_movement,landing_capacity,acceleration;landing_capacity;planned_change_of_direction;reactive_elastic_strength;vertical_power;maximum_strength;calf_soleus_capacity;shoulder_capacity,"ordinal evidence-informed retrieval weighting; athlete deficits, schedule, safety and external load may lower or omit a category",landing_capacity,0.65,acceleration,0.6,reactive_elastic_strength,0.6,planned_change_of_direction,0.55,maximum_strength,0.55,vertical_power,0.5,calf_soleus_capacity,0.4,shoulder_capacity,0.4
volleyball,role,outside_hitter,general_preparation,conditioning,maximum_strength,acceleration;landing_capacity;planned_change_of_direction;reactive_elastic_strength;vertical_power;maximum_strength;calf_soleus_capacity;shoulder_capacity,"ordinal evidence-informed retrieval weighting; athlete deficits, schedule, safety and external load may lower or omit a category",maximum_strength,0.55,landing_capacity,0.5,vertical_power,0.5,reactive_elastic_strength,0.45,calf_soleus_capacity,0.4,shoulder_capacity,0.4,acceleration,0.3,planned_change_of_direction,0.3
volleyball,role,outside_hitter,specific_preparation,general_performance,vertical_power,acceleration;landing_capacity;planned_change_of_direction;reactive_elastic_strength;vertical_power;maximum_strength;calf_soleus_capacity;shoulder_capacity,"ordinal evidence-informed retrieval weighting; athlete deficits, schedule, safety and external load may lower or omit a category",vertical_power,0.6,reactive_elastic_strength,0.55,landing_capacity,0.5,acceleration,0.45,planned_change_of_direction,0.45,maximum_strength,0.4,calf_soleus_capacity,0.35,shoulder_capacity,0.35
volleyball,role,outside_hitter,specific_preparation,strength_power,vertical_power,acceleration;landing_capacity;planned_change_of_direction;reactive_elastic_strength;vertical_power;maximum_strength;calf_soleus_capacity;shoulder_capacity,"ordinal evidence-informed retrieval weighting; athlete deficits, schedule, safety and external load may lower or omit a category",vertical_power,0.8,maximum_strength,0.7,reactive_elastic_strength,0.55,landing_capacity,0.5,acceleration,0.45,planned_change_of_direction,0.45,calf_soleus_capacity,0.35,shoulder_capacity,0.35
volleyball,role,outside_hitter,specific_preparation,speed_movement,acceleration,acceleration;planned_change_of_direction;landing_capacity;reactive_elastic_strength;vertical_power;maximum_strength;calf_soleus_capacity;shoulder_capacity,"ordinal evidence-informed retrieval weighting; athlete deficits, schedule, safety and external load may lower or omit a category",acceleration,0.75,planned_change_of_direction,0.7,reactive_elastic_strength,0.7,landing_capacity,0.65,vertical_power,0.6,maximum_strength,0.4,calf_soleus_capacity,0.35,shoulder_capacity,0.35
volleyball,role,outside_hitter,specific_preparation,conditioning,vertical_power,acceleration;landing_capacity;planned_change_of_direction;reactive_elastic_strength;vertical_power;maximum_strength;calf_soleus_capacity;shoulder_capacity,"ordinal evidence-informed retrieval weighting; athlete deficits, schedule, safety and external load may lower or omit a category",vertical_power,0.6,reactive_elastic_strength,0.55,landing_capacity,0.5,acceleration,0.45,planned_change_of_direction,0.45,maximum_strength,0.4,calf_soleus_capacity,0.35,shoulder_capacity,0.35
volleyball,role,outside_hitter,competition,general_performance,landing_capacity,acceleration;landing_capacity;planned_change_of_direction;reactive_elastic_strength;vertical_power;maximum_strength;calf_soleus_capacity;shoulder_capacity,"ordinal evidence-informed retrieval weighting; athlete deficits, schedule, safety and external load may lower or omit a category",landing_capacity,0.5,vertical_power,0.5,reactive_elastic_strength,0.45,calf_soleus_capacity,0.35,shoulder_capacity,0.35,acceleration,0.3,planned_change_of_direction,0.3,maximum_strength,0.3
volleyball,role,outside_hitter,competition,strength_power,vertical_power,acceleration;landing_capacity;planned_change_of_direction;reactive_elastic_strength;vertical_power;maximum_strength;calf_soleus_capacity;shoulder_capacity,"ordinal evidence-informed retrieval weighting; athlete deficits, schedule, safety and external load may lower or omit a category",vertical_power,0.7,maximum_strength,0.6,landing_capacity,0.5,reactive_elastic_strength,0.45,calf_soleus_capacity,0.35,shoulder_capacity,0.35,acceleration,0.3,planned_change_of_direction,0.3
volleyball,role,outside_hitter,competition,speed_movement,landing_capacity,acceleration;landing_capacity;planned_change_of_direction;reactive_elastic_strength;vertical_power;maximum_strength;calf_soleus_capacity;shoulder_capacity,"ordinal evidence-informed retrieval weighting; athlete deficits, schedule, safety and external load may lower or omit a category",landing_capacity,0.65,acceleration,0.6,reactive_elastic_strength,0.6,planned_change_of_direction,0.55,vertical_power,0.5,calf_soleus_capacity,0.35,shoulder_capacity,0.35,maximum_strength,0.3
volleyball,role,outside_hitter,competition,conditioning,landing_capacity,acceleration;landing_capacity;planned_change_of_direction;reactive_elastic_strength;vertical_power;maximum_strength;calf_soleus_capacity;shoulder_capacity,"ordinal evidence-informed retrieval weighting; athlete deficits, schedule, safety and external load may lower or omit a category",landing_capacity,0.5,vertical_power,0.5,reactive_elastic_strength,0.45,calf_soleus_capacity,0.35,shoulder_capacity,0.35,acceleration,0.3,planned_change_of_direction,0.3,maximum_strength,0.3
volleyball,role,outside_hitter,transition,general_performance,landing_capacity,acceleration;landing_capacity;planned_change_of_direction;reactive_elastic_strength;vertical_power;maximum_strength;calf_soleus_capacity;shoulder_capacity,"ordinal evidence-informed retrieval weighting; athlete deficits, schedule, safety and external load may lower or omit a category",landing_capacity,0.5,vertical_power,0.5,reactive_elastic_strength,0.45,maximum_strength,0.4,calf_soleus_capacity,0.35,shoulder_capacity,0.35,acceleration,0.3,planned_change_of_direction,0.3
volleyball,role,outside_hitter,transition,strength_power,vertical_power,acceleration;landing_capacity;planned_change_of_direction;reactive_elastic_strength;vertical_power;maximum_strength;calf_soleus_capacity;shoulder_capacity,"ordinal evidence-informed retrieval weighting; athlete deficits, schedule, safety and external load may lower or omit a category",vertical_power,0.7,maximum_strength,0.7,landing_capacity,0.5,reactive_elastic_strength,0.45,calf_soleus_capacity,0.35,shoulder_capacity,0.35,acceleration,0.3,planned_change_of_direction,0.3
volleyball,role,outside_hitter,transition,speed_movement,landing_capacity,acceleration;landing_capacity;planned_change_of_direction;reactive_elastic_strength;vertical_power;maximum_strength;calf_soleus_capacity;shoulder_capacity,"ordinal evidence-informed retrieval weighting; athlete deficits, schedule, safety and external load may lower or omit a category",landing_capacity,0.65,acceleration,0.6,reactive_elastic_strength,0.6,planned_change_of_direction,0.55,vertical_power,0.5,maximum_strength,0.4,calf_soleus_capacity,0.35,shoulder_capacity,0.35
volleyball,role,outside_hitter,transition,conditioning,landing_capacity,acceleration;landing_capacity;planned_change_of_direction;reactive_elastic_strength;vertical_power;maximum_strength;calf_soleus_capacity;shoulder_capacity,"ordinal evidence-informed retrieval weighting; athlete deficits, schedule, safety and external load may lower or omit a category",landing_capacity,0.5,vertical_power,0.5,reactive_elastic_strength,0.45,maximum_strength,0.4,calf_soleus_capacity,0.35,shoulder_capacity,0.35,acceleration,0.3,planned_change_of_direction,0.3
volleyball,role,opposite,general_preparation,general_performance,maximum_strength,acceleration;landing_capacity;planned_change_of_direction;reactive_elastic_strength;vertical_power;maximum_strength;calf_soleus_capacity;shoulder_capacity,"ordinal evidence-informed retrieval weighting; athlete deficits, schedule, safety and external load may lower or omit a category",maximum_strength,0.55,landing_capacity,0.5,vertical_power,0.5,reactive_elastic_strength,0.45,calf_soleus_capacity,0.4,shoulder_capacity,0.4,acceleration,0.3,planned_change_of_direction,0.3
volleyball,role,opposite,general_preparation,strength_power,maximum_strength,acceleration;landing_capacity;planned_change_of_direction;reactive_elastic_strength;vertical_power;maximum_strength;calf_soleus_capacity;shoulder_capacity,"ordinal evidence-informed retrieval weighting; athlete deficits, schedule, safety and external load may lower or omit a category",maximum_strength,0.85,vertical_power,0.7,landing_capacity,0.5,reactive_elastic_strength,0.45,calf_soleus_capacity,0.4,shoulder_capacity,0.4,acceleration,0.3,planned_change_of_direction,0.3
volleyball,role,opposite,general_preparation,speed_movement,landing_capacity,acceleration;landing_capacity;planned_change_of_direction;reactive_elastic_strength;vertical_power;maximum_strength;calf_soleus_capacity;shoulder_capacity,"ordinal evidence-informed retrieval weighting; athlete deficits, schedule, safety and external load may lower or omit a category",landing_capacity,0.65,acceleration,0.6,reactive_elastic_strength,0.6,planned_change_of_direction,0.55,maximum_strength,0.55,vertical_power,0.5,calf_soleus_capacity,0.4,shoulder_capacity,0.4
volleyball,role,opposite,general_preparation,conditioning,maximum_strength,acceleration;landing_capacity;planned_change_of_direction;reactive_elastic_strength;vertical_power;maximum_strength;calf_soleus_capacity;shoulder_capacity,"ordinal evidence-informed retrieval weighting; athlete deficits, schedule, safety and external load may lower or omit a category",maximum_strength,0.55,landing_capacity,0.5,vertical_power,0.5,reactive_elastic_strength,0.45,calf_soleus_capacity,0.4,shoulder_capacity,0.4,acceleration,0.3,planned_change_of_direction,0.3
volleyball,role,opposite,specific_preparation,general_performance,vertical_power,acceleration;landing_capacity;planned_change_of_direction;reactive_elastic_strength;vertical_power;maximum_strength;calf_soleus_capacity;shoulder_capacity,"ordinal evidence-informed retrieval weighting; athlete deficits, schedule, safety and external load may lower or omit a category",vertical_power,0.6,reactive_elastic_strength,0.55,landing_capacity,0.5,acceleration,0.45,planned_change_of_direction,0.45,maximum_strength,0.4,calf_soleus_capacity,0.35,shoulder_capacity,0.35
volleyball,role,opposite,specific_preparation,strength_power,vertical_power,acceleration;landing_capacity;planned_change_of_direction;reactive_elastic_strength;vertical_power;maximum_strength;calf_soleus_capacity;shoulder_capacity,"ordinal evidence-informed retrieval weighting; athlete deficits, schedule, safety and external load may lower or omit a category",vertical_power,0.8,maximum_strength,0.7,reactive_elastic_strength,0.55,landing_capacity,0.5,acceleration,0.45,planned_change_of_direction,0.45,calf_soleus_capacity,0.35,shoulder_capacity,0.35
volleyball,role,opposite,specific_preparation,speed_movement,acceleration,acceleration;planned_change_of_direction;landing_capacity;reactive_elastic_strength;vertical_power;maximum_strength;calf_soleus_capacity;shoulder_capacity,"ordinal evidence-informed retrieval weighting; athlete deficits, schedule, safety and external load may lower or omit a category",acceleration,0.75,planned_change_of_direction,0.7,reactive_elastic_strength,0.7,landing_capacity,0.65,vertical_power,0.6,maximum_strength,0.4,calf_soleus_capacity,0.35,shoulder_capacity,0.35
volleyball,role,opposite,specific_preparation,conditioning,vertical_power,acceleration;landing_capacity;planned_change_of_direction;reactive_elastic_strength;vertical_power;maximum_strength;calf_soleus_capacity;shoulder_capacity,"ordinal evidence-informed retrieval weighting; athlete deficits, schedule, safety and external load may lower or omit a category",vertical_power,0.6,reactive_elastic_strength,0.55,landing_capacity,0.5,acceleration,0.45,planned_change_of_direction,0.45,maximum_strength,0.4,calf_soleus_capacity,0.35,shoulder_capacity,0.35
volleyball,role,opposite,competition,general_performance,landing_capacity,acceleration;landing_capacity;planned_change_of_direction;reactive_elastic_strength;vertical_power;maximum_strength;calf_soleus_capacity;shoulder_capacity,"ordinal evidence-informed retrieval weighting; athlete deficits, schedule, safety and external load may lower or omit a category",landing_capacity,0.5,vertical_power,0.5,reactive_elastic_strength,0.45,calf_soleus_capacity,0.35,shoulder_capacity,0.35,acceleration,0.3,planned_change_of_direction,0.3,maximum_strength,0.3
volleyball,role,opposite,competition,strength_power,vertical_power,acceleration;landing_capacity;planned_change_of_direction;reactive_elastic_strength;vertical_power;maximum_strength;calf_soleus_capacity;shoulder_capacity,"ordinal evidence-informed retrieval weighting; athlete deficits, schedule, safety and external load may lower or omit a category",vertical_power,0.7,maximum_strength,0.6,landing_capacity,0.5,reactive_elastic_strength,0.45,calf_soleus_capacity,0.35,shoulder_capacity,0.35,acceleration,0.3,planned_change_of_direction,0.3
volleyball,role,opposite,competition,speed_movement,landing_capacity,acceleration;landing_capacity;planned_change_of_direction;reactive_elastic_strength;vertical_power;maximum_strength;calf_soleus_capacity;shoulder_capacity,"ordinal evidence-informed retrieval weighting; athlete deficits, schedule, safety and external load may lower or omit a category",landing_capacity,0.65,acceleration,0.6,reactive_elastic_strength,0.6,planned_change_of_direction,0.55,vertical_power,0.5,calf_soleus_capacity,0.35,shoulder_capacity,0.35,maximum_strength,0.3
volleyball,role,opposite,competition,conditioning,landing_capacity,acceleration;landing_capacity;planned_change_of_direction;reactive_elastic_strength;vertical_power;maximum_strength;calf_soleus_capacity;shoulder_capacity,"ordinal evidence-informed retrieval weighting; athlete deficits, schedule, safety and external load may lower or omit a category",landing_capacity,0.5,vertical_power,0.5,reactive_elastic_strength,0.45,calf_soleus_capacity,0.35,shoulder_capacity,0.35,acceleration,0.3,planned_change_of_direction,0.3,maximum_strength,0.3
volleyball,role,opposite,transition,general_performance,landing_capacity,acceleration;landing_capacity;planned_change_of_direction;reactive_elastic_strength;vertical_power;maximum_strength;calf_soleus_capacity;shoulder_capacity,"ordinal evidence-informed retrieval weighting; athlete deficits, schedule, safety and external load may lower or omit a category",landing_capacity,0.5,vertical_power,0.5,reactive_elastic_strength,0.45,maximum_strength,0.4,calf_soleus_capacity,0.35,shoulder_capacity,0.35,acceleration,0.3,planned_change_of_direction,0.3
volleyball,role,opposite,transition,strength_power,vertical_power,acceleration;landing_capacity;planned_change_of_direction;reactive_elastic_strength;vertical_power;maximum_strength;calf_soleus_capacity;shoulder_capacity,"ordinal evidence-informed retrieval weighting; athlete deficits, schedule, safety and external load may lower or omit a category",vertical_power,0.7,maximum_strength,0.7,landing_capacity,0.5,reactive_elastic_strength,0.45,calf_soleus_capacity,0.35,shoulder_capacity,0.35,acceleration,0.3,planned_change_of_direction,0.3
volleyball,role,opposite,transition,speed_movement,landing_capacity,acceleration;landing_capacity;planned_change_of_direction;reactive_elastic_strength;vertical_power;maximum_strength;calf_soleus_capacity;shoulder_capacity,"ordinal evidence-informed retrieval weighting; athlete deficits, schedule, safety and external load may lower or omit a category",landing_capacity,0.65,acceleration,0.6,reactive_elastic_strength,0.6,planned_change_of_direction,0.55,vertical_power,0.5,maximum_strength,0.4,calf_soleus_capacity,0.35,shoulder_capacity,0.35
volleyball,role,opposite,transition,conditioning,landing_capacity,acceleration;landing_capacity;planned_change_of_direction;reactive_elastic_strength;vertical_power;maximum_strength;calf_soleus_capacity;shoulder_capacity,"ordinal evidence-informed retrieval weighting; athlete deficits, schedule, safety and external load may lower or omit a category",landing_capacity,0.5,vertical_power,0.5,reactive_elastic_strength,0.45,maximum_strength,0.4,calf_soleus_capacity,0.35,shoulder_capacity,0.35,acceleration,0.3,planned_change_of_direction,0.3
volleyball,role,middle_blocker,general_preparation,general_performance,landing_capacity,acceleration;landing_capacity;planned_change_of_direction;reactive_elastic_strength;vertical_power;maximum_strength;calf_soleus_capacity;shoulder_capacity,"ordinal evidence-informed retrieval weighting; athlete deficits, schedule, safety and external load may lower or omit a category",landing_capacity,1.0,vertical_power,1.0,reactive_elastic_strength,0.85,maximum_strength,0.55,calf_soleus_capacity,0.4,shoulder_capacity,0.4,acceleration,0.3,planned_change_of_direction,0.3
volleyball,role,middle_blocker,general_preparation,strength_power,vertical_power,acceleration;landing_capacity;planned_change_of_direction;reactive_elastic_strength;vertical_power;maximum_strength;calf_soleus_capacity;shoulder_capacity,"ordinal evidence-informed retrieval weighting; athlete deficits, schedule, safety and external load may lower or omit a category",vertical_power,1.0,landing_capacity,1.0,reactive_elastic_strength,0.85,maximum_strength,0.85,calf_soleus_capacity,0.4,shoulder_capacity,0.4,acceleration,0.3,planned_change_of_direction,0.3
volleyball,role,middle_blocker,general_preparation,speed_movement,landing_capacity,acceleration;landing_capacity;planned_change_of_direction;reactive_elastic_strength;vertical_power;maximum_strength;calf_soleus_capacity;shoulder_capacity,"ordinal evidence-informed retrieval weighting; athlete deficits, schedule, safety and external load may lower or omit a category",landing_capacity,1.0,reactive_elastic_strength,1.0,vertical_power,1.0,acceleration,0.6,planned_change_of_direction,0.55,maximum_strength,0.55,calf_soleus_capacity,0.4,shoulder_capacity,0.4
volleyball,role,middle_blocker,general_preparation,conditioning,landing_capacity,acceleration;landing_capacity;planned_change_of_direction;reactive_elastic_strength;vertical_power;maximum_strength;calf_soleus_capacity;shoulder_capacity,"ordinal evidence-informed retrieval weighting; athlete deficits, schedule, safety and external load may lower or omit a category",landing_capacity,1.0,vertical_power,1.0,reactive_elastic_strength,0.85,maximum_strength,0.55,calf_soleus_capacity,0.4,shoulder_capacity,0.4,acceleration,0.3,planned_change_of_direction,0.3
volleyball,role,middle_blocker,specific_preparation,general_performance,vertical_power,acceleration;landing_capacity;planned_change_of_direction;reactive_elastic_strength;vertical_power;maximum_strength;calf_soleus_capacity;shoulder_capacity,"ordinal evidence-informed retrieval weighting; athlete deficits, schedule, safety and external load may lower or omit a category",vertical_power,1.0,landing_capacity,1.0,reactive_elastic_strength,0.95,acceleration,0.45,planned_change_of_direction,0.45,maximum_strength,0.4,calf_soleus_capacity,0.35,shoulder_capacity,0.35
volleyball,role,middle_blocker,specific_preparation,strength_power,vertical_power,acceleration;landing_capacity;planned_change_of_direction;reactive_elastic_strength;vertical_power;maximum_strength;calf_soleus_capacity;shoulder_capacity,"ordinal evidence-informed retrieval weighting; athlete deficits, schedule, safety and external load may lower or omit a category",vertical_power,1.0,landing_capacity,1.0,reactive_elastic_strength,0.95,maximum_strength,0.7,acceleration,0.45,planned_change_of_direction,0.45,calf_soleus_capacity,0.35,shoulder_capacity,0.35
volleyball,role,middle_blocker,specific_preparation,speed_movement,landing_capacity,acceleration;landing_capacity;planned_change_of_direction;reactive_elastic_strength;vertical_power;maximum_strength;calf_soleus_capacity;shoulder_capacity,"ordinal evidence-informed retrieval weighting; athlete deficits, schedule, safety and external load may lower or omit a category",landing_capacity,1.0,reactive_elastic_strength,1.0,vertical_power,1.0,acceleration,0.75,planned_change_of_direction,0.7,maximum_strength,0.4,calf_soleus_capacity,0.35,shoulder_capacity,0.35
volleyball,role,middle_blocker,specific_preparation,conditioning,vertical_power,acceleration;landing_capacity;planned_change_of_direction;reactive_elastic_strength;vertical_power;maximum_strength;calf_soleus_capacity;shoulder_capacity,"ordinal evidence-informed retrieval weighting; athlete deficits, schedule, safety and external load may lower or omit a category",vertical_power,1.0,landing_capacity,1.0,reactive_elastic_strength,0.95,acceleration,0.45,planned_change_of_direction,0.45,maximum_strength,0.4,calf_soleus_capacity,0.35,shoulder_capacity,0.35
volleyball,role,middle_blocker,competition,general_performance,landing_capacity,acceleration;landing_capacity;planned_change_of_direction;reactive_elastic_strength;vertical_power;maximum_strength;calf_soleus_capacity;shoulder_capacity,"ordinal evidence-informed retrieval weighting; athlete deficits, schedule, safety and external load may lower or omit a category",landing_capacity,1.0,vertical_power,1.0,reactive_elastic_strength,0.85,calf_soleus_capacity,0.35,shoulder_capacity,0.35,acceleration,0.3,planned_change_of_direction,0.3,maximum_strength,0.3
volleyball,role,middle_blocker,competition,strength_power,vertical_power,acceleration;landing_capacity;planned_change_of_direction;reactive_elastic_strength;vertical_power;maximum_strength;calf_soleus_capacity;shoulder_capacity,"ordinal evidence-informed retrieval weighting; athlete deficits, schedule, safety and external load may lower or omit a category",vertical_power,1.0,landing_capacity,1.0,reactive_elastic_strength,0.85,maximum_strength,0.6,calf_soleus_capacity,0.35,shoulder_capacity,0.35,acceleration,0.3,planned_change_of_direction,0.3
volleyball,role,middle_blocker,competition,speed_movement,landing_capacity,acceleration;landing_capacity;planned_change_of_direction;reactive_elastic_strength;vertical_power;maximum_strength;calf_soleus_capacity;shoulder_capacity,"ordinal evidence-informed retrieval weighting; athlete deficits, schedule, safety and external load may lower or omit a category",landing_capacity,1.0,reactive_elastic_strength,1.0,vertical_power,1.0,acceleration,0.6,planned_change_of_direction,0.55,calf_soleus_capacity,0.35,shoulder_capacity,0.35,maximum_strength,0.3
volleyball,role,middle_blocker,competition,conditioning,landing_capacity,acceleration;landing_capacity;planned_change_of_direction;reactive_elastic_strength;vertical_power;maximum_strength;calf_soleus_capacity;shoulder_capacity,"ordinal evidence-informed retrieval weighting; athlete deficits, schedule, safety and external load may lower or omit a category",landing_capacity,1.0,vertical_power,1.0,reactive_elastic_strength,0.85,calf_soleus_capacity,0.35,shoulder_capacity,0.35,acceleration,0.3,planned_change_of_direction,0.3,maximum_strength,0.3
volleyball,role,middle_blocker,transition,general_performance,landing_capacity,acceleration;landing_capacity;planned_change_of_direction;reactive_elastic_strength;vertical_power;maximum_strength;calf_soleus_capacity;shoulder_capacity,"ordinal evidence-informed retrieval weighting; athlete deficits, schedule, safety and external load may lower or omit a category",landing_capacity,1.0,vertical_power,1.0,reactive_elastic_strength,0.85,maximum_strength,0.4,calf_soleus_capacity,0.35,shoulder_capacity,0.35,acceleration,0.3,planned_change_of_direction,0.3
volleyball,role,middle_blocker,transition,strength_power,vertical_power,acceleration;landing_capacity;planned_change_of_direction;reactive_elastic_strength;vertical_power;maximum_strength;calf_soleus_capacity;shoulder_capacity,"ordinal evidence-informed retrieval weighting; athlete deficits, schedule, safety and external load may lower or omit a category",vertical_power,1.0,landing_capacity,1.0,reactive_elastic_strength,0.85,maximum_strength,0.7,calf_soleus_capacity,0.35,shoulder_capacity,0.35,acceleration,0.3,planned_change_of_direction,0.3
volleyball,role,middle_blocker,transition,speed_movement,landing_capacity,acceleration;landing_capacity;planned_change_of_direction;reactive_elastic_strength;vertical_power;maximum_strength;calf_soleus_capacity;shoulder_capacity,"ordinal evidence-informed retrieval weighting; athlete deficits, schedule, safety and external load may lower or omit a category",landing_capacity,1.0,reactive_elastic_strength,1.0,vertical_power,1.0,acceleration,0.6,planned_change_of_direction,0.55,maximum_strength,0.4,calf_soleus_capacity,0.35,shoulder_capacity,0.35
volleyball,role,middle_blocker,transition,conditioning,landing_capacity,acceleration;landing_capacity;planned_change_of_direction;reactive_elastic_strength;vertical_power;maximum_strength;calf_soleus_capacity;shoulder_capacity,"ordinal evidence-informed retrieval weighting; athlete deficits, schedule, safety and external load may lower or omit a category",landing_capacity,1.0,vertical_power,1.0,reactive_elastic_strength,0.85,maximum_strength,0.4,calf_soleus_capacity,0.35,shoulder_capacity,0.35,acceleration,0.3,planned_change_of_direction,0.3
volleyball,role,libero,general_preparation,general_performance,planned_change_of_direction,reactive_agility;planned_change_of_direction;landing_capacity;deceleration;reactive_elastic_strength;maximum_strength;calf_soleus_capacity;shoulder_capacity,"ordinal evidence-informed retrieval weighting; athlete deficits, schedule, safety and external load may lower or omit a category",planned_change_of_direction,0.7,reactive_agility,0.6,maximum_strength,0.55,landing_capacity,0.5,reactive_elastic_strength,0.45,deceleration,0.4,calf_soleus_capacity,0.4,shoulder_capacity,0.4
volleyball,role,libero,general_preparation,strength_power,maximum_strength,reactive_agility;planned_change_of_direction;landing_capacity;deceleration;reactive_elastic_strength;vertical_power;maximum_strength;calf_soleus_capacity,"ordinal evidence-informed retrieval weighting; athlete deficits, schedule, safety and external load may lower or omit a category",maximum_strength,0.85,planned_change_of_direction,0.7,reactive_agility,0.6,landing_capacity,0.5,reactive_elastic_strength,0.45,deceleration,0.4,vertical_power,0.4,calf_soleus_capacity,0.4
volleyball,role,libero,general_preparation,speed_movement,planned_change_of_direction,reactive_agility;acceleration;planned_change_of_direction;deceleration;landing_capacity;reactive_elastic_strength;maximum_strength;calf_soleus_capacity,"ordinal evidence-informed retrieval weighting; athlete deficits, schedule, safety and external load may lower or omit a category",planned_change_of_direction,0.95,reactive_agility,0.85,deceleration,0.65,landing_capacity,0.65,acceleration,0.6,reactive_elastic_strength,0.6,maximum_strength,0.55,calf_soleus_capacity,0.4
volleyball,role,libero,general_preparation,conditioning,planned_change_of_direction,reactive_agility;planned_change_of_direction;landing_capacity;deceleration;reactive_elastic_strength;maximum_strength;calf_soleus_capacity;shoulder_capacity,"ordinal evidence-informed retrieval weighting; athlete deficits, schedule, safety and external load may lower or omit a category",planned_change_of_direction,0.7,reactive_agility,0.6,maximum_strength,0.55,landing_capacity,0.5,reactive_elastic_strength,0.45,deceleration,0.4,calf_soleus_capacity,0.4,shoulder_capacity,0.4
volleyball,role,libero,specific_preparation,general_performance,planned_change_of_direction,reactive_agility;acceleration;planned_change_of_direction;deceleration;landing_capacity;reactive_elastic_strength;maximum_strength;calf_soleus_capacity,"ordinal evidence-informed retrieval weighting; athlete deficits, schedule, safety and external load may lower or omit a category",planned_change_of_direction,0.85,reactive_agility,0.75,deceleration,0.55,reactive_elastic_strength,0.55,landing_capacity,0.5,acceleration,0.45,maximum_strength,0.4,calf_soleus_capacity,0.35
volleyball,role,libero,specific_preparation,strength_power,planned_change_of_direction,reactive_agility;acceleration;planned_change_of_direction;deceleration;landing_capacity;reactive_elastic_strength;vertical_power;maximum_strength,"ordinal evidence-informed retrieval weighting; athlete deficits, schedule, safety and external load may lower or omit a category",planned_change_of_direction,0.85,reactive_agility,0.75,maximum_strength,0.7,deceleration,0.55,reactive_elastic_strength,0.55,landing_capacity,0.5,vertical_power,0.5,acceleration,0.45
volleyball,role,libero,specific_preparation,speed_movement,planned_change_of_direction,reactive_agility;acceleration;planned_change_of_direction;deceleration;landing_capacity;reactive_elastic_strength;maximum_strength;calf_soleus_capacity,"ordinal evidence-informed retrieval weighting; athlete deficits, schedule, safety and external load may lower or omit a category",planned_change_of_direction,1.0,reactive_agility,1.0,deceleration,0.8,acceleration,0.75,reactive_elastic_strength,0.7,landing_capacity,0.65,maximum_strength,0.4,calf_soleus_capacity,0.35
volleyball,role,libero,specific_preparation,conditioning,planned_change_of_direction,reactive_agility;acceleration;planned_change_of_direction;deceleration;landing_capacity;reactive_elastic_strength;maximum_strength;calf_soleus_capacity,"ordinal evidence-informed retrieval weighting; athlete deficits, schedule, safety and external load may lower or omit a category",planned_change_of_direction,0.85,reactive_agility,0.75,deceleration,0.55,reactive_elastic_strength,0.55,landing_capacity,0.5,acceleration,0.45,maximum_strength,0.4,calf_soleus_capacity,0.35
volleyball,role,libero,competition,general_performance,planned_change_of_direction,reactive_agility;acceleration;planned_change_of_direction;landing_capacity;deceleration;reactive_elastic_strength;calf_soleus_capacity;shoulder_capacity,"ordinal evidence-informed retrieval weighting; athlete deficits, schedule, safety and external load may lower or omit a category",planned_change_of_direction,0.7,reactive_agility,0.6,landing_capacity,0.5,reactive_elastic_strength,0.45,deceleration,0.4,calf_soleus_capacity,0.35,shoulder_capacity,0.35,acceleration,0.3
volleyball,role,libero,competition,strength_power,planned_change_of_direction,reactive_agility;planned_change_of_direction;landing_capacity;deceleration;reactive_elastic_strength;vertical_power;maximum_strength;calf_soleus_capacity,"ordinal evidence-informed retrieval weighting; athlete deficits, schedule, safety and external load may lower or omit a category",planned_change_of_direction,0.7,reactive_agility,0.6,maximum_strength,0.6,landing_capacity,0.5,reactive_elastic_strength,0.45,deceleration,0.4,vertical_power,0.4,calf_soleus_capacity,0.35
volleyball,role,libero,competition,speed_movement,planned_change_of_direction,reactive_agility;acceleration;planned_change_of_direction;deceleration;landing_capacity;reactive_elastic_strength;calf_soleus_capacity;shoulder_capacity,"ordinal evidence-informed retrieval weighting; athlete deficits, schedule, safety and external load may lower or omit a category",planned_change_of_direction,0.95,reactive_agility,0.85,deceleration,0.65,landing_capacity,0.65,acceleration,0.6,reactive_elastic_strength,0.6,calf_soleus_capacity,0.35,shoulder_capacity,0.35
volleyball,role,libero,competition,conditioning,planned_change_of_direction,reactive_agility;acceleration;planned_change_of_direction;landing_capacity;deceleration;reactive_elastic_strength;calf_soleus_capacity;shoulder_capacity,"ordinal evidence-informed retrieval weighting; athlete deficits, schedule, safety and external load may lower or omit a category",planned_change_of_direction,0.7,reactive_agility,0.6,landing_capacity,0.5,reactive_elastic_strength,0.45,deceleration,0.4,calf_soleus_capacity,0.35,shoulder_capacity,0.35,acceleration,0.3
volleyball,role,libero,transition,general_performance,planned_change_of_direction,reactive_agility;planned_change_of_direction;landing_capacity;deceleration;reactive_elastic_strength;maximum_strength;calf_soleus_capacity;shoulder_capacity,"ordinal evidence-informed retrieval weighting; athlete deficits, schedule, safety and external load may lower or omit a category",planned_change_of_direction,0.7,reactive_agility,0.6,landing_capacity,0.5,reactive_elastic_strength,0.45,deceleration,0.4,maximum_strength,0.4,calf_soleus_capacity,0.35,shoulder_capacity,0.35
volleyball,role,libero,transition,strength_power,planned_change_of_direction,reactive_agility;planned_change_of_direction;landing_capacity;deceleration;reactive_elastic_strength;vertical_power;maximum_strength;calf_soleus_capacity,"ordinal evidence-informed retrieval weighting; athlete deficits, schedule, safety and external load may lower or omit a category",planned_change_of_direction,0.7,maximum_strength,0.7,reactive_agility,0.6,landing_capacity,0.5,reactive_elastic_strength,0.45,deceleration,0.4,vertical_power,0.4,calf_soleus_capacity,0.35
volleyball,role,libero,transition,speed_movement,planned_change_of_direction,reactive_agility;acceleration;planned_change_of_direction;deceleration;landing_capacity;reactive_elastic_strength;maximum_strength;calf_soleus_capacity,"ordinal evidence-informed retrieval weighting; athlete deficits, schedule, safety and external load may lower or omit a category",planned_change_of_direction,0.95,reactive_agility,0.85,deceleration,0.65,landing_capacity,0.65,acceleration,0.6,reactive_elastic_strength,0.6,maximum_strength,0.4,calf_soleus_capacity,0.35
volleyball,role,libero,transition,conditioning,planned_change_of_direction,reactive_agility;planned_change_of_direction;landing_capacity;deceleration;reactive_elastic_strength;maximum_strength;calf_soleus_capacity;shoulder_capacity,"ordinal evidence-informed retrieval weighting; athlete deficits, schedule, safety and external load may lower or omit a category",planned_change_of_direction,0.7,reactive_agility,0.6,landing_capacity,0.5,reactive_elastic_strength,0.45,deceleration,0.4,maximum_strength,0.4,calf_soleus_capacity,0.35,shoulder_capacity,0.35
badminton,format,singles,general_preparation,general_performance,repeated_high_intensity_ability,reactive_agility;acceleration;deceleration;planned_change_of_direction;landing_capacity;reactive_elastic_strength;repeated_high_intensity_ability;aerobic_capacity,"ordinal evidence-informed retrieval weighting; athlete deficits, schedule, safety and external load may lower or omit a category",repeated_high_intensity_ability,0.75,deceleration,0.7,aerobic_capacity,0.65,reactive_agility,0.5,acceleration,0.45,planned_change_of_direction,0.45,landing_capacity,0.4,reactive_elastic_strength,0.4
badminton,format,singles,general_preparation,strength_power,repeated_high_intensity_ability,reactive_agility;acceleration;deceleration;planned_change_of_direction;landing_capacity;rotational_power;repeated_high_intensity_ability;aerobic_capacity,"ordinal evidence-informed retrieval weighting; athlete deficits, schedule, safety and external load may lower or omit a category",repeated_high_intensity_ability,0.75,deceleration,0.7,aerobic_capacity,0.65,rotational_power,0.55,reactive_agility,0.5,acceleration,0.45,planned_change_of_direction,0.45,landing_capacity,0.4
badminton,format,singles,general_preparation,speed_movement,deceleration,acceleration;reactive_agility;deceleration;planned_change_of_direction;landing_capacity;reactive_elastic_strength;repeated_high_intensity_ability;aerobic_capacity,"ordinal evidence-informed retrieval weighting; athlete deficits, schedule, safety and external load may lower or omit a category",deceleration,0.95,acceleration,0.75,reactive_agility,0.75,repeated_high_intensity_ability,0.75,planned_change_of_direction,0.7,aerobic_capacity,0.65,landing_capacity,0.55,reactive_elastic_strength,0.55
badminton,format,singles,general_preparation,conditioning,repeated_high_intensity_ability,reactive_agility;acceleration;deceleration;planned_change_of_direction;landing_capacity;reactive_elastic_strength;repeated_high_intensity_ability;aerobic_capacity,"ordinal evidence-informed retrieval weighting; athlete deficits, schedule, safety and external load may lower or omit a category",repeated_high_intensity_ability,1.0,aerobic_capacity,0.95,deceleration,0.7,reactive_agility,0.5,acceleration,0.45,planned_change_of_direction,0.45,landing_capacity,0.4,reactive_elastic_strength,0.4
badminton,format,singles,specific_preparation,general_performance,deceleration,reactive_agility;acceleration;deceleration;planned_change_of_direction;reactive_elastic_strength;rotational_power;repeated_high_intensity_ability;aerobic_capacity,"ordinal evidence-informed retrieval weighting; athlete deficits, schedule, safety and external load may lower or omit a category",deceleration,0.85,repeated_high_intensity_ability,0.85,reactive_agility,0.65,acceleration,0.6,planned_change_of_direction,0.6,reactive_elastic_strength,0.5,aerobic_capacity,0.5,rotational_power,0.45
badminton,format,singles,specific_preparation,strength_power,deceleration,reactive_agility;acceleration;deceleration;planned_change_of_direction;reactive_elastic_strength;rotational_power;repeated_high_intensity_ability;aerobic_capacity,"ordinal evidence-informed retrieval weighting; athlete deficits, schedule, safety and external load may lower or omit a category",deceleration,0.85,repeated_high_intensity_ability,0.85,reactive_agility,0.65,rotational_power,0.65,acceleration,0.6,planned_change_of_direction,0.6,reactive_elastic_strength,0.5,aerobic_capacity,0.5
badminton,format,singles,specific_preparation,speed_movement,deceleration,acceleration;reactive_agility;deceleration;planned_change_of_direction;landing_capacity;reactive_elastic_strength;repeated_high_intensity_ability;aerobic_capacity,"ordinal evidence-informed retrieval weighting; athlete deficits, schedule, safety and external load may lower or omit a category",deceleration,1.0,acceleration,0.9,reactive_agility,0.9,planned_change_of_direction,0.85,repeated_high_intensity_ability,0.85,reactive_elastic_strength,0.65,landing_capacity,0.55,aerobic_capacity,0.5
badminton,format,singles,specific_preparation,conditioning,repeated_high_intensity_ability,reactive_agility;acceleration;deceleration;planned_change_of_direction;reactive_elastic_strength;rotational_power;repeated_high_intensity_ability;aerobic_capacity,"ordinal evidence-informed retrieval weighting; athlete deficits, schedule, safety and external load may lower or omit a category",repeated_high_intensity_ability,1.0,deceleration,0.85,aerobic_capacity,0.8,reactive_agility,0.65,acceleration,0.6,planned_change_of_direction,0.6,reactive_elastic_strength,0.5,rotational_power,0.45
badminton,format,singles,competition,general_performance,repeated_high_intensity_ability,reactive_agility;acceleration;deceleration;planned_change_of_direction;landing_capacity;reactive_elastic_strength;repeated_high_intensity_ability;aerobic_capacity,"ordinal evidence-informed retrieval weighting; athlete deficits, schedule, safety and external load may lower or omit a category",repeated_high_intensity_ability,0.75,deceleration,0.7,reactive_agility,0.5,aerobic_capacity,0.5,acceleration,0.45,planned_change_of_direction,0.45,landing_capacity,0.4,reactive_elastic_strength,0.4
badminton,format,singles,competition,strength_power,repeated_high_intensity_ability,reactive_agility;acceleration;deceleration;planned_change_of_direction;landing_capacity;rotational_power;repeated_high_intensity_ability;aerobic_capacity,"ordinal evidence-informed retrieval weighting; athlete deficits, schedule, safety and external load may lower or omit a category",repeated_high_intensity_ability,0.75,deceleration,0.7,rotational_power,0.55,reactive_agility,0.5,aerobic_capacity,0.5,acceleration,0.45,planned_change_of_direction,0.45,landing_capacity,0.4
badminton,format,singles,competition,speed_movement,deceleration,acceleration;reactive_agility;deceleration;planned_change_of_direction;landing_capacity;reactive_elastic_strength;repeated_high_intensity_ability;aerobic_capacity,"ordinal evidence-informed retrieval weighting; athlete deficits, schedule, safety and external load may lower or omit a category",deceleration,0.95,acceleration,0.75,reactive_agility,0.75,repeated_high_intensity_ability,0.75,planned_change_of_direction,0.7,landing_capacity,0.55,reactive_elastic_strength,0.55,aerobic_capacity,0.5
badminton,format,singles,competition,conditioning,repeated_high_intensity_ability,reactive_agility;acceleration;deceleration;planned_change_of_direction;landing_capacity;reactive_elastic_strength;repeated_high_intensity_ability;aerobic_capacity,"ordinal evidence-informed retrieval weighting; athlete deficits, schedule, safety and external load may lower or omit a category",repeated_high_intensity_ability,1.0,aerobic_capacity,0.8,deceleration,0.7,reactive_agility,0.5,acceleration,0.45,planned_change_of_direction,0.45,landing_capacity,0.4,reactive_elastic_strength,0.4
badminton,format,singles,transition,general_performance,deceleration,reactive_agility;acceleration;deceleration;planned_change_of_direction;landing_capacity;reactive_elastic_strength;aerobic_capacity;repeated_high_intensity_ability,"ordinal evidence-informed retrieval weighting; athlete deficits, schedule, safety and external load may lower or omit a category",deceleration,0.7,aerobic_capacity,0.6,reactive_agility,0.5,repeated_high_intensity_ability,0.5,acceleration,0.45,planned_change_of_direction,0.45,landing_capacity,0.4,reactive_elastic_strength,0.4
badminton,format,singles,transition,strength_power,deceleration,reactive_agility;acceleration;deceleration;planned_change_of_direction;landing_capacity;rotational_power;aerobic_capacity;repeated_high_intensity_ability,"ordinal evidence-informed retrieval weighting; athlete deficits, schedule, safety and external load may lower or omit a category",deceleration,0.7,aerobic_capacity,0.6,rotational_power,0.55,reactive_agility,0.5,repeated_high_intensity_ability,0.5,acceleration,0.45,planned_change_of_direction,0.45,landing_capacity,0.4
badminton,format,singles,transition,speed_movement,deceleration,acceleration;reactive_agility;deceleration;planned_change_of_direction;landing_capacity;reactive_elastic_strength;aerobic_capacity;repeated_high_intensity_ability,"ordinal evidence-informed retrieval weighting; athlete deficits, schedule, safety and external load may lower or omit a category",deceleration,0.95,acceleration,0.75,reactive_agility,0.75,planned_change_of_direction,0.7,aerobic_capacity,0.6,landing_capacity,0.55,reactive_elastic_strength,0.55,repeated_high_intensity_ability,0.5
badminton,format,singles,transition,conditioning,aerobic_capacity,reactive_agility;acceleration;deceleration;planned_change_of_direction;landing_capacity;reactive_elastic_strength;aerobic_capacity;repeated_high_intensity_ability,"ordinal evidence-informed retrieval weighting; athlete deficits, schedule, safety and external load may lower or omit a category",aerobic_capacity,0.9,repeated_high_intensity_ability,0.75,deceleration,0.7,reactive_agility,0.5,acceleration,0.45,planned_change_of_direction,0.45,landing_capacity,0.4,reactive_elastic_strength,0.4
badminton,format,doubles,general_preparation,general_performance,reactive_agility,reactive_agility;acceleration;deceleration;planned_change_of_direction;landing_capacity;reactive_elastic_strength;adductor_capacity;repeated_high_intensity_ability,"ordinal evidence-informed retrieval weighting; athlete deficits, schedule, safety and external load may lower or omit a category",reactive_agility,0.9,acceleration,0.85,deceleration,0.5,planned_change_of_direction,0.45,repeated_high_intensity_ability,0.45,landing_capacity,0.4,reactive_elastic_strength,0.4,adductor_capacity,0.4
badminton,format,doubles,general_preparation,strength_power,reactive_agility,reactive_agility;acceleration;deceleration;planned_change_of_direction;landing_capacity;reactive_elastic_strength;rotational_power;repeated_high_intensity_ability,"ordinal evidence-informed retrieval weighting; athlete deficits, schedule, safety and external load may lower or omit a category",reactive_agility,0.9,acceleration,0.85,rotational_power,0.55,deceleration,0.5,planned_change_of_direction,0.45,repeated_high_intensity_ability,0.45,landing_capacity,0.4,reactive_elastic_strength,0.4
badminton,format,doubles,general_preparation,speed_movement,acceleration,acceleration;reactive_agility;deceleration;planned_change_of_direction;landing_capacity;reactive_elastic_strength;adductor_capacity;repeated_high_intensity_ability,"ordinal evidence-informed retrieval weighting; athlete deficits, schedule, safety and external load may lower or omit a category",acceleration,1.0,reactive_agility,1.0,deceleration,0.75,planned_change_of_direction,0.7,landing_capacity,0.55,reactive_elastic_strength,0.55,repeated_high_intensity_ability,0.45,adductor_capacity,0.4
badminton,format,doubles,general_preparation,conditioning,reactive_agility,reactive_agility;acceleration;deceleration;planned_change_of_direction;landing_capacity;reactive_elastic_strength;adductor_capacity;repeated_high_intensity_ability,"ordinal evidence-informed retrieval weighting; athlete deficits, schedule, safety and external load may lower or omit a category",reactive_agility,0.9,acceleration,0.85,repeated_high_intensity_ability,0.7,deceleration,0.5,planned_change_of_direction,0.45,landing_capacity,0.4,reactive_elastic_strength,0.4,adductor_capacity,0.4
badminton,format,doubles,specific_preparation,general_performance,reactive_agility,reactive_agility;acceleration;deceleration;planned_change_of_direction;landing_capacity;reactive_elastic_strength;rotational_power;repeated_high_intensity_ability,"ordinal evidence-informed retrieval weighting; athlete deficits, schedule, safety and external load may lower or omit a category",reactive_agility,1.0,acceleration,1.0,deceleration,0.65,planned_change_of_direction,0.6,repeated_high_intensity_ability,0.55,reactive_elastic_strength,0.5,rotational_power,0.45,landing_capacity,0.4
badminton,format,doubles,specific_preparation,strength_power,reactive_agility,reactive_agility;acceleration;deceleration;planned_change_of_direction;reactive_elastic_strength;rotational_power;upper_body_power;repeated_high_intensity_ability,"ordinal evidence-informed retrieval weighting; athlete deficits, schedule, safety and external load may lower or omit a category",reactive_agility,1.0,acceleration,1.0,deceleration,0.65,rotational_power,0.65,planned_change_of_direction,0.6,repeated_high_intensity_ability,0.55,reactive_elastic_strength,0.5,upper_body_power,0.5
badminton,format,doubles,specific_preparation,speed_movement,acceleration,acceleration;reactive_agility;deceleration;planned_change_of_direction;landing_capacity;reactive_elastic_strength;rotational_power;repeated_high_intensity_ability,"ordinal evidence-informed retrieval weighting; athlete deficits, schedule, safety and external load may lower or omit a category",acceleration,1.0,reactive_agility,1.0,deceleration,0.9,planned_change_of_direction,0.85,reactive_elastic_strength,0.65,landing_capacity,0.55,repeated_high_intensity_ability,0.55,rotational_power,0.45
badminton,format,doubles,specific_preparation,conditioning,reactive_agility,reactive_agility;acceleration;deceleration;planned_change_of_direction;landing_capacity;reactive_elastic_strength;rotational_power;repeated_high_intensity_ability,"ordinal evidence-informed retrieval weighting; athlete deficits, schedule, safety and external load may lower or omit a category",reactive_agility,1.0,acceleration,1.0,repeated_high_intensity_ability,0.8,deceleration,0.65,planned_change_of_direction,0.6,reactive_elastic_strength,0.5,rotational_power,0.45,landing_capacity,0.4
badminton,format,doubles,competition,general_performance,reactive_agility,reactive_agility;acceleration;deceleration;planned_change_of_direction;landing_capacity;reactive_elastic_strength;rotational_power;repeated_high_intensity_ability,"ordinal evidence-informed retrieval weighting; athlete deficits, schedule, safety and external load may lower or omit a category",reactive_agility,0.9,acceleration,0.85,deceleration,0.5,planned_change_of_direction,0.45,repeated_high_intensity_ability,0.45,landing_capacity,0.4,reactive_elastic_strength,0.4,rotational_power,0.35
badminton,format,doubles,competition,strength_power,reactive_agility,reactive_agility;acceleration;deceleration;planned_change_of_direction;landing_capacity;reactive_elastic_strength;rotational_power;repeated_high_intensity_ability,"ordinal evidence-informed retrieval weighting; athlete deficits, schedule, safety and external load may lower or omit a category",reactive_agility,0.9,acceleration,0.85,rotational_power,0.55,deceleration,0.5,planned_change_of_direction,0.45,repeated_high_intensity_ability,0.45,landing_capacity,0.4,reactive_elastic_strength,0.4
badminton,format,doubles,competition,speed_movement,acceleration,acceleration;reactive_agility;deceleration;planned_change_of_direction;landing_capacity;reactive_elastic_strength;rotational_power;repeated_high_intensity_ability,"ordinal evidence-informed retrieval weighting; athlete deficits, schedule, safety and external load may lower or omit a category",acceleration,1.0,reactive_agility,1.0,deceleration,0.75,planned_change_of_direction,0.7,landing_capacity,0.55,reactive_elastic_strength,0.55,repeated_high_intensity_ability,0.45,rotational_power,0.35
badminton,format,doubles,competition,conditioning,reactive_agility,reactive_agility;acceleration;deceleration;planned_change_of_direction;landing_capacity;reactive_elastic_strength;rotational_power;repeated_high_intensity_ability,"ordinal evidence-informed retrieval weighting; athlete deficits, schedule, safety and external load may lower or omit a category",reactive_agility,0.9,acceleration,0.85,repeated_high_intensity_ability,0.7,deceleration,0.5,planned_change_of_direction,0.45,landing_capacity,0.4,reactive_elastic_strength,0.4,rotational_power,0.35
badminton,format,doubles,transition,general_performance,reactive_agility,reactive_agility;acceleration;deceleration;planned_change_of_direction;landing_capacity;reactive_elastic_strength;rotational_power;adductor_capacity,"ordinal evidence-informed retrieval weighting; athlete deficits, schedule, safety and external load may lower or omit a category",reactive_agility,0.9,acceleration,0.85,deceleration,0.5,planned_change_of_direction,0.45,landing_capacity,0.4,reactive_elastic_strength,0.4,rotational_power,0.35,adductor_capacity,0.35
badminton,format,doubles,transition,strength_power,reactive_agility,reactive_agility;acceleration;deceleration;planned_change_of_direction;landing_capacity;reactive_elastic_strength;rotational_power;upper_body_power,"ordinal evidence-informed retrieval weighting; athlete deficits, schedule, safety and external load may lower or omit a category",reactive_agility,0.9,acceleration,0.85,rotational_power,0.55,deceleration,0.5,planned_change_of_direction,0.45,landing_capacity,0.4,reactive_elastic_strength,0.4,upper_body_power,0.4
badminton,format,doubles,transition,speed_movement,acceleration,acceleration;reactive_agility;deceleration;planned_change_of_direction;landing_capacity;reactive_elastic_strength;rotational_power;adductor_capacity,"ordinal evidence-informed retrieval weighting; athlete deficits, schedule, safety and external load may lower or omit a category",acceleration,1.0,reactive_agility,1.0,deceleration,0.75,planned_change_of_direction,0.7,landing_capacity,0.55,reactive_elastic_strength,0.55,rotational_power,0.35,adductor_capacity,0.35
badminton,format,doubles,transition,conditioning,reactive_agility,reactive_agility;acceleration;deceleration;planned_change_of_direction;landing_capacity;reactive_elastic_strength;rotational_power;repeated_high_intensity_ability,"ordinal evidence-informed retrieval weighting; athlete deficits, schedule, safety and external load may lower or omit a category",reactive_agility,0.9,acceleration,0.85,deceleration,0.5,planned_change_of_direction,0.45,repeated_high_intensity_ability,0.45,landing_capacity,0.4,reactive_elastic_strength,0.4,rotational_power,0.35
tennis,format,singles,general_preparation,general_performance,aerobic_capacity,reactive_agility;acceleration;deceleration;planned_change_of_direction;rotational_power;trunk_force_transfer;aerobic_capacity;repeated_high_intensity_ability,"ordinal evidence-informed retrieval weighting; athlete deficits, schedule, safety and external load may lower or omit a category",aerobic_capacity,0.85,repeated_high_intensity_ability,0.7,reactive_agility,0.5,acceleration,0.45,deceleration,0.45,planned_change_of_direction,0.45,rotational_power,0.45,trunk_force_transfer,0.45
tennis,format,singles,general_preparation,strength_power,aerobic_capacity,reactive_agility;acceleration;deceleration;planned_change_of_direction;rotational_power;trunk_force_transfer;aerobic_capacity;repeated_high_intensity_ability,"ordinal evidence-informed retrieval weighting; athlete deficits, schedule, safety and external load may lower or omit a category",aerobic_capacity,0.85,repeated_high_intensity_ability,0.7,rotational_power,0.65,reactive_agility,0.5,acceleration,0.45,deceleration,0.45,planned_change_of_direction,0.45,trunk_force_transfer,0.45
tennis,format,singles,general_preparation,speed_movement,aerobic_capacity,acceleration;reactive_agility;deceleration;planned_change_of_direction;rotational_power;trunk_force_transfer;aerobic_capacity;repeated_high_intensity_ability,"ordinal evidence-informed retrieval weighting; athlete deficits, schedule, safety and external load may lower or omit a category",aerobic_capacity,0.85,acceleration,0.75,reactive_agility,0.75,deceleration,0.7,planned_change_of_direction,0.7,repeated_high_intensity_ability,0.7,rotational_power,0.45,trunk_force_transfer,0.45
tennis,format,singles,general_preparation,conditioning,aerobic_capacity,reactive_agility;acceleration;deceleration;planned_change_of_direction;rotational_power;aerobic_capacity;repeated_high_intensity_ability;threshold_capacity,"ordinal evidence-informed retrieval weighting; athlete deficits, schedule, safety and external load may lower or omit a category",aerobic_capacity,1.0,repeated_high_intensity_ability,0.95,reactive_agility,0.5,threshold_capacity,0.5,acceleration,0.45,deceleration,0.45,planned_change_of_direction,0.45,rotational_power,0.45
tennis,format,singles,specific_preparation,general_performance,repeated_high_intensity_ability,reactive_agility;acceleration;deceleration;planned_change_of_direction;rotational_power;trunk_force_transfer;repeated_high_intensity_ability;aerobic_capacity,"ordinal evidence-informed retrieval weighting; athlete deficits, schedule, safety and external load may lower or omit a category",repeated_high_intensity_ability,0.8,aerobic_capacity,0.7,reactive_agility,0.65,acceleration,0.6,deceleration,0.6,planned_change_of_direction,0.6,rotational_power,0.55,trunk_force_transfer,0.4
tennis,format,singles,specific_preparation,strength_power,repeated_high_intensity_ability,reactive_agility;acceleration;deceleration;planned_change_of_direction;rotational_power;trunk_force_transfer;repeated_high_intensity_ability;aerobic_capacity,"ordinal evidence-informed retrieval weighting; athlete deficits, schedule, safety and external load may lower or omit a category",repeated_high_intensity_ability,0.8,rotational_power,0.75,aerobic_capacity,0.7,reactive_agility,0.65,acceleration,0.6,deceleration,0.6,planned_change_of_direction,0.6,trunk_force_transfer,0.4
tennis,format,singles,specific_preparation,speed_movement,acceleration,acceleration;reactive_agility;deceleration;planned_change_of_direction;rotational_power;trunk_force_transfer;repeated_high_intensity_ability;aerobic_capacity,"ordinal evidence-informed retrieval weighting; athlete deficits, schedule, safety and external load may lower or omit a category",acceleration,0.9,reactive_agility,0.9,deceleration,0.85,planned_change_of_direction,0.85,repeated_high_intensity_ability,0.8,aerobic_capacity,0.7,rotational_power,0.55,trunk_force_transfer,0.4
tennis,format,singles,specific_preparation,conditioning,repeated_high_intensity_ability,reactive_agility;acceleration;deceleration;planned_change_of_direction;rotational_power;repeated_high_intensity_ability;aerobic_capacity;threshold_capacity,"ordinal evidence-informed retrieval weighting; athlete deficits, schedule, safety and external load may lower or omit a category",repeated_high_intensity_ability,1.0,aerobic_capacity,1.0,reactive_agility,0.65,acceleration,0.6,deceleration,0.6,planned_change_of_direction,0.6,rotational_power,0.55,threshold_capacity,0.5
tennis,format,singles,competition,general_performance,aerobic_capacity,reactive_agility;acceleration;deceleration;planned_change_of_direction;rotational_power;trunk_force_transfer;aerobic_capacity;repeated_high_intensity_ability,"ordinal evidence-informed retrieval weighting; athlete deficits, schedule, safety and external load may lower or omit a category",aerobic_capacity,0.7,repeated_high_intensity_ability,0.7,reactive_agility,0.5,acceleration,0.45,deceleration,0.45,planned_change_of_direction,0.45,rotational_power,0.45,trunk_force_transfer,0.4
tennis,format,singles,competition,strength_power,aerobic_capacity,reactive_agility;acceleration;deceleration;planned_change_of_direction;rotational_power;trunk_force_transfer;aerobic_capacity;repeated_high_intensity_ability,"ordinal evidence-informed retrieval weighting; athlete deficits, schedule, safety and external load may lower or omit a category",aerobic_capacity,0.7,repeated_high_intensity_ability,0.7,rotational_power,0.65,reactive_agility,0.5,acceleration,0.45,deceleration,0.45,planned_change_of_direction,0.45,trunk_force_transfer,0.4
tennis,format,singles,competition,speed_movement,acceleration,acceleration;reactive_agility;deceleration;planned_change_of_direction;rotational_power;trunk_force_transfer;aerobic_capacity;repeated_high_intensity_ability,"ordinal evidence-informed retrieval weighting; athlete deficits, schedule, safety and external load may lower or omit a category",acceleration,0.75,reactive_agility,0.75,deceleration,0.7,planned_change_of_direction,0.7,aerobic_capacity,0.7,repeated_high_intensity_ability,0.7,rotational_power,0.45,trunk_force_transfer,0.4
tennis,format,singles,competition,conditioning,aerobic_capacity,reactive_agility;acceleration;deceleration;planned_change_of_direction;rotational_power;aerobic_capacity;repeated_high_intensity_ability;threshold_capacity,"ordinal evidence-informed retrieval weighting; athlete deficits, schedule, safety and external load may lower or omit a category",aerobic_capacity,1.0,repeated_high_intensity_ability,0.95,reactive_agility,0.5,threshold_capacity,0.5,acceleration,0.45,deceleration,0.45,planned_change_of_direction,0.45,rotational_power,0.45
tennis,format,singles,transition,general_performance,aerobic_capacity,reactive_agility;acceleration;deceleration;planned_change_of_direction;rotational_power;trunk_force_transfer;aerobic_capacity;repeated_high_intensity_ability,"ordinal evidence-informed retrieval weighting; athlete deficits, schedule, safety and external load may lower or omit a category",aerobic_capacity,0.8,reactive_agility,0.5,acceleration,0.45,deceleration,0.45,planned_change_of_direction,0.45,rotational_power,0.45,repeated_high_intensity_ability,0.45,trunk_force_transfer,0.4
tennis,format,singles,transition,strength_power,aerobic_capacity,reactive_agility;acceleration;deceleration;planned_change_of_direction;rotational_power;trunk_force_transfer;aerobic_capacity;repeated_high_intensity_ability,"ordinal evidence-informed retrieval weighting; athlete deficits, schedule, safety and external load may lower or omit a category",aerobic_capacity,0.8,rotational_power,0.65,reactive_agility,0.5,acceleration,0.45,deceleration,0.45,planned_change_of_direction,0.45,repeated_high_intensity_ability,0.45,trunk_force_transfer,0.4
tennis,format,singles,transition,speed_movement,aerobic_capacity,acceleration;reactive_agility;deceleration;planned_change_of_direction;rotational_power;trunk_force_transfer;aerobic_capacity;repeated_high_intensity_ability,"ordinal evidence-informed retrieval weighting; athlete deficits, schedule, safety and external load may lower or omit a category",aerobic_capacity,0.8,acceleration,0.75,reactive_agility,0.75,deceleration,0.7,planned_change_of_direction,0.7,rotational_power,0.45,repeated_high_intensity_ability,0.45,trunk_force_transfer,0.4
tennis,format,singles,transition,conditioning,aerobic_capacity,reactive_agility;acceleration;deceleration;planned_change_of_direction;rotational_power;aerobic_capacity;repeated_high_intensity_ability;threshold_capacity,"ordinal evidence-informed retrieval weighting; athlete deficits, schedule, safety and external load may lower or omit a category",aerobic_capacity,1.0,repeated_high_intensity_ability,0.7,reactive_agility,0.5,threshold_capacity,0.5,acceleration,0.45,deceleration,0.45,planned_change_of_direction,0.45,rotational_power,0.45
tennis,format,doubles,general_preparation,general_performance,reactive_agility,reactive_agility;acceleration;deceleration;planned_change_of_direction;rotational_power;trunk_force_transfer;shoulder_capacity;aerobic_capacity,"ordinal evidence-informed retrieval weighting; athlete deficits, schedule, safety and external load may lower or omit a category",reactive_agility,0.8,acceleration,0.75,deceleration,0.45,planned_change_of_direction,0.45,rotational_power,0.45,trunk_force_transfer,0.45,aerobic_capacity,0.45,shoulder_capacity,0.4
tennis,format,doubles,general_preparation,strength_power,reactive_agility,reactive_agility;acceleration;deceleration;planned_change_of_direction;rotational_power;upper_body_power;trunk_force_transfer;aerobic_capacity,"ordinal evidence-informed retrieval weighting; athlete deficits, schedule, safety and external load may lower or omit a category",reactive_agility,0.8,acceleration,0.75,rotational_power,0.65,deceleration,0.45,planned_change_of_direction,0.45,trunk_force_transfer,0.45,aerobic_capacity,0.45,upper_body_power,0.4
tennis,format,doubles,general_preparation,speed_movement,acceleration,acceleration;reactive_agility;deceleration;planned_change_of_direction;rotational_power;trunk_force_transfer;shoulder_capacity;aerobic_capacity,"ordinal evidence-informed retrieval weighting; athlete deficits, schedule, safety and external load may lower or omit a category",acceleration,1.0,reactive_agility,1.0,deceleration,0.7,planned_change_of_direction,0.7,rotational_power,0.45,trunk_force_transfer,0.45,aerobic_capacity,0.45,shoulder_capacity,0.4
tennis,format,doubles,general_preparation,conditioning,reactive_agility,reactive_agility;acceleration;deceleration;planned_change_of_direction;rotational_power;trunk_force_transfer;aerobic_capacity;repeated_high_intensity_ability,"ordinal evidence-informed retrieval weighting; athlete deficits, schedule, safety and external load may lower or omit a category",reactive_agility,0.8,acceleration,0.75,aerobic_capacity,0.75,repeated_high_intensity_ability,0.65,deceleration,0.45,planned_change_of_direction,0.45,rotational_power,0.45,trunk_force_transfer,0.45
tennis,format,doubles,specific_preparation,general_performance,reactive_agility,reactive_agility;acceleration;deceleration;planned_change_of_direction;rotational_power;trunk_force_transfer;shoulder_capacity;repeated_high_intensity_ability,"ordinal evidence-informed retrieval weighting; athlete deficits, schedule, safety and external load may lower or omit a category",reactive_agility,0.95,acceleration,0.9,deceleration,0.6,planned_change_of_direction,0.6,rotational_power,0.55,repeated_high_intensity_ability,0.5,trunk_force_transfer,0.4,shoulder_capacity,0.35
tennis,format,doubles,specific_preparation,strength_power,reactive_agility,reactive_agility;acceleration;deceleration;planned_change_of_direction;rotational_power;upper_body_power;trunk_force_transfer;repeated_high_intensity_ability,"ordinal evidence-informed retrieval weighting; athlete deficits, schedule, safety and external load may lower or omit a category",reactive_agility,0.95,acceleration,0.9,rotational_power,0.75,deceleration,0.6,planned_change_of_direction,0.6,upper_body_power,0.5,repeated_high_intensity_ability,0.5,trunk_force_transfer,0.4
tennis,format,doubles,specific_preparation,speed_movement,acceleration,acceleration;reactive_agility;deceleration;planned_change_of_direction;rotational_power;trunk_force_transfer;shoulder_capacity;repeated_high_intensity_ability,"ordinal evidence-informed retrieval weighting; athlete deficits, schedule, safety and external load may lower or omit a category",acceleration,1.0,reactive_agility,1.0,deceleration,0.85,planned_change_of_direction,0.85,rotational_power,0.55,repeated_high_intensity_ability,0.5,trunk_force_transfer,0.4,shoulder_capacity,0.35
tennis,format,doubles,specific_preparation,conditioning,reactive_agility,reactive_agility;acceleration;deceleration;planned_change_of_direction;rotational_power;trunk_force_transfer;repeated_high_intensity_ability;aerobic_capacity,"ordinal evidence-informed retrieval weighting; athlete deficits, schedule, safety and external load may lower or omit a category",reactive_agility,0.95,acceleration,0.9,repeated_high_intensity_ability,0.75,deceleration,0.6,planned_change_of_direction,0.6,aerobic_capacity,0.6,rotational_power,0.55,trunk_force_transfer,0.4
tennis,format,doubles,competition,general_performance,reactive_agility,reactive_agility;acceleration;deceleration;planned_change_of_direction;rotational_power;trunk_force_transfer;shoulder_capacity;repeated_high_intensity_ability,"ordinal evidence-informed retrieval weighting; athlete deficits, schedule, safety and external load may lower or omit a category",reactive_agility,0.8,acceleration,0.75,deceleration,0.45,planned_change_of_direction,0.45,rotational_power,0.45,trunk_force_transfer,0.4,repeated_high_intensity_ability,0.4,shoulder_capacity,0.35
tennis,format,doubles,competition,strength_power,reactive_agility,reactive_agility;acceleration;deceleration;planned_change_of_direction;rotational_power;upper_body_power;trunk_force_transfer;repeated_high_intensity_ability,"ordinal evidence-informed retrieval weighting; athlete deficits, schedule, safety and external load may lower or omit a category",reactive_agility,0.8,acceleration,0.75,rotational_power,0.65,deceleration,0.45,planned_change_of_direction,0.45,upper_body_power,0.4,trunk_force_transfer,0.4,repeated_high_intensity_ability,0.4
tennis,format,doubles,competition,speed_movement,acceleration,acceleration;reactive_agility;deceleration;planned_change_of_direction;rotational_power;trunk_force_transfer;shoulder_capacity;repeated_high_intensity_ability,"ordinal evidence-informed retrieval weighting; athlete deficits, schedule, safety and external load may lower or omit a category",acceleration,1.0,reactive_agility,1.0,deceleration,0.7,planned_change_of_direction,0.7,rotational_power,0.45,trunk_force_transfer,0.4,repeated_high_intensity_ability,0.4,shoulder_capacity,0.35
tennis,format,doubles,competition,conditioning,reactive_agility,reactive_agility;acceleration;deceleration;planned_change_of_direction;rotational_power;trunk_force_transfer;repeated_high_intensity_ability;aerobic_capacity,"ordinal evidence-informed retrieval weighting; athlete deficits, schedule, safety and external load may lower or omit a category",reactive_agility,0.8,acceleration,0.75,repeated_high_intensity_ability,0.65,aerobic_capacity,0.6,deceleration,0.45,planned_change_of_direction,0.45,rotational_power,0.45,trunk_force_transfer,0.4
tennis,format,doubles,transition,general_performance,reactive_agility,reactive_agility;acceleration;deceleration;planned_change_of_direction;rotational_power;trunk_force_transfer;shoulder_capacity;aerobic_capacity,"ordinal evidence-informed retrieval weighting; athlete deficits, schedule, safety and external load may lower or omit a category",reactive_agility,0.8,acceleration,0.75,deceleration,0.45,planned_change_of_direction,0.45,rotational_power,0.45,trunk_force_transfer,0.4,aerobic_capacity,0.4,shoulder_capacity,0.35
tennis,format,doubles,transition,strength_power,reactive_agility,reactive_agility;acceleration;deceleration;planned_change_of_direction;rotational_power;upper_body_power;trunk_force_transfer;aerobic_capacity,"ordinal evidence-informed retrieval weighting; athlete deficits, schedule, safety and external load may lower or omit a category",reactive_agility,0.8,acceleration,0.75,rotational_power,0.65,deceleration,0.45,planned_change_of_direction,0.45,upper_body_power,0.4,trunk_force_transfer,0.4,aerobic_capacity,0.4
tennis,format,doubles,transition,speed_movement,acceleration,acceleration;reactive_agility;deceleration;planned_change_of_direction;rotational_power;trunk_force_transfer;shoulder_capacity;aerobic_capacity,"ordinal evidence-informed retrieval weighting; athlete deficits, schedule, safety and external load may lower or omit a category",acceleration,1.0,reactive_agility,1.0,deceleration,0.7,planned_change_of_direction,0.7,rotational_power,0.45,trunk_force_transfer,0.4,aerobic_capacity,0.4,shoulder_capacity,0.35
tennis,format,doubles,transition,conditioning,reactive_agility,reactive_agility;acceleration;deceleration;planned_change_of_direction;rotational_power;trunk_force_transfer;aerobic_capacity;repeated_high_intensity_ability,"ordinal evidence-informed retrieval weighting; athlete deficits, schedule, safety and external load may lower or omit a category",reactive_agility,0.8,acceleration,0.75,aerobic_capacity,0.7,deceleration,0.45,planned_change_of_direction,0.45,rotational_power,0.45,trunk_force_transfer,0.4,repeated_high_intensity_ability,0.4
cycling,event,fitness_endurance,general_preparation,general_performance,aerobic_capacity,maximum_strength;trunk_force_transfer;local_muscular_endurance;aerobic_capacity;high_intensity_aerobic_power;threshold_capacity;recovery_management,"ordinal evidence-informed retrieval weighting; athlete deficits, schedule, safety and external load may lower or omit a category",aerobic_capacity,1.0,maximum_strength,0.45,local_muscular_endurance,0.45,high_intensity_aerobic_power,0.4,trunk_force_transfer,0.3,threshold_capacity,0.3,recovery_management,0.2,,
cycling,event,fitness_endurance,general_preparation,strength_power,aerobic_capacity,maximum_strength;trunk_force_transfer;local_muscular_endurance;aerobic_capacity;high_intensity_aerobic_power;threshold_capacity;recovery_management,"ordinal evidence-informed retrieval weighting; athlete deficits, schedule, safety and external load may lower or omit a category",aerobic_capacity,1.0,maximum_strength,0.75,local_muscular_endurance,0.45,high_intensity_aerobic_power,0.4,trunk_force_transfer,0.3,threshold_capacity,0.3,recovery_management,0.2,,
cycling,event,fitness_endurance,general_preparation,speed_movement,aerobic_capacity,maximum_strength;trunk_force_transfer;local_muscular_endurance;aerobic_capacity;high_intensity_aerobic_power;threshold_capacity;recovery_management,"ordinal evidence-informed retrieval weighting; athlete deficits, schedule, safety and external load may lower or omit a category",aerobic_capacity,1.0,maximum_strength,0.45,local_muscular_endurance,0.45,high_intensity_aerobic_power,0.4,trunk_force_transfer,0.3,threshold_capacity,0.3,recovery_management,0.2,,
cycling,event,fitness_endurance,general_preparation,conditioning,aerobic_capacity,maximum_strength;trunk_force_transfer;local_muscular_endurance;aerobic_capacity;high_intensity_aerobic_power;threshold_capacity;recovery_management,"ordinal evidence-informed retrieval weighting; athlete deficits, schedule, safety and external load may lower or omit a category",aerobic_capacity,1.0,high_intensity_aerobic_power,0.7,threshold_capacity,0.6,maximum_strength,0.45,local_muscular_endurance,0.45,trunk_force_transfer,0.3,recovery_management,0.2,,
cycling,event,fitness_endurance,specific_preparation,general_performance,aerobic_capacity,maximum_strength;trunk_force_transfer;local_muscular_endurance;aerobic_capacity;high_intensity_aerobic_power;threshold_capacity;recovery_management,"ordinal evidence-informed retrieval weighting; athlete deficits, schedule, safety and external load may lower or omit a category",aerobic_capacity,0.9,high_intensity_aerobic_power,0.5,local_muscular_endurance,0.35,maximum_strength,0.3,threshold_capacity,0.3,trunk_force_transfer,0.25,recovery_management,0.2,,
cycling,event,fitness_endurance,specific_preparation,strength_power,aerobic_capacity,maximum_strength;trunk_force_transfer;local_muscular_endurance;aerobic_capacity;high_intensity_aerobic_power;threshold_capacity;recovery_management,"ordinal evidence-informed retrieval weighting; athlete deficits, schedule, safety and external load may lower or omit a category",aerobic_capacity,0.9,maximum_strength,0.6,high_intensity_aerobic_power,0.5,local_muscular_endurance,0.35,threshold_capacity,0.3,trunk_force_transfer,0.25,recovery_management,0.2,,
cycling,event,fitness_endurance,specific_preparation,speed_movement,aerobic_capacity,maximum_strength;trunk_force_transfer;local_muscular_endurance;aerobic_capacity;high_intensity_aerobic_power;threshold_capacity;recovery_management,"ordinal evidence-informed retrieval weighting; athlete deficits, schedule, safety and external load may lower or omit a category",aerobic_capacity,0.9,high_intensity_aerobic_power,0.5,local_muscular_endurance,0.35,maximum_strength,0.3,threshold_capacity,0.3,trunk_force_transfer,0.25,recovery_management,0.2,,
cycling,event,fitness_endurance,specific_preparation,conditioning,aerobic_capacity,maximum_strength;trunk_force_transfer;local_muscular_endurance;aerobic_capacity;high_intensity_aerobic_power;threshold_capacity;recovery_management,"ordinal evidence-informed retrieval weighting; athlete deficits, schedule, safety and external load may lower or omit a category",aerobic_capacity,1.0,high_intensity_aerobic_power,0.8,threshold_capacity,0.6,local_muscular_endurance,0.35,maximum_strength,0.3,trunk_force_transfer,0.25,recovery_management,0.2,,
cycling,event,fitness_endurance,competition,general_performance,aerobic_capacity,performance_preparation;maximum_strength;trunk_force_transfer;local_muscular_endurance;aerobic_capacity;high_intensity_aerobic_power;threshold_capacity;recovery_management,"ordinal evidence-informed retrieval weighting; athlete deficits, schedule, safety and external load may lower or omit a category",aerobic_capacity,0.9,high_intensity_aerobic_power,0.4,threshold_capacity,0.3,trunk_force_transfer,0.25,local_muscular_endurance,0.25,performance_preparation,0.2,maximum_strength,0.2,recovery_management,0.2
cycling,event,fitness_endurance,competition,strength_power,aerobic_capacity,performance_preparation;maximum_strength;trunk_force_transfer;local_muscular_endurance;aerobic_capacity;high_intensity_aerobic_power;threshold_capacity;recovery_management,"ordinal evidence-informed retrieval weighting; athlete deficits, schedule, safety and external load may lower or omit a category",aerobic_capacity,0.9,maximum_strength,0.5,high_intensity_aerobic_power,0.4,threshold_capacity,0.3,trunk_force_transfer,0.25,local_muscular_endurance,0.25,performance_preparation,0.2,recovery_management,0.2
cycling,event,fitness_endurance,competition,speed_movement,aerobic_capacity,performance_preparation;maximum_strength;trunk_force_transfer;local_muscular_endurance;aerobic_capacity;high_intensity_aerobic_power;threshold_capacity;recovery_management,"ordinal evidence-informed retrieval weighting; athlete deficits, schedule, safety and external load may lower or omit a category",aerobic_capacity,0.9,high_intensity_aerobic_power,0.4,threshold_capacity,0.3,trunk_force_transfer,0.25,local_muscular_endurance,0.25,performance_preparation,0.2,maximum_strength,0.2,recovery_management,0.2
cycling,event,fitness_endurance,competition,conditioning,aerobic_capacity,performance_preparation;maximum_strength;trunk_force_transfer;local_muscular_endurance;aerobic_capacity;high_intensity_aerobic_power;threshold_capacity;recovery_management,"ordinal evidence-informed retrieval weighting; athlete deficits, schedule, safety and external load may lower or omit a category",aerobic_capacity,1.0,high_intensity_aerobic_power,0.7,threshold_capacity,0.6,trunk_force_transfer,0.25,local_muscular_endurance,0.25,performance_preparation,0.2,maximum_strength,0.2,recovery_management,0.2
cycling,event,fitness_endurance,transition,general_performance,aerobic_capacity,performance_preparation;maximum_strength;trunk_force_transfer;local_muscular_endurance;aerobic_capacity;high_intensity_aerobic_power;threshold_capacity;recovery_management,"ordinal evidence-informed retrieval weighting; athlete deficits, schedule, safety and external load may lower or omit a category",aerobic_capacity,1.0,high_intensity_aerobic_power,0.4,local_muscular_endurance,0.35,maximum_strength,0.3,threshold_capacity,0.3,recovery_management,0.3,trunk_force_transfer,0.25,performance_preparation,0.1
cycling,event,fitness_endurance,transition,strength_power,aerobic_capacity,performance_preparation;maximum_strength;trunk_force_transfer;local_muscular_endurance;aerobic_capacity;high_intensity_aerobic_power;threshold_capacity;recovery_management,"ordinal evidence-informed retrieval weighting; athlete deficits, schedule, safety and external load may lower or omit a category",aerobic_capacity,1.0,maximum_strength,0.6,high_intensity_aerobic_power,0.4,local_muscular_endurance,0.35,threshold_capacity,0.3,recovery_management,0.3,trunk_force_transfer,0.25,performance_preparation,0.1
cycling,event,fitness_endurance,transition,speed_movement,aerobic_capacity,performance_preparation;maximum_strength;trunk_force_transfer;local_muscular_endurance;aerobic_capacity;high_intensity_aerobic_power;threshold_capacity;recovery_management,"ordinal evidence-informed retrieval weighting; athlete deficits, schedule, safety and external load may lower or omit a category",aerobic_capacity,1.0,high_intensity_aerobic_power,0.4,local_muscular_endurance,0.35,maximum_strength,0.3,threshold_capacity,0.3,recovery_management,0.3,trunk_force_transfer,0.25,performance_preparation,0.1
cycling,event,fitness_endurance,transition,conditioning,aerobic_capacity,performance_preparation;maximum_strength;trunk_force_transfer;local_muscular_endurance;aerobic_capacity;high_intensity_aerobic_power;threshold_capacity;recovery_management,"ordinal evidence-informed retrieval weighting; athlete deficits, schedule, safety and external load may lower or omit a category",aerobic_capacity,1.0,high_intensity_aerobic_power,0.7,threshold_capacity,0.6,local_muscular_endurance,0.35,maximum_strength,0.3,recovery_management,0.3,trunk_force_transfer,0.25,performance_preparation,0.1
cycling,event,road_endurance,general_preparation,general_performance,aerobic_capacity,maximum_strength;trunk_force_transfer;local_muscular_endurance;aerobic_capacity;threshold_capacity;high_intensity_aerobic_power;recovery_management,"ordinal evidence-informed retrieval weighting; athlete deficits, schedule, safety and external load may lower or omit a category",aerobic_capacity,1.0,threshold_capacity,0.8,high_intensity_aerobic_power,0.6,maximum_strength,0.45,local_muscular_endurance,0.45,trunk_force_transfer,0.3,recovery_management,0.2,,
cycling,event,road_endurance,general_preparation,strength_power,aerobic_capacity,maximum_strength;trunk_force_transfer;local_muscular_endurance;aerobic_capacity;threshold_capacity;high_intensity_aerobic_power;recovery_management,"ordinal evidence-informed retrieval weighting; athlete deficits, schedule, safety and external load may lower or omit a category",aerobic_capacity,1.0,threshold_capacity,0.8,maximum_strength,0.75,high_intensity_aerobic_power,0.6,local_muscular_endurance,0.45,trunk_force_transfer,0.3,recovery_management,0.2,,
cycling,event,road_endurance,general_preparation,speed_movement,aerobic_capacity,maximum_strength;trunk_force_transfer;local_muscular_endurance;aerobic_capacity;threshold_capacity;high_intensity_aerobic_power;recovery_management,"ordinal evidence-informed retrieval weighting; athlete deficits, schedule, safety and external load may lower or omit a category",aerobic_capacity,1.0,threshold_capacity,0.8,high_intensity_aerobic_power,0.6,maximum_strength,0.45,local_muscular_endurance,0.45,trunk_force_transfer,0.3,recovery_management,0.2,,
cycling,event,road_endurance,general_preparation,conditioning,aerobic_capacity,maximum_strength;trunk_force_transfer;local_muscular_endurance;aerobic_capacity;threshold_capacity;high_intensity_aerobic_power;recovery_management,"ordinal evidence-informed retrieval weighting; athlete deficits, schedule, safety and external load may lower or omit a category",aerobic_capacity,1.0,threshold_capacity,1.0,high_intensity_aerobic_power,0.9,maximum_strength,0.45,local_muscular_endurance,0.45,trunk_force_transfer,0.3,recovery_management,0.2,,
cycling,event,road_endurance,specific_preparation,general_performance,aerobic_capacity,maximum_strength;trunk_force_transfer;local_muscular_endurance;aerobic_capacity;threshold_capacity;high_intensity_aerobic_power;recovery_management,"ordinal evidence-informed retrieval weighting; athlete deficits, schedule, safety and external load may lower or omit a category",aerobic_capacity,0.9,threshold_capacity,0.8,high_intensity_aerobic_power,0.7,local_muscular_endurance,0.35,maximum_strength,0.3,trunk_force_transfer,0.25,recovery_management,0.2,,
cycling,event,road_endurance,specific_preparation,strength_power,aerobic_capacity,maximum_strength;trunk_force_transfer;local_muscular_endurance;aerobic_capacity;threshold_capacity;high_intensity_aerobic_power;recovery_management,"ordinal evidence-informed retrieval weighting; athlete deficits, schedule, safety and external load may lower or omit a category",aerobic_capacity,0.9,threshold_capacity,0.8,high_intensity_aerobic_power,0.7,maximum_strength,0.6,local_muscular_endurance,0.35,trunk_force_transfer,0.25,recovery_management,0.2,,
cycling,event,road_endurance,specific_preparation,speed_movement,aerobic_capacity,maximum_strength;trunk_force_transfer;local_muscular_endurance;aerobic_capacity;threshold_capacity;high_intensity_aerobic_power;recovery_management,"ordinal evidence-informed retrieval weighting; athlete deficits, schedule, safety and external load may lower or omit a category",aerobic_capacity,0.9,threshold_capacity,0.8,high_intensity_aerobic_power,0.7,local_muscular_endurance,0.35,maximum_strength,0.3,trunk_force_transfer,0.25,recovery_management,0.2,,
cycling,event,road_endurance,specific_preparation,conditioning,aerobic_capacity,maximum_strength;trunk_force_transfer;local_muscular_endurance;aerobic_capacity;threshold_capacity;high_intensity_aerobic_power;recovery_management,"ordinal evidence-informed retrieval weighting; athlete deficits, schedule, safety and external load may lower or omit a category",aerobic_capacity,1.0,threshold_capacity,1.0,high_intensity_aerobic_power,1.0,local_muscular_endurance,0.35,maximum_strength,0.3,trunk_force_transfer,0.25,recovery_management,0.2,,
cycling,event,road_endurance,competition,general_performance,aerobic_capacity,performance_preparation;maximum_strength;trunk_force_transfer;local_muscular_endurance;aerobic_capacity;threshold_capacity;high_intensity_aerobic_power;recovery_management,"ordinal evidence-informed retrieval weighting; athlete deficits, schedule, safety and external load may lower or omit a category",aerobic_capacity,0.9,threshold_capacity,0.8,high_intensity_aerobic_power,0.6,trunk_force_transfer,0.25,local_muscular_endurance,0.25,performance_preparation,0.2,maximum_strength,0.2,recovery_management,0.2
cycling,event,road_endurance,competition,strength_power,aerobic_capacity,performance_preparation;maximum_strength;trunk_force_transfer;local_muscular_endurance;aerobic_capacity;threshold_capacity;high_intensity_aerobic_power;recovery_management,"ordinal evidence-informed retrieval weighting; athlete deficits, schedule, safety and external load may lower or omit a category",aerobic_capacity,0.9,threshold_capacity,0.8,high_intensity_aerobic_power,0.6,maximum_strength,0.5,trunk_force_transfer,0.25,local_muscular_endurance,0.25,performance_preparation,0.2,recovery_management,0.2
cycling,event,road_endurance,competition,speed_movement,aerobic_capacity,performance_preparation;maximum_strength;trunk_force_transfer;local_muscular_endurance;aerobic_capacity;threshold_capacity;high_intensity_aerobic_power;recovery_management,"ordinal evidence-informed retrieval weighting; athlete deficits, schedule, safety and external load may lower or omit a category",aerobic_capacity,0.9,threshold_capacity,0.8,high_intensity_aerobic_power,0.6,trunk_force_transfer,0.25,local_muscular_endurance,0.25,performance_preparation,0.2,maximum_strength,0.2,recovery_management,0.2
cycling,event,road_endurance,competition,conditioning,aerobic_capacity,performance_preparation;maximum_strength;trunk_force_transfer;local_muscular_endurance;aerobic_capacity;threshold_capacity;high_intensity_aerobic_power;recovery_management,"ordinal evidence-informed retrieval weighting; athlete deficits, schedule, safety and external load may lower or omit a category",aerobic_capacity,1.0,threshold_capacity,1.0,high_intensity_aerobic_power,0.9,trunk_force_transfer,0.25,local_muscular_endurance,0.25,performance_preparation,0.2,maximum_strength,0.2,recovery_management,0.2
cycling,event,road_endurance,transition,general_performance,aerobic_capacity,performance_preparation;maximum_strength;trunk_force_transfer;local_muscular_endurance;aerobic_capacity;threshold_capacity;high_intensity_aerobic_power;recovery_management,"ordinal evidence-informed retrieval weighting; athlete deficits, schedule, safety and external load may lower or omit a category",aerobic_capacity,1.0,threshold_capacity,0.8,high_intensity_aerobic_power,0.6,local_muscular_endurance,0.35,maximum_strength,0.3,recovery_management,0.3,trunk_force_transfer,0.25,performance_preparation,0.1
cycling,event,road_endurance,transition,strength_power,aerobic_capacity,performance_preparation;maximum_strength;trunk_force_transfer;local_muscular_endurance;aerobic_capacity;threshold_capacity;high_intensity_aerobic_power;recovery_management,"ordinal evidence-informed retrieval weighting; athlete deficits, schedule, safety and external load may lower or omit a category",aerobic_capacity,1.0,threshold_capacity,0.8,maximum_strength,0.6,high_intensity_aerobic_power,0.6,local_muscular_endurance,0.35,recovery_management,0.3,trunk_force_transfer,0.25,performance_preparation,0.1
cycling,event,road_endurance,transition,speed_movement,aerobic_capacity,performance_preparation;maximum_strength;trunk_force_transfer;local_muscular_endurance;aerobic_capacity;threshold_capacity;high_intensity_aerobic_power;recovery_management,"ordinal evidence-informed retrieval weighting; athlete deficits, schedule, safety and external load may lower or omit a category",aerobic_capacity,1.0,threshold_capacity,0.8,high_intensity_aerobic_power,0.6,local_muscular_endurance,0.35,maximum_strength,0.3,recovery_management,0.3,trunk_force_transfer,0.25,performance_preparation,0.1
cycling,event,road_endurance,transition,conditioning,aerobic_capacity,performance_preparation;maximum_strength;trunk_force_transfer;local_muscular_endurance;aerobic_capacity;threshold_capacity;high_intensity_aerobic_power;recovery_management,"ordinal evidence-informed retrieval weighting; athlete deficits, schedule, safety and external load may lower or omit a category",aerobic_capacity,1.0,threshold_capacity,1.0,high_intensity_aerobic_power,0.9,local_muscular_endurance,0.35,maximum_strength,0.3,recovery_management,0.3,trunk_force_transfer,0.25,performance_preparation,0.1
cycling,event,time_trial,general_preparation,general_performance,threshold_capacity,maximum_strength;trunk_force_transfer;local_muscular_endurance;threshold_capacity;aerobic_capacity;high_intensity_aerobic_power;recovery_management,"ordinal evidence-informed retrieval weighting; athlete deficits, schedule, safety and external load may lower or omit a category",threshold_capacity,1.0,aerobic_capacity,0.95,trunk_force_transfer,0.5,maximum_strength,0.45,local_muscular_endurance,0.45,high_intensity_aerobic_power,0.4,recovery_management,0.2,,
cycling,event,time_trial,general_preparation,strength_power,threshold_capacity,maximum_strength;trunk_force_transfer;local_muscular_endurance;threshold_capacity;aerobic_capacity;high_intensity_aerobic_power;recovery_management,"ordinal evidence-informed retrieval weighting; athlete deficits, schedule, safety and external load may lower or omit a category",threshold_capacity,1.0,aerobic_capacity,0.95,maximum_strength,0.75,trunk_force_transfer,0.5,local_muscular_endurance,0.45,high_intensity_aerobic_power,0.4,recovery_management,0.2,,
cycling,event,time_trial,general_preparation,speed_movement,threshold_capacity,maximum_strength;trunk_force_transfer;local_muscular_endurance;threshold_capacity;aerobic_capacity;high_intensity_aerobic_power;recovery_management,"ordinal evidence-informed retrieval weighting; athlete deficits, schedule, safety and external load may lower or omit a category",threshold_capacity,1.0,aerobic_capacity,0.95,trunk_force_transfer,0.5,maximum_strength,0.45,local_muscular_endurance,0.45,high_intensity_aerobic_power,0.4,recovery_management,0.2,,
cycling,event,time_trial,general_preparation,conditioning,threshold_capacity,maximum_strength;trunk_force_transfer;local_muscular_endurance;threshold_capacity;aerobic_capacity;high_intensity_aerobic_power;recovery_management,"ordinal evidence-informed retrieval weighting; athlete deficits, schedule, safety and external load may lower or omit a category",threshold_capacity,1.0,aerobic_capacity,1.0,high_intensity_aerobic_power,0.7,trunk_force_transfer,0.5,maximum_strength,0.45,local_muscular_endurance,0.45,recovery_management,0.2,,
cycling,event,time_trial,specific_preparation,general_performance,threshold_capacity,maximum_strength;trunk_force_transfer;local_muscular_endurance;threshold_capacity;aerobic_capacity;high_intensity_aerobic_power;recovery_management,"ordinal evidence-informed retrieval weighting; athlete deficits, schedule, safety and external load may lower or omit a category",threshold_capacity,1.0,aerobic_capacity,0.8,high_intensity_aerobic_power,0.5,trunk_force_transfer,0.45,local_muscular_endurance,0.35,maximum_strength,0.3,recovery_management,0.2,,
cycling,event,time_trial,specific_preparation,strength_power,threshold_capacity,maximum_strength;trunk_force_transfer;local_muscular_endurance;threshold_capacity;aerobic_capacity;high_intensity_aerobic_power;recovery_management,"ordinal evidence-informed retrieval weighting; athlete deficits, schedule, safety and external load may lower or omit a category",threshold_capacity,1.0,aerobic_capacity,0.8,maximum_strength,0.6,high_intensity_aerobic_power,0.5,trunk_force_transfer,0.45,local_muscular_endurance,0.35,recovery_management,0.2,,
cycling,event,time_trial,specific_preparation,speed_movement,threshold_capacity,maximum_strength;trunk_force_transfer;local_muscular_endurance;threshold_capacity;aerobic_capacity;high_intensity_aerobic_power;recovery_management,"ordinal evidence-informed retrieval weighting; athlete deficits, schedule, safety and external load may lower or omit a category",threshold_capacity,1.0,aerobic_capacity,0.8,high_intensity_aerobic_power,0.5,trunk_force_transfer,0.45,local_muscular_endurance,0.35,maximum_strength,0.3,recovery_management,0.2,,
cycling,event,time_trial,specific_preparation,conditioning,threshold_capacity,maximum_strength;trunk_force_transfer;local_muscular_endurance;threshold_capacity;aerobic_capacity;high_intensity_aerobic_power;recovery_management,"ordinal evidence-informed retrieval weighting; athlete deficits, schedule, safety and external load may lower or omit a category",threshold_capacity,1.0,aerobic_capacity,1.0,high_intensity_aerobic_power,0.8,trunk_force_transfer,0.45,local_muscular_endurance,0.35,maximum_strength,0.3,recovery_management,0.2,,
cycling,event,time_trial,competition,general_performance,threshold_capacity,performance_preparation;maximum_strength;trunk_force_transfer;local_muscular_endurance;threshold_capacity;aerobic_capacity;high_intensity_aerobic_power;recovery_management,"ordinal evidence-informed retrieval weighting; athlete deficits, schedule, safety and external load may lower or omit a category",threshold_capacity,1.0,aerobic_capacity,0.8,trunk_force_transfer,0.45,high_intensity_aerobic_power,0.4,local_muscular_endurance,0.25,performance_preparation,0.2,maximum_strength,0.2,recovery_management,0.2
cycling,event,time_trial,competition,strength_power,threshold_capacity,performance_preparation;maximum_strength;trunk_force_transfer;local_muscular_endurance;threshold_capacity;aerobic_capacity;high_intensity_aerobic_power;recovery_management,"ordinal evidence-informed retrieval weighting; athlete deficits, schedule, safety and external load may lower or omit a category",threshold_capacity,1.0,aerobic_capacity,0.8,maximum_strength,0.5,trunk_force_transfer,0.45,high_intensity_aerobic_power,0.4,local_muscular_endurance,0.25,performance_preparation,0.2,recovery_management,0.2
cycling,event,time_trial,competition,speed_movement,threshold_capacity,performance_preparation;maximum_strength;trunk_force_transfer;local_muscular_endurance;threshold_capacity;aerobic_capacity;high_intensity_aerobic_power;recovery_management,"ordinal evidence-informed retrieval weighting; athlete deficits, schedule, safety and external load may lower or omit a category",threshold_capacity,1.0,aerobic_capacity,0.8,trunk_force_transfer,0.45,high_intensity_aerobic_power,0.4,local_muscular_endurance,0.25,performance_preparation,0.2,maximum_strength,0.2,recovery_management,0.2
cycling,event,time_trial,competition,conditioning,threshold_capacity,performance_preparation;maximum_strength;trunk_force_transfer;local_muscular_endurance;threshold_capacity;aerobic_capacity;high_intensity_aerobic_power;recovery_management,"ordinal evidence-informed retrieval weighting; athlete deficits, schedule, safety and external load may lower or omit a category",threshold_capacity,1.0,aerobic_capacity,1.0,high_intensity_aerobic_power,0.7,trunk_force_transfer,0.45,local_muscular_endurance,0.25,performance_preparation,0.2,maximum_strength,0.2,recovery_management,0.2
cycling,event,time_trial,transition,general_performance,threshold_capacity,performance_preparation;maximum_strength;trunk_force_transfer;local_muscular_endurance;threshold_capacity;aerobic_capacity;high_intensity_aerobic_power;recovery_management,"ordinal evidence-informed retrieval weighting; athlete deficits, schedule, safety and external load may lower or omit a category",threshold_capacity,1.0,aerobic_capacity,0.9,trunk_force_transfer,0.45,high_intensity_aerobic_power,0.4,local_muscular_endurance,0.35,maximum_strength,0.3,recovery_management,0.3,performance_preparation,0.1
cycling,event,time_trial,transition,strength_power,threshold_capacity,performance_preparation;maximum_strength;trunk_force_transfer;local_muscular_endurance;threshold_capacity;aerobic_capacity;high_intensity_aerobic_power;recovery_management,"ordinal evidence-informed retrieval weighting; athlete deficits, schedule, safety and external load may lower or omit a category",threshold_capacity,1.0,aerobic_capacity,0.9,maximum_strength,0.6,trunk_force_transfer,0.45,high_intensity_aerobic_power,0.4,local_muscular_endurance,0.35,recovery_management,0.3,performance_preparation,0.1
cycling,event,time_trial,transition,speed_movement,threshold_capacity,performance_preparation;maximum_strength;trunk_force_transfer;local_muscular_endurance;threshold_capacity;aerobic_capacity;high_intensity_aerobic_power;recovery_management,"ordinal evidence-informed retrieval weighting; athlete deficits, schedule, safety and external load may lower or omit a category",threshold_capacity,1.0,aerobic_capacity,0.9,trunk_force_transfer,0.45,high_intensity_aerobic_power,0.4,local_muscular_endurance,0.35,maximum_strength,0.3,recovery_management,0.3,performance_preparation,0.1
cycling,event,time_trial,transition,conditioning,threshold_capacity,performance_preparation;maximum_strength;trunk_force_transfer;local_muscular_endurance;threshold_capacity;aerobic_capacity;high_intensity_aerobic_power;recovery_management,"ordinal evidence-informed retrieval weighting; athlete deficits, schedule, safety and external load may lower or omit a category",threshold_capacity,1.0,aerobic_capacity,1.0,high_intensity_aerobic_power,0.7,trunk_force_transfer,0.45,local_muscular_endurance,0.35,maximum_strength,0.3,recovery_management,0.3,performance_preparation,0.1
cycling,event,sprint,general_preparation,general_performance,anaerobic_power,explosive_strength;maximum_strength;trunk_force_transfer;local_muscular_endurance;anaerobic_power;anaerobic_capacity;high_intensity_aerobic_power;aerobic_capacity,"ordinal evidence-informed retrieval weighting; athlete deficits, schedule, safety and external load may lower or omit a category",anaerobic_power,1.0,maximum_strength,1.0,anaerobic_capacity,0.8,explosive_strength,0.7,local_muscular_endurance,0.45,high_intensity_aerobic_power,0.4,aerobic_capacity,0.35,trunk_force_transfer,0.3
cycling,event,sprint,general_preparation,strength_power,maximum_strength,explosive_strength;maximum_strength;trunk_force_transfer;local_muscular_endurance;anaerobic_power;anaerobic_capacity;high_intensity_aerobic_power;aerobic_capacity,"ordinal evidence-informed retrieval weighting; athlete deficits, schedule, safety and external load may lower or omit a category",maximum_strength,1.0,anaerobic_power,1.0,explosive_strength,1.0,anaerobic_capacity,0.8,local_muscular_endurance,0.45,high_intensity_aerobic_power,0.4,aerobic_capacity,0.35,trunk_force_transfer,0.3
cycling,event,sprint,general_preparation,speed_movement,anaerobic_power,explosive_strength;maximum_strength;trunk_force_transfer;local_muscular_endurance;anaerobic_power;anaerobic_capacity;high_intensity_aerobic_power;aerobic_capacity,"ordinal evidence-informed retrieval weighting; athlete deficits, schedule, safety and external load may lower or omit a category",anaerobic_power,1.0,maximum_strength,1.0,anaerobic_capacity,0.8,explosive_strength,0.7,local_muscular_endurance,0.45,high_intensity_aerobic_power,0.4,aerobic_capacity,0.35,trunk_force_transfer,0.3
cycling,event,sprint,general_preparation,conditioning,anaerobic_power,explosive_strength;maximum_strength;local_muscular_endurance;anaerobic_power;anaerobic_capacity;high_intensity_aerobic_power;aerobic_capacity;threshold_capacity,"ordinal evidence-informed retrieval weighting; athlete deficits, schedule, safety and external load may lower or omit a category",anaerobic_power,1.0,maximum_strength,1.0,anaerobic_capacity,1.0,explosive_strength,0.7,high_intensity_aerobic_power,0.7,aerobic_capacity,0.65,threshold_capacity,0.5,local_muscular_endurance,0.45
cycling,event,sprint,specific_preparation,general_performance,anaerobic_power,explosive_strength;maximum_strength;trunk_force_transfer;local_muscular_endurance;anaerobic_power;anaerobic_capacity;high_intensity_aerobic_power;aerobic_capacity,"ordinal evidence-informed retrieval weighting; athlete deficits, schedule, safety and external load may lower or omit a category",anaerobic_power,1.0,maximum_strength,1.0,explosive_strength,0.85,anaerobic_capacity,0.8,high_intensity_aerobic_power,0.5,local_muscular_endurance,0.35,trunk_force_transfer,0.25,aerobic_capacity,0.2
cycling,event,sprint,specific_preparation,strength_power,maximum_strength,explosive_strength;maximum_strength;trunk_force_transfer;local_muscular_endurance;anaerobic_power;anaerobic_capacity;high_intensity_aerobic_power;aerobic_capacity,"ordinal evidence-informed retrieval weighting; athlete deficits, schedule, safety and external load may lower or omit a category",maximum_strength,1.0,anaerobic_power,1.0,explosive_strength,1.0,anaerobic_capacity,0.8,high_intensity_aerobic_power,0.5,local_muscular_endurance,0.35,trunk_force_transfer,0.25,aerobic_capacity,0.2
cycling,event,sprint,specific_preparation,speed_movement,anaerobic_power,explosive_strength;maximum_strength;trunk_force_transfer;local_muscular_endurance;anaerobic_power;anaerobic_capacity;high_intensity_aerobic_power;aerobic_capacity,"ordinal evidence-informed retrieval weighting; athlete deficits, schedule, safety and external load may lower or omit a category",anaerobic_power,1.0,maximum_strength,1.0,explosive_strength,0.85,anaerobic_capacity,0.8,high_intensity_aerobic_power,0.5,local_muscular_endurance,0.35,trunk_force_transfer,0.25,aerobic_capacity,0.2
cycling,event,sprint,specific_preparation,conditioning,anaerobic_power,explosive_strength;maximum_strength;local_muscular_endurance;anaerobic_power;anaerobic_capacity;high_intensity_aerobic_power;aerobic_capacity;threshold_capacity,"ordinal evidence-informed retrieval weighting; athlete deficits, schedule, safety and external load may lower or omit a category",anaerobic_power,1.0,anaerobic_capacity,1.0,maximum_strength,1.0,explosive_strength,0.85,high_intensity_aerobic_power,0.8,aerobic_capacity,0.5,threshold_capacity,0.5,local_muscular_endurance,0.35
cycling,event,sprint,competition,general_performance,anaerobic_power,performance_preparation;explosive_strength;maximum_strength;trunk_force_transfer;local_muscular_endurance;anaerobic_power;anaerobic_capacity;high_intensity_aerobic_power,"ordinal evidence-informed retrieval weighting; athlete deficits, schedule, safety and external load may lower or omit a category",anaerobic_power,1.0,maximum_strength,0.9,explosive_strength,0.7,anaerobic_capacity,0.7,high_intensity_aerobic_power,0.4,trunk_force_transfer,0.25,local_muscular_endurance,0.25,performance_preparation,0.2
cycling,event,sprint,competition,strength_power,maximum_strength,performance_preparation;explosive_strength;maximum_strength;trunk_force_transfer;local_muscular_endurance;anaerobic_power;anaerobic_capacity;high_intensity_aerobic_power,"ordinal evidence-informed retrieval weighting; athlete deficits, schedule, safety and external load may lower or omit a category",maximum_strength,1.0,anaerobic_power,1.0,explosive_strength,1.0,anaerobic_capacity,0.7,high_intensity_aerobic_power,0.4,trunk_force_transfer,0.25,local_muscular_endurance,0.25,performance_preparation,0.2
cycling,event,sprint,competition,speed_movement,anaerobic_power,performance_preparation;explosive_strength;maximum_strength;trunk_force_transfer;local_muscular_endurance;anaerobic_power;anaerobic_capacity;high_intensity_aerobic_power,"ordinal evidence-informed retrieval weighting; athlete deficits, schedule, safety and external load may lower or omit a category",anaerobic_power,1.0,maximum_strength,0.9,explosive_strength,0.7,anaerobic_capacity,0.7,high_intensity_aerobic_power,0.4,trunk_force_transfer,0.25,local_muscular_endurance,0.25,performance_preparation,0.2
cycling,event,sprint,competition,conditioning,anaerobic_power,explosive_strength;maximum_strength;trunk_force_transfer;anaerobic_power;anaerobic_capacity;high_intensity_aerobic_power;aerobic_capacity;threshold_capacity,"ordinal evidence-informed retrieval weighting; athlete deficits, schedule, safety and external load may lower or omit a category",anaerobic_power,1.0,anaerobic_capacity,0.95,maximum_strength,0.9,explosive_strength,0.7,high_intensity_aerobic_power,0.7,aerobic_capacity,0.5,threshold_capacity,0.5,trunk_force_transfer,0.25
cycling,event,sprint,transition,general_performance,anaerobic_power,explosive_strength;maximum_strength;local_muscular_endurance;anaerobic_power;anaerobic_capacity;high_intensity_aerobic_power;aerobic_capacity;recovery_management,"ordinal evidence-informed retrieval weighting; athlete deficits, schedule, safety and external load may lower or omit a category",anaerobic_power,1.0,maximum_strength,1.0,explosive_strength,0.7,anaerobic_capacity,0.55,high_intensity_aerobic_power,0.4,local_muscular_endurance,0.35,aerobic_capacity,0.3,recovery_management,0.3
cycling,event,sprint,transition,strength_power,maximum_strength,explosive_strength;maximum_strength;local_muscular_endurance;anaerobic_power;anaerobic_capacity;high_intensity_aerobic_power;aerobic_capacity;recovery_management,"ordinal evidence-informed retrieval weighting; athlete deficits, schedule, safety and external load may lower or omit a category",maximum_strength,1.0,anaerobic_power,1.0,explosive_strength,1.0,anaerobic_capacity,0.55,high_intensity_aerobic_power,0.4,local_muscular_endurance,0.35,aerobic_capacity,0.3,recovery_management,0.3
cycling,event,sprint,transition,speed_movement,anaerobic_power,explosive_strength;maximum_strength;local_muscular_endurance;anaerobic_power;anaerobic_capacity;high_intensity_aerobic_power;aerobic_capacity;recovery_management,"ordinal evidence-informed retrieval weighting; athlete deficits, schedule, safety and external load may lower or omit a category",anaerobic_power,1.0,maximum_strength,1.0,explosive_strength,0.7,anaerobic_capacity,0.55,high_intensity_aerobic_power,0.4,local_muscular_endurance,0.35,aerobic_capacity,0.3,recovery_management,0.3
cycling,event,sprint,transition,conditioning,anaerobic_power,explosive_strength;maximum_strength;local_muscular_endurance;anaerobic_power;anaerobic_capacity;high_intensity_aerobic_power;aerobic_capacity;threshold_capacity,"ordinal evidence-informed retrieval weighting; athlete deficits, schedule, safety and external load may lower or omit a category",anaerobic_power,1.0,maximum_strength,1.0,anaerobic_capacity,0.8,explosive_strength,0.7,high_intensity_aerobic_power,0.7,aerobic_capacity,0.6,threshold_capacity,0.5,local_muscular_endurance,0.35
swimming,event_discipline,sprint:freestyle,general_preparation,general_performance,maximum_strength,maximum_strength;shoulder_capacity;trunk_force_transfer;anaerobic_power;aerobic_capacity;anaerobic_capacity;threshold_capacity;high_intensity_aerobic_power,"ordinal evidence-informed retrieval weighting; athlete deficits, schedule, safety and external load may lower or omit a category",maximum_strength,0.6,shoulder_capacity,0.5,anaerobic_power,0.5,aerobic_capacity,0.45,trunk_force_transfer,0.4,anaerobic_capacity,0.4,threshold_capacity,0.4,high_intensity_aerobic_power,0.35
swimming,event_discipline,sprint:freestyle,general_preparation,strength_power,maximum_strength,upper_body_power;maximum_strength;shoulder_capacity;trunk_force_transfer;anaerobic_power;aerobic_capacity;anaerobic_capacity;threshold_capacity,"ordinal evidence-informed retrieval weighting; athlete deficits, schedule, safety and external load may lower or omit a category",maximum_strength,0.9,upper_body_power,0.5,shoulder_capacity,0.5,anaerobic_power,0.5,aerobic_capacity,0.45,trunk_force_transfer,0.4,anaerobic_capacity,0.4,threshold_capacity,0.4
swimming,event_discipline,sprint:freestyle,general_preparation,speed_movement,maximum_strength,maximum_strength;shoulder_capacity;trunk_force_transfer;anaerobic_power;aerobic_capacity;anaerobic_capacity;threshold_capacity;high_intensity_aerobic_power,"ordinal evidence-informed retrieval weighting; athlete deficits, schedule, safety and external load may lower or omit a category",maximum_strength,0.6,shoulder_capacity,0.5,anaerobic_power,0.5,aerobic_capacity,0.45,trunk_force_transfer,0.4,anaerobic_capacity,0.4,threshold_capacity,0.4,high_intensity_aerobic_power,0.35
swimming,event_discipline,sprint:freestyle,general_preparation,conditioning,aerobic_capacity,maximum_strength;shoulder_capacity;trunk_force_transfer;aerobic_capacity;anaerobic_power;threshold_capacity;anaerobic_capacity;high_intensity_aerobic_power,"ordinal evidence-informed retrieval weighting; athlete deficits, schedule, safety and external load may lower or omit a category",aerobic_capacity,0.75,anaerobic_power,0.7,threshold_capacity,0.7,anaerobic_capacity,0.65,high_intensity_aerobic_power,0.65,maximum_strength,0.6,shoulder_capacity,0.5,trunk_force_transfer,0.4
swimming,event_discipline,sprint:freestyle,specific_preparation,general_performance,anaerobic_power,upper_body_power;maximum_strength;shoulder_capacity;trunk_force_transfer;anaerobic_power;high_intensity_aerobic_power;anaerobic_capacity;threshold_capacity,"ordinal evidence-informed retrieval weighting; athlete deficits, schedule, safety and external load may lower or omit a category",anaerobic_power,0.5,maximum_strength,0.45,shoulder_capacity,0.45,high_intensity_aerobic_power,0.45,upper_body_power,0.4,anaerobic_capacity,0.4,threshold_capacity,0.4,trunk_force_transfer,0.35
swimming,event_discipline,sprint:freestyle,specific_preparation,strength_power,maximum_strength,upper_body_power;maximum_strength;shoulder_capacity;trunk_force_transfer;anaerobic_power;high_intensity_aerobic_power;anaerobic_capacity;threshold_capacity,"ordinal evidence-informed retrieval weighting; athlete deficits, schedule, safety and external load may lower or omit a category",maximum_strength,0.75,upper_body_power,0.6,anaerobic_power,0.5,shoulder_capacity,0.45,high_intensity_aerobic_power,0.45,anaerobic_capacity,0.4,threshold_capacity,0.4,trunk_force_transfer,0.35
swimming,event_discipline,sprint:freestyle,specific_preparation,speed_movement,anaerobic_power,upper_body_power;maximum_strength;shoulder_capacity;trunk_force_transfer;anaerobic_power;high_intensity_aerobic_power;anaerobic_capacity;threshold_capacity,"ordinal evidence-informed retrieval weighting; athlete deficits, schedule, safety and external load may lower or omit a category",anaerobic_power,0.5,maximum_strength,0.45,shoulder_capacity,0.45,high_intensity_aerobic_power,0.45,upper_body_power,0.4,anaerobic_capacity,0.4,threshold_capacity,0.4,trunk_force_transfer,0.35
swimming,event_discipline,sprint:freestyle,specific_preparation,conditioning,high_intensity_aerobic_power,upper_body_power;maximum_strength;shoulder_capacity;high_intensity_aerobic_power;anaerobic_power;threshold_capacity;anaerobic_capacity;aerobic_capacity,"ordinal evidence-informed retrieval weighting; athlete deficits, schedule, safety and external load may lower or omit a category",high_intensity_aerobic_power,0.75,anaerobic_power,0.7,threshold_capacity,0.7,anaerobic_capacity,0.65,aerobic_capacity,0.6,maximum_strength,0.45,shoulder_capacity,0.45,upper_body_power,0.4
swimming,event_discipline,sprint:freestyle,competition,general_performance,anaerobic_power,upper_body_power;maximum_strength;shoulder_capacity;trunk_force_transfer;anaerobic_power;threshold_capacity;high_intensity_aerobic_power;aerobic_capacity,"ordinal evidence-informed retrieval weighting; athlete deficits, schedule, safety and external load may lower or omit a category",anaerobic_power,0.5,shoulder_capacity,0.45,threshold_capacity,0.4,maximum_strength,0.35,trunk_force_transfer,0.35,high_intensity_aerobic_power,0.35,upper_body_power,0.3,aerobic_capacity,0.3
swimming,event_discipline,sprint:freestyle,competition,strength_power,maximum_strength,upper_body_power;maximum_strength;shoulder_capacity;trunk_force_transfer;anaerobic_power;threshold_capacity;high_intensity_aerobic_power;aerobic_capacity,"ordinal evidence-informed retrieval weighting; athlete deficits, schedule, safety and external load may lower or omit a category",maximum_strength,0.65,upper_body_power,0.5,anaerobic_power,0.5,shoulder_capacity,0.45,threshold_capacity,0.4,trunk_force_transfer,0.35,high_intensity_aerobic_power,0.35,aerobic_capacity,0.3
swimming,event_discipline,sprint:freestyle,competition,speed_movement,anaerobic_power,upper_body_power;maximum_strength;shoulder_capacity;trunk_force_transfer;anaerobic_power;threshold_capacity;high_intensity_aerobic_power;aerobic_capacity,"ordinal evidence-informed retrieval weighting; athlete deficits, schedule, safety and external load may lower or omit a category",anaerobic_power,0.5,shoulder_capacity,0.45,threshold_capacity,0.4,maximum_strength,0.35,trunk_force_transfer,0.35,high_intensity_aerobic_power,0.35,upper_body_power,0.3,aerobic_capacity,0.3
swimming,event_discipline,sprint:freestyle,competition,conditioning,anaerobic_power,maximum_strength;shoulder_capacity;trunk_force_transfer;anaerobic_power;threshold_capacity;high_intensity_aerobic_power;aerobic_capacity;anaerobic_capacity,"ordinal evidence-informed retrieval weighting; athlete deficits, schedule, safety and external load may lower or omit a category",anaerobic_power,0.7,threshold_capacity,0.7,high_intensity_aerobic_power,0.65,aerobic_capacity,0.6,anaerobic_capacity,0.55,shoulder_capacity,0.45,maximum_strength,0.35,trunk_force_transfer,0.35
swimming,event_discipline,sprint:freestyle,transition,general_performance,anaerobic_power,maximum_strength;shoulder_capacity;trunk_force_transfer;anaerobic_power;aerobic_capacity;threshold_capacity;high_intensity_aerobic_power;mobility_range_capacity,"ordinal evidence-informed retrieval weighting; athlete deficits, schedule, safety and external load may lower or omit a category",anaerobic_power,0.5,maximum_strength,0.45,shoulder_capacity,0.45,aerobic_capacity,0.4,threshold_capacity,0.4,mobility_range_capacity,0.4,trunk_force_transfer,0.35,high_intensity_aerobic_power,0.35
swimming,event_discipline,sprint:freestyle,transition,strength_power,maximum_strength,upper_body_power;maximum_strength;shoulder_capacity;trunk_force_transfer;anaerobic_power;aerobic_capacity;threshold_capacity;mobility_range_capacity,"ordinal evidence-informed retrieval weighting; athlete deficits, schedule, safety and external load may lower or omit a category",maximum_strength,0.75,upper_body_power,0.5,anaerobic_power,0.5,shoulder_capacity,0.45,aerobic_capacity,0.4,threshold_capacity,0.4,mobility_range_capacity,0.4,trunk_force_transfer,0.35
swimming,event_discipline,sprint:freestyle,transition,speed_movement,anaerobic_power,maximum_strength;shoulder_capacity;trunk_force_transfer;anaerobic_power;aerobic_capacity;threshold_capacity;high_intensity_aerobic_power;mobility_range_capacity,"ordinal evidence-informed retrieval weighting; athlete deficits, schedule, safety and external load may lower or omit a category",anaerobic_power,0.5,maximum_strength,0.45,shoulder_capacity,0.45,aerobic_capacity,0.4,threshold_capacity,0.4,mobility_range_capacity,0.4,trunk_force_transfer,0.35,high_intensity_aerobic_power,0.35
swimming,event_discipline,sprint:freestyle,transition,conditioning,aerobic_capacity,maximum_strength;shoulder_capacity;aerobic_capacity;anaerobic_power;threshold_capacity;high_intensity_aerobic_power;anaerobic_capacity;mobility_range_capacity,"ordinal evidence-informed retrieval weighting; athlete deficits, schedule, safety and external load may lower or omit a category",aerobic_capacity,0.7,anaerobic_power,0.7,threshold_capacity,0.7,high_intensity_aerobic_power,0.65,maximum_strength,0.45,shoulder_capacity,0.45,anaerobic_capacity,0.4,mobility_range_capacity,0.4
swimming,event_discipline,sprint:backstroke,general_preparation,general_performance,maximum_strength,maximum_strength;shoulder_capacity;trunk_force_transfer;anaerobic_power;aerobic_capacity;anaerobic_capacity;threshold_capacity;high_intensity_aerobic_power,"ordinal evidence-informed retrieval weighting; athlete deficits, schedule, safety and external load may lower or omit a category",maximum_strength,0.6,shoulder_capacity,0.5,anaerobic_power,0.5,aerobic_capacity,0.45,trunk_force_transfer,0.4,anaerobic_capacity,0.4,threshold_capacity,0.4,high_intensity_aerobic_power,0.35
swimming,event_discipline,sprint:backstroke,general_preparation,strength_power,maximum_strength,upper_body_power;maximum_strength;shoulder_capacity;trunk_force_transfer;anaerobic_power;aerobic_capacity;anaerobic_capacity;threshold_capacity,"ordinal evidence-informed retrieval weighting; athlete deficits, schedule, safety and external load may lower or omit a category",maximum_strength,0.9,upper_body_power,0.5,shoulder_capacity,0.5,anaerobic_power,0.5,aerobic_capacity,0.45,trunk_force_transfer,0.4,anaerobic_capacity,0.4,threshold_capacity,0.4
swimming,event_discipline,sprint:backstroke,general_preparation,speed_movement,maximum_strength,maximum_strength;shoulder_capacity;trunk_force_transfer;anaerobic_power;aerobic_capacity;anaerobic_capacity;threshold_capacity;high_intensity_aerobic_power,"ordinal evidence-informed retrieval weighting; athlete deficits, schedule, safety and external load may lower or omit a category",maximum_strength,0.6,shoulder_capacity,0.5,anaerobic_power,0.5,aerobic_capacity,0.45,trunk_force_transfer,0.4,anaerobic_capacity,0.4,threshold_capacity,0.4,high_intensity_aerobic_power,0.35
swimming,event_discipline,sprint:backstroke,general_preparation,conditioning,aerobic_capacity,maximum_strength;shoulder_capacity;trunk_force_transfer;aerobic_capacity;anaerobic_power;threshold_capacity;anaerobic_capacity;high_intensity_aerobic_power,"ordinal evidence-informed retrieval weighting; athlete deficits, schedule, safety and external load may lower or omit a category",aerobic_capacity,0.75,anaerobic_power,0.7,threshold_capacity,0.7,anaerobic_capacity,0.65,high_intensity_aerobic_power,0.65,maximum_strength,0.6,shoulder_capacity,0.5,trunk_force_transfer,0.4
swimming,event_discipline,sprint:backstroke,specific_preparation,general_performance,anaerobic_power,upper_body_power;maximum_strength;shoulder_capacity;trunk_force_transfer;anaerobic_power;high_intensity_aerobic_power;anaerobic_capacity;threshold_capacity,"ordinal evidence-informed retrieval weighting; athlete deficits, schedule, safety and external load may lower or omit a category",anaerobic_power,0.5,maximum_strength,0.45,shoulder_capacity,0.45,high_intensity_aerobic_power,0.45,upper_body_power,0.4,anaerobic_capacity,0.4,threshold_capacity,0.4,trunk_force_transfer,0.35
swimming,event_discipline,sprint:backstroke,specific_preparation,strength_power,maximum_strength,upper_body_power;maximum_strength;shoulder_capacity;trunk_force_transfer;anaerobic_power;high_intensity_aerobic_power;anaerobic_capacity;threshold_capacity,"ordinal evidence-informed retrieval weighting; athlete deficits, schedule, safety and external load may lower or omit a category",maximum_strength,0.75,upper_body_power,0.6,anaerobic_power,0.5,shoulder_capacity,0.45,high_intensity_aerobic_power,0.45,anaerobic_capacity,0.4,threshold_capacity,0.4,trunk_force_transfer,0.35
swimming,event_discipline,sprint:backstroke,specific_preparation,speed_movement,anaerobic_power,upper_body_power;maximum_strength;shoulder_capacity;trunk_force_transfer;anaerobic_power;high_intensity_aerobic_power;anaerobic_capacity;threshold_capacity,"ordinal evidence-informed retrieval weighting; athlete deficits, schedule, safety and external load may lower or omit a category",anaerobic_power,0.5,maximum_strength,0.45,shoulder_capacity,0.45,high_intensity_aerobic_power,0.45,upper_body_power,0.4,anaerobic_capacity,0.4,threshold_capacity,0.4,trunk_force_transfer,0.35
swimming,event_discipline,sprint:backstroke,specific_preparation,conditioning,high_intensity_aerobic_power,upper_body_power;maximum_strength;shoulder_capacity;high_intensity_aerobic_power;anaerobic_power;threshold_capacity;anaerobic_capacity;aerobic_capacity,"ordinal evidence-informed retrieval weighting; athlete deficits, schedule, safety and external load may lower or omit a category",high_intensity_aerobic_power,0.75,anaerobic_power,0.7,threshold_capacity,0.7,anaerobic_capacity,0.65,aerobic_capacity,0.6,maximum_strength,0.45,shoulder_capacity,0.45,upper_body_power,0.4
swimming,event_discipline,sprint:backstroke,competition,general_performance,anaerobic_power,upper_body_power;maximum_strength;shoulder_capacity;trunk_force_transfer;anaerobic_power;threshold_capacity;high_intensity_aerobic_power;aerobic_capacity,"ordinal evidence-informed retrieval weighting; athlete deficits, schedule, safety and external load may lower or omit a category",anaerobic_power,0.5,shoulder_capacity,0.45,threshold_capacity,0.4,maximum_strength,0.35,trunk_force_transfer,0.35,high_intensity_aerobic_power,0.35,upper_body_power,0.3,aerobic_capacity,0.3
swimming,event_discipline,sprint:backstroke,competition,strength_power,maximum_strength,upper_body_power;maximum_strength;shoulder_capacity;trunk_force_transfer;anaerobic_power;threshold_capacity;high_intensity_aerobic_power;aerobic_capacity,"ordinal evidence-informed retrieval weighting; athlete deficits, schedule, safety and external load may lower or omit a category",maximum_strength,0.65,upper_body_power,0.5,anaerobic_power,0.5,shoulder_capacity,0.45,threshold_capacity,0.4,trunk_force_transfer,0.35,high_intensity_aerobic_power,0.35,aerobic_capacity,0.3
swimming,event_discipline,sprint:backstroke,competition,speed_movement,anaerobic_power,upper_body_power;maximum_strength;shoulder_capacity;trunk_force_transfer;anaerobic_power;threshold_capacity;high_intensity_aerobic_power;aerobic_capacity,"ordinal evidence-informed retrieval weighting; athlete deficits, schedule, safety and external load may lower or omit a category",anaerobic_power,0.5,shoulder_capacity,0.45,threshold_capacity,0.4,maximum_strength,0.35,trunk_force_transfer,0.35,high_intensity_aerobic_power,0.35,upper_body_power,0.3,aerobic_capacity,0.3
swimming,event_discipline,sprint:backstroke,competition,conditioning,anaerobic_power,maximum_strength;shoulder_capacity;trunk_force_transfer;anaerobic_power;threshold_capacity;high_intensity_aerobic_power;aerobic_capacity;anaerobic_capacity,"ordinal evidence-informed retrieval weighting; athlete deficits, schedule, safety and external load may lower or omit a category",anaerobic_power,0.7,threshold_capacity,0.7,high_intensity_aerobic_power,0.65,aerobic_capacity,0.6,anaerobic_capacity,0.55,shoulder_capacity,0.45,maximum_strength,0.35,trunk_force_transfer,0.35
swimming,event_discipline,sprint:backstroke,transition,general_performance,anaerobic_power,maximum_strength;shoulder_capacity;trunk_force_transfer;anaerobic_power;aerobic_capacity;threshold_capacity;high_intensity_aerobic_power;mobility_range_capacity,"ordinal evidence-informed retrieval weighting; athlete deficits, schedule, safety and external load may lower or omit a category",anaerobic_power,0.5,maximum_strength,0.45,shoulder_capacity,0.45,aerobic_capacity,0.4,threshold_capacity,0.4,mobility_range_capacity,0.4,trunk_force_transfer,0.35,high_intensity_aerobic_power,0.35
swimming,event_discipline,sprint:backstroke,transition,strength_power,maximum_strength,upper_body_power;maximum_strength;shoulder_capacity;trunk_force_transfer;anaerobic_power;aerobic_capacity;threshold_capacity;mobility_range_capacity,"ordinal evidence-informed retrieval weighting; athlete deficits, schedule, safety and external load may lower or omit a category",maximum_strength,0.75,upper_body_power,0.5,anaerobic_power,0.5,shoulder_capacity,0.45,aerobic_capacity,0.4,threshold_capacity,0.4,mobility_range_capacity,0.4,trunk_force_transfer,0.35
swimming,event_discipline,sprint:backstroke,transition,speed_movement,anaerobic_power,maximum_strength;shoulder_capacity;trunk_force_transfer;anaerobic_power;aerobic_capacity;threshold_capacity;high_intensity_aerobic_power;mobility_range_capacity,"ordinal evidence-informed retrieval weighting; athlete deficits, schedule, safety and external load may lower or omit a category",anaerobic_power,0.5,maximum_strength,0.45,shoulder_capacity,0.45,aerobic_capacity,0.4,threshold_capacity,0.4,mobility_range_capacity,0.4,trunk_force_transfer,0.35,high_intensity_aerobic_power,0.35
swimming,event_discipline,sprint:backstroke,transition,conditioning,aerobic_capacity,maximum_strength;shoulder_capacity;aerobic_capacity;anaerobic_power;threshold_capacity;high_intensity_aerobic_power;anaerobic_capacity;mobility_range_capacity,"ordinal evidence-informed retrieval weighting; athlete deficits, schedule, safety and external load may lower or omit a category",aerobic_capacity,0.7,anaerobic_power,0.7,threshold_capacity,0.7,high_intensity_aerobic_power,0.65,maximum_strength,0.45,shoulder_capacity,0.45,anaerobic_capacity,0.4,mobility_range_capacity,0.4
swimming,event_discipline,sprint:breaststroke,general_preparation,general_performance,maximum_strength,maximum_strength;shoulder_capacity;trunk_force_transfer;anaerobic_power;aerobic_capacity;anaerobic_capacity;threshold_capacity;high_intensity_aerobic_power,"ordinal evidence-informed retrieval weighting; athlete deficits, schedule, safety and external load may lower or omit a category",maximum_strength,0.6,shoulder_capacity,0.5,anaerobic_power,0.5,aerobic_capacity,0.45,trunk_force_transfer,0.4,anaerobic_capacity,0.4,threshold_capacity,0.4,high_intensity_aerobic_power,0.35
swimming,event_discipline,sprint:breaststroke,general_preparation,strength_power,maximum_strength,upper_body_power;maximum_strength;shoulder_capacity;trunk_force_transfer;anaerobic_power;aerobic_capacity;anaerobic_capacity;threshold_capacity,"ordinal evidence-informed retrieval weighting; athlete deficits, schedule, safety and external load may lower or omit a category",maximum_strength,0.9,upper_body_power,0.5,shoulder_capacity,0.5,anaerobic_power,0.5,aerobic_capacity,0.45,trunk_force_transfer,0.4,anaerobic_capacity,0.4,threshold_capacity,0.4
swimming,event_discipline,sprint:breaststroke,general_preparation,speed_movement,maximum_strength,maximum_strength;shoulder_capacity;trunk_force_transfer;anaerobic_power;aerobic_capacity;anaerobic_capacity;threshold_capacity;high_intensity_aerobic_power,"ordinal evidence-informed retrieval weighting; athlete deficits, schedule, safety and external load may lower or omit a category",maximum_strength,0.6,shoulder_capacity,0.5,anaerobic_power,0.5,aerobic_capacity,0.45,trunk_force_transfer,0.4,anaerobic_capacity,0.4,threshold_capacity,0.4,high_intensity_aerobic_power,0.35
swimming,event_discipline,sprint:breaststroke,general_preparation,conditioning,aerobic_capacity,maximum_strength;shoulder_capacity;trunk_force_transfer;aerobic_capacity;anaerobic_power;threshold_capacity;anaerobic_capacity;high_intensity_aerobic_power,"ordinal evidence-informed retrieval weighting; athlete deficits, schedule, safety and external load may lower or omit a category",aerobic_capacity,0.75,anaerobic_power,0.7,threshold_capacity,0.7,anaerobic_capacity,0.65,high_intensity_aerobic_power,0.65,maximum_strength,0.6,shoulder_capacity,0.5,trunk_force_transfer,0.4
swimming,event_discipline,sprint:breaststroke,specific_preparation,general_performance,anaerobic_power,upper_body_power;maximum_strength;shoulder_capacity;trunk_force_transfer;anaerobic_power;high_intensity_aerobic_power;anaerobic_capacity;threshold_capacity,"ordinal evidence-informed retrieval weighting; athlete deficits, schedule, safety and external load may lower or omit a category",anaerobic_power,0.5,maximum_strength,0.45,shoulder_capacity,0.45,high_intensity_aerobic_power,0.45,upper_body_power,0.4,anaerobic_capacity,0.4,threshold_capacity,0.4,trunk_force_transfer,0.35
swimming,event_discipline,sprint:breaststroke,specific_preparation,strength_power,maximum_strength,upper_body_power;maximum_strength;shoulder_capacity;trunk_force_transfer;anaerobic_power;high_intensity_aerobic_power;anaerobic_capacity;threshold_capacity,"ordinal evidence-informed retrieval weighting; athlete deficits, schedule, safety and external load may lower or omit a category",maximum_strength,0.75,upper_body_power,0.6,anaerobic_power,0.5,shoulder_capacity,0.45,high_intensity_aerobic_power,0.45,anaerobic_capacity,0.4,threshold_capacity,0.4,trunk_force_transfer,0.35
swimming,event_discipline,sprint:breaststroke,specific_preparation,speed_movement,anaerobic_power,upper_body_power;maximum_strength;shoulder_capacity;trunk_force_transfer;anaerobic_power;high_intensity_aerobic_power;anaerobic_capacity;threshold_capacity,"ordinal evidence-informed retrieval weighting; athlete deficits, schedule, safety and external load may lower or omit a category",anaerobic_power,0.5,maximum_strength,0.45,shoulder_capacity,0.45,high_intensity_aerobic_power,0.45,upper_body_power,0.4,anaerobic_capacity,0.4,threshold_capacity,0.4,trunk_force_transfer,0.35
swimming,event_discipline,sprint:breaststroke,specific_preparation,conditioning,high_intensity_aerobic_power,upper_body_power;maximum_strength;shoulder_capacity;high_intensity_aerobic_power;anaerobic_power;threshold_capacity;anaerobic_capacity;aerobic_capacity,"ordinal evidence-informed retrieval weighting; athlete deficits, schedule, safety and external load may lower or omit a category",high_intensity_aerobic_power,0.75,anaerobic_power,0.7,threshold_capacity,0.7,anaerobic_capacity,0.65,aerobic_capacity,0.6,maximum_strength,0.45,shoulder_capacity,0.45,upper_body_power,0.4
swimming,event_discipline,sprint:breaststroke,competition,general_performance,anaerobic_power,upper_body_power;maximum_strength;shoulder_capacity;trunk_force_transfer;anaerobic_power;threshold_capacity;high_intensity_aerobic_power;aerobic_capacity,"ordinal evidence-informed retrieval weighting; athlete deficits, schedule, safety and external load may lower or omit a category",anaerobic_power,0.5,shoulder_capacity,0.45,threshold_capacity,0.4,maximum_strength,0.35,trunk_force_transfer,0.35,high_intensity_aerobic_power,0.35,upper_body_power,0.3,aerobic_capacity,0.3
swimming,event_discipline,sprint:breaststroke,competition,strength_power,maximum_strength,upper_body_power;maximum_strength;shoulder_capacity;trunk_force_transfer;anaerobic_power;threshold_capacity;high_intensity_aerobic_power;aerobic_capacity,"ordinal evidence-informed retrieval weighting; athlete deficits, schedule, safety and external load may lower or omit a category",maximum_strength,0.65,upper_body_power,0.5,anaerobic_power,0.5,shoulder_capacity,0.45,threshold_capacity,0.4,trunk_force_transfer,0.35,high_intensity_aerobic_power,0.35,aerobic_capacity,0.3
swimming,event_discipline,sprint:breaststroke,competition,speed_movement,anaerobic_power,upper_body_power;maximum_strength;shoulder_capacity;trunk_force_transfer;anaerobic_power;threshold_capacity;high_intensity_aerobic_power;aerobic_capacity,"ordinal evidence-informed retrieval weighting; athlete deficits, schedule, safety and external load may lower or omit a category",anaerobic_power,0.5,shoulder_capacity,0.45,threshold_capacity,0.4,maximum_strength,0.35,trunk_force_transfer,0.35,high_intensity_aerobic_power,0.35,upper_body_power,0.3,aerobic_capacity,0.3
swimming,event_discipline,sprint:breaststroke,competition,conditioning,anaerobic_power,maximum_strength;shoulder_capacity;trunk_force_transfer;anaerobic_power;threshold_capacity;high_intensity_aerobic_power;aerobic_capacity;anaerobic_capacity,"ordinal evidence-informed retrieval weighting; athlete deficits, schedule, safety and external load may lower or omit a category",anaerobic_power,0.7,threshold_capacity,0.7,high_intensity_aerobic_power,0.65,aerobic_capacity,0.6,anaerobic_capacity,0.55,shoulder_capacity,0.45,maximum_strength,0.35,trunk_force_transfer,0.35
swimming,event_discipline,sprint:breaststroke,transition,general_performance,anaerobic_power,maximum_strength;shoulder_capacity;trunk_force_transfer;anaerobic_power;aerobic_capacity;threshold_capacity;high_intensity_aerobic_power;mobility_range_capacity,"ordinal evidence-informed retrieval weighting; athlete deficits, schedule, safety and external load may lower or omit a category",anaerobic_power,0.5,maximum_strength,0.45,shoulder_capacity,0.45,aerobic_capacity,0.4,threshold_capacity,0.4,mobility_range_capacity,0.4,trunk_force_transfer,0.35,high_intensity_aerobic_power,0.35
swimming,event_discipline,sprint:breaststroke,transition,strength_power,maximum_strength,upper_body_power;maximum_strength;shoulder_capacity;trunk_force_transfer;anaerobic_power;aerobic_capacity;threshold_capacity;mobility_range_capacity,"ordinal evidence-informed retrieval weighting; athlete deficits, schedule, safety and external load may lower or omit a category",maximum_strength,0.75,upper_body_power,0.5,anaerobic_power,0.5,shoulder_capacity,0.45,aerobic_capacity,0.4,threshold_capacity,0.4,mobility_range_capacity,0.4,trunk_force_transfer,0.35
swimming,event_discipline,sprint:breaststroke,transition,speed_movement,anaerobic_power,maximum_strength;shoulder_capacity;trunk_force_transfer;anaerobic_power;aerobic_capacity;threshold_capacity;high_intensity_aerobic_power;mobility_range_capacity,"ordinal evidence-informed retrieval weighting; athlete deficits, schedule, safety and external load may lower or omit a category",anaerobic_power,0.5,maximum_strength,0.45,shoulder_capacity,0.45,aerobic_capacity,0.4,threshold_capacity,0.4,mobility_range_capacity,0.4,trunk_force_transfer,0.35,high_intensity_aerobic_power,0.35
swimming,event_discipline,sprint:breaststroke,transition,conditioning,aerobic_capacity,maximum_strength;shoulder_capacity;aerobic_capacity;anaerobic_power;threshold_capacity;high_intensity_aerobic_power;anaerobic_capacity;mobility_range_capacity,"ordinal evidence-informed retrieval weighting; athlete deficits, schedule, safety and external load may lower or omit a category",aerobic_capacity,0.7,anaerobic_power,0.7,threshold_capacity,0.7,high_intensity_aerobic_power,0.65,maximum_strength,0.45,shoulder_capacity,0.45,anaerobic_capacity,0.4,mobility_range_capacity,0.4
swimming,event_discipline,sprint:butterfly,general_preparation,general_performance,maximum_strength,maximum_strength;shoulder_capacity;trunk_force_transfer;anaerobic_power;aerobic_capacity;anaerobic_capacity;threshold_capacity;high_intensity_aerobic_power,"ordinal evidence-informed retrieval weighting; athlete deficits, schedule, safety and external load may lower or omit a category",maximum_strength,0.6,shoulder_capacity,0.5,anaerobic_power,0.5,aerobic_capacity,0.45,trunk_force_transfer,0.4,anaerobic_capacity,0.4,threshold_capacity,0.4,high_intensity_aerobic_power,0.35
swimming,event_discipline,sprint:butterfly,general_preparation,strength_power,maximum_strength,upper_body_power;maximum_strength;shoulder_capacity;trunk_force_transfer;anaerobic_power;aerobic_capacity;anaerobic_capacity;threshold_capacity,"ordinal evidence-informed retrieval weighting; athlete deficits, schedule, safety and external load may lower or omit a category",maximum_strength,0.9,upper_body_power,0.5,shoulder_capacity,0.5,anaerobic_power,0.5,aerobic_capacity,0.45,trunk_force_transfer,0.4,anaerobic_capacity,0.4,threshold_capacity,0.4
swimming,event_discipline,sprint:butterfly,general_preparation,speed_movement,maximum_strength,maximum_strength;shoulder_capacity;trunk_force_transfer;anaerobic_power;aerobic_capacity;anaerobic_capacity;threshold_capacity;high_intensity_aerobic_power,"ordinal evidence-informed retrieval weighting; athlete deficits, schedule, safety and external load may lower or omit a category",maximum_strength,0.6,shoulder_capacity,0.5,anaerobic_power,0.5,aerobic_capacity,0.45,trunk_force_transfer,0.4,anaerobic_capacity,0.4,threshold_capacity,0.4,high_intensity_aerobic_power,0.35
swimming,event_discipline,sprint:butterfly,general_preparation,conditioning,aerobic_capacity,maximum_strength;shoulder_capacity;trunk_force_transfer;aerobic_capacity;anaerobic_power;threshold_capacity;anaerobic_capacity;high_intensity_aerobic_power,"ordinal evidence-informed retrieval weighting; athlete deficits, schedule, safety and external load may lower or omit a category",aerobic_capacity,0.75,anaerobic_power,0.7,threshold_capacity,0.7,anaerobic_capacity,0.65,high_intensity_aerobic_power,0.65,maximum_strength,0.6,shoulder_capacity,0.5,trunk_force_transfer,0.4
swimming,event_discipline,sprint:butterfly,specific_preparation,general_performance,anaerobic_power,upper_body_power;maximum_strength;shoulder_capacity;trunk_force_transfer;anaerobic_power;high_intensity_aerobic_power;anaerobic_capacity;threshold_capacity,"ordinal evidence-informed retrieval weighting; athlete deficits, schedule, safety and external load may lower or omit a category",anaerobic_power,0.5,maximum_strength,0.45,shoulder_capacity,0.45,high_intensity_aerobic_power,0.45,upper_body_power,0.4,anaerobic_capacity,0.4,threshold_capacity,0.4,trunk_force_transfer,0.35
swimming,event_discipline,sprint:butterfly,specific_preparation,strength_power,maximum_strength,upper_body_power;maximum_strength;shoulder_capacity;trunk_force_transfer;anaerobic_power;high_intensity_aerobic_power;anaerobic_capacity;threshold_capacity,"ordinal evidence-informed retrieval weighting; athlete deficits, schedule, safety and external load may lower or omit a category",maximum_strength,0.75,upper_body_power,0.6,anaerobic_power,0.5,shoulder_capacity,0.45,high_intensity_aerobic_power,0.45,anaerobic_capacity,0.4,threshold_capacity,0.4,trunk_force_transfer,0.35
swimming,event_discipline,sprint:butterfly,specific_preparation,speed_movement,anaerobic_power,upper_body_power;maximum_strength;shoulder_capacity;trunk_force_transfer;anaerobic_power;high_intensity_aerobic_power;anaerobic_capacity;threshold_capacity,"ordinal evidence-informed retrieval weighting; athlete deficits, schedule, safety and external load may lower or omit a category",anaerobic_power,0.5,maximum_strength,0.45,shoulder_capacity,0.45,high_intensity_aerobic_power,0.45,upper_body_power,0.4,anaerobic_capacity,0.4,threshold_capacity,0.4,trunk_force_transfer,0.35
swimming,event_discipline,sprint:butterfly,specific_preparation,conditioning,high_intensity_aerobic_power,upper_body_power;maximum_strength;shoulder_capacity;high_intensity_aerobic_power;anaerobic_power;threshold_capacity;anaerobic_capacity;aerobic_capacity,"ordinal evidence-informed retrieval weighting; athlete deficits, schedule, safety and external load may lower or omit a category",high_intensity_aerobic_power,0.75,anaerobic_power,0.7,threshold_capacity,0.7,anaerobic_capacity,0.65,aerobic_capacity,0.6,maximum_strength,0.45,shoulder_capacity,0.45,upper_body_power,0.4
swimming,event_discipline,sprint:butterfly,competition,general_performance,anaerobic_power,upper_body_power;maximum_strength;shoulder_capacity;trunk_force_transfer;anaerobic_power;threshold_capacity;high_intensity_aerobic_power;aerobic_capacity,"ordinal evidence-informed retrieval weighting; athlete deficits, schedule, safety and external load may lower or omit a category",anaerobic_power,0.5,shoulder_capacity,0.45,threshold_capacity,0.4,maximum_strength,0.35,trunk_force_transfer,0.35,high_intensity_aerobic_power,0.35,upper_body_power,0.3,aerobic_capacity,0.3
swimming,event_discipline,sprint:butterfly,competition,strength_power,maximum_strength,upper_body_power;maximum_strength;shoulder_capacity;trunk_force_transfer;anaerobic_power;threshold_capacity;high_intensity_aerobic_power;aerobic_capacity,"ordinal evidence-informed retrieval weighting; athlete deficits, schedule, safety and external load may lower or omit a category",maximum_strength,0.65,upper_body_power,0.5,anaerobic_power,0.5,shoulder_capacity,0.45,threshold_capacity,0.4,trunk_force_transfer,0.35,high_intensity_aerobic_power,0.35,aerobic_capacity,0.3
swimming,event_discipline,sprint:butterfly,competition,speed_movement,anaerobic_power,upper_body_power;maximum_strength;shoulder_capacity;trunk_force_transfer;anaerobic_power;threshold_capacity;high_intensity_aerobic_power;aerobic_capacity,"ordinal evidence-informed retrieval weighting; athlete deficits, schedule, safety and external load may lower or omit a category",anaerobic_power,0.5,shoulder_capacity,0.45,threshold_capacity,0.4,maximum_strength,0.35,trunk_force_transfer,0.35,high_intensity_aerobic_power,0.35,upper_body_power,0.3,aerobic_capacity,0.3
swimming,event_discipline,sprint:butterfly,competition,conditioning,anaerobic_power,maximum_strength;shoulder_capacity;trunk_force_transfer;anaerobic_power;threshold_capacity;high_intensity_aerobic_power;aerobic_capacity;anaerobic_capacity,"ordinal evidence-informed retrieval weighting; athlete deficits, schedule, safety and external load may lower or omit a category",anaerobic_power,0.7,threshold_capacity,0.7,high_intensity_aerobic_power,0.65,aerobic_capacity,0.6,anaerobic_capacity,0.55,shoulder_capacity,0.45,maximum_strength,0.35,trunk_force_transfer,0.35
swimming,event_discipline,sprint:butterfly,transition,general_performance,anaerobic_power,maximum_strength;shoulder_capacity;trunk_force_transfer;anaerobic_power;aerobic_capacity;threshold_capacity;high_intensity_aerobic_power;mobility_range_capacity,"ordinal evidence-informed retrieval weighting; athlete deficits, schedule, safety and external load may lower or omit a category",anaerobic_power,0.5,maximum_strength,0.45,shoulder_capacity,0.45,aerobic_capacity,0.4,threshold_capacity,0.4,mobility_range_capacity,0.4,trunk_force_transfer,0.35,high_intensity_aerobic_power,0.35
swimming,event_discipline,sprint:butterfly,transition,strength_power,maximum_strength,upper_body_power;maximum_strength;shoulder_capacity;trunk_force_transfer;anaerobic_power;aerobic_capacity;threshold_capacity;mobility_range_capacity,"ordinal evidence-informed retrieval weighting; athlete deficits, schedule, safety and external load may lower or omit a category",maximum_strength,0.75,upper_body_power,0.5,anaerobic_power,0.5,shoulder_capacity,0.45,aerobic_capacity,0.4,threshold_capacity,0.4,mobility_range_capacity,0.4,trunk_force_transfer,0.35
swimming,event_discipline,sprint:butterfly,transition,speed_movement,anaerobic_power,maximum_strength;shoulder_capacity;trunk_force_transfer;anaerobic_power;aerobic_capacity;threshold_capacity;high_intensity_aerobic_power;mobility_range_capacity,"ordinal evidence-informed retrieval weighting; athlete deficits, schedule, safety and external load may lower or omit a category",anaerobic_power,0.5,maximum_strength,0.45,shoulder_capacity,0.45,aerobic_capacity,0.4,threshold_capacity,0.4,mobility_range_capacity,0.4,trunk_force_transfer,0.35,high_intensity_aerobic_power,0.35
swimming,event_discipline,sprint:butterfly,transition,conditioning,aerobic_capacity,maximum_strength;shoulder_capacity;aerobic_capacity;anaerobic_power;threshold_capacity;high_intensity_aerobic_power;anaerobic_capacity;mobility_range_capacity,"ordinal evidence-informed retrieval weighting; athlete deficits, schedule, safety and external load may lower or omit a category",aerobic_capacity,0.7,anaerobic_power,0.7,threshold_capacity,0.7,high_intensity_aerobic_power,0.65,maximum_strength,0.45,shoulder_capacity,0.45,anaerobic_capacity,0.4,mobility_range_capacity,0.4
swimming,event_discipline,sprint:individual_medley,general_preparation,general_performance,maximum_strength,maximum_strength;shoulder_capacity;trunk_force_transfer;anaerobic_power;aerobic_capacity;anaerobic_capacity;threshold_capacity;high_intensity_aerobic_power,"ordinal evidence-informed retrieval weighting; athlete deficits, schedule, safety and external load may lower or omit a category",maximum_strength,0.6,shoulder_capacity,0.5,anaerobic_power,0.5,aerobic_capacity,0.45,trunk_force_transfer,0.4,anaerobic_capacity,0.4,threshold_capacity,0.4,high_intensity_aerobic_power,0.35
swimming,event_discipline,sprint:individual_medley,general_preparation,strength_power,maximum_strength,upper_body_power;maximum_strength;shoulder_capacity;trunk_force_transfer;anaerobic_power;aerobic_capacity;anaerobic_capacity;threshold_capacity,"ordinal evidence-informed retrieval weighting; athlete deficits, schedule, safety and external load may lower or omit a category",maximum_strength,0.9,upper_body_power,0.5,shoulder_capacity,0.5,anaerobic_power,0.5,aerobic_capacity,0.45,trunk_force_transfer,0.4,anaerobic_capacity,0.4,threshold_capacity,0.4
swimming,event_discipline,sprint:individual_medley,general_preparation,speed_movement,maximum_strength,maximum_strength;shoulder_capacity;trunk_force_transfer;anaerobic_power;aerobic_capacity;anaerobic_capacity;threshold_capacity;high_intensity_aerobic_power,"ordinal evidence-informed retrieval weighting; athlete deficits, schedule, safety and external load may lower or omit a category",maximum_strength,0.6,shoulder_capacity,0.5,anaerobic_power,0.5,aerobic_capacity,0.45,trunk_force_transfer,0.4,anaerobic_capacity,0.4,threshold_capacity,0.4,high_intensity_aerobic_power,0.35
swimming,event_discipline,sprint:individual_medley,general_preparation,conditioning,aerobic_capacity,maximum_strength;shoulder_capacity;trunk_force_transfer;aerobic_capacity;anaerobic_power;threshold_capacity;anaerobic_capacity;high_intensity_aerobic_power,"ordinal evidence-informed retrieval weighting; athlete deficits, schedule, safety and external load may lower or omit a category",aerobic_capacity,0.75,anaerobic_power,0.7,threshold_capacity,0.7,anaerobic_capacity,0.65,high_intensity_aerobic_power,0.65,maximum_strength,0.6,shoulder_capacity,0.5,trunk_force_transfer,0.4
swimming,event_discipline,sprint:individual_medley,specific_preparation,general_performance,anaerobic_power,upper_body_power;maximum_strength;shoulder_capacity;trunk_force_transfer;anaerobic_power;high_intensity_aerobic_power;anaerobic_capacity;threshold_capacity,"ordinal evidence-informed retrieval weighting; athlete deficits, schedule, safety and external load may lower or omit a category",anaerobic_power,0.5,maximum_strength,0.45,shoulder_capacity,0.45,high_intensity_aerobic_power,0.45,upper_body_power,0.4,anaerobic_capacity,0.4,threshold_capacity,0.4,trunk_force_transfer,0.35
swimming,event_discipline,sprint:individual_medley,specific_preparation,strength_power,maximum_strength,upper_body_power;maximum_strength;shoulder_capacity;trunk_force_transfer;anaerobic_power;high_intensity_aerobic_power;anaerobic_capacity;threshold_capacity,"ordinal evidence-informed retrieval weighting; athlete deficits, schedule, safety and external load may lower or omit a category",maximum_strength,0.75,upper_body_power,0.6,anaerobic_power,0.5,shoulder_capacity,0.45,high_intensity_aerobic_power,0.45,anaerobic_capacity,0.4,threshold_capacity,0.4,trunk_force_transfer,0.35
swimming,event_discipline,sprint:individual_medley,specific_preparation,speed_movement,anaerobic_power,upper_body_power;maximum_strength;shoulder_capacity;trunk_force_transfer;anaerobic_power;high_intensity_aerobic_power;anaerobic_capacity;threshold_capacity,"ordinal evidence-informed retrieval weighting; athlete deficits, schedule, safety and external load may lower or omit a category",anaerobic_power,0.5,maximum_strength,0.45,shoulder_capacity,0.45,high_intensity_aerobic_power,0.45,upper_body_power,0.4,anaerobic_capacity,0.4,threshold_capacity,0.4,trunk_force_transfer,0.35
swimming,event_discipline,sprint:individual_medley,specific_preparation,conditioning,high_intensity_aerobic_power,upper_body_power;maximum_strength;shoulder_capacity;high_intensity_aerobic_power;anaerobic_power;threshold_capacity;anaerobic_capacity;aerobic_capacity,"ordinal evidence-informed retrieval weighting; athlete deficits, schedule, safety and external load may lower or omit a category",high_intensity_aerobic_power,0.75,anaerobic_power,0.7,threshold_capacity,0.7,anaerobic_capacity,0.65,aerobic_capacity,0.6,maximum_strength,0.45,shoulder_capacity,0.45,upper_body_power,0.4
swimming,event_discipline,sprint:individual_medley,competition,general_performance,anaerobic_power,upper_body_power;maximum_strength;shoulder_capacity;trunk_force_transfer;anaerobic_power;threshold_capacity;high_intensity_aerobic_power;aerobic_capacity,"ordinal evidence-informed retrieval weighting; athlete deficits, schedule, safety and external load may lower or omit a category",anaerobic_power,0.5,shoulder_capacity,0.45,threshold_capacity,0.4,maximum_strength,0.35,trunk_force_transfer,0.35,high_intensity_aerobic_power,0.35,upper_body_power,0.3,aerobic_capacity,0.3
swimming,event_discipline,sprint:individual_medley,competition,strength_power,maximum_strength,upper_body_power;maximum_strength;shoulder_capacity;trunk_force_transfer;anaerobic_power;threshold_capacity;high_intensity_aerobic_power;aerobic_capacity,"ordinal evidence-informed retrieval weighting; athlete deficits, schedule, safety and external load may lower or omit a category",maximum_strength,0.65,upper_body_power,0.5,anaerobic_power,0.5,shoulder_capacity,0.45,threshold_capacity,0.4,trunk_force_transfer,0.35,high_intensity_aerobic_power,0.35,aerobic_capacity,0.3
swimming,event_discipline,sprint:individual_medley,competition,speed_movement,anaerobic_power,upper_body_power;maximum_strength;shoulder_capacity;trunk_force_transfer;anaerobic_power;threshold_capacity;high_intensity_aerobic_power;aerobic_capacity,"ordinal evidence-informed retrieval weighting; athlete deficits, schedule, safety and external load may lower or omit a category",anaerobic_power,0.5,shoulder_capacity,0.45,threshold_capacity,0.4,maximum_strength,0.35,trunk_force_transfer,0.35,high_intensity_aerobic_power,0.35,upper_body_power,0.3,aerobic_capacity,0.3
swimming,event_discipline,sprint:individual_medley,competition,conditioning,anaerobic_power,maximum_strength;shoulder_capacity;trunk_force_transfer;anaerobic_power;threshold_capacity;high_intensity_aerobic_power;aerobic_capacity;anaerobic_capacity,"ordinal evidence-informed retrieval weighting; athlete deficits, schedule, safety and external load may lower or omit a category",anaerobic_power,0.7,threshold_capacity,0.7,high_intensity_aerobic_power,0.65,aerobic_capacity,0.6,anaerobic_capacity,0.55,shoulder_capacity,0.45,maximum_strength,0.35,trunk_force_transfer,0.35
swimming,event_discipline,sprint:individual_medley,transition,general_performance,anaerobic_power,maximum_strength;shoulder_capacity;trunk_force_transfer;anaerobic_power;aerobic_capacity;threshold_capacity;high_intensity_aerobic_power;mobility_range_capacity,"ordinal evidence-informed retrieval weighting; athlete deficits, schedule, safety and external load may lower or omit a category",anaerobic_power,0.5,maximum_strength,0.45,shoulder_capacity,0.45,aerobic_capacity,0.4,threshold_capacity,0.4,mobility_range_capacity,0.4,trunk_force_transfer,0.35,high_intensity_aerobic_power,0.35
swimming,event_discipline,sprint:individual_medley,transition,strength_power,maximum_strength,upper_body_power;maximum_strength;shoulder_capacity;trunk_force_transfer;anaerobic_power;aerobic_capacity;threshold_capacity;mobility_range_capacity,"ordinal evidence-informed retrieval weighting; athlete deficits, schedule, safety and external load may lower or omit a category",maximum_strength,0.75,upper_body_power,0.5,anaerobic_power,0.5,shoulder_capacity,0.45,aerobic_capacity,0.4,threshold_capacity,0.4,mobility_range_capacity,0.4,trunk_force_transfer,0.35
swimming,event_discipline,sprint:individual_medley,transition,speed_movement,anaerobic_power,maximum_strength;shoulder_capacity;trunk_force_transfer;anaerobic_power;aerobic_capacity;threshold_capacity;high_intensity_aerobic_power;mobility_range_capacity,"ordinal evidence-informed retrieval weighting; athlete deficits, schedule, safety and external load may lower or omit a category",anaerobic_power,0.5,maximum_strength,0.45,shoulder_capacity,0.45,aerobic_capacity,0.4,threshold_capacity,0.4,mobility_range_capacity,0.4,trunk_force_transfer,0.35,high_intensity_aerobic_power,0.35
swimming,event_discipline,sprint:individual_medley,transition,conditioning,aerobic_capacity,maximum_strength;shoulder_capacity;aerobic_capacity;anaerobic_power;threshold_capacity;high_intensity_aerobic_power;anaerobic_capacity;mobility_range_capacity,"ordinal evidence-informed retrieval weighting; athlete deficits, schedule, safety and external load may lower or omit a category",aerobic_capacity,0.7,anaerobic_power,0.7,threshold_capacity,0.7,high_intensity_aerobic_power,0.65,maximum_strength,0.45,shoulder_capacity,0.45,anaerobic_capacity,0.4,mobility_range_capacity,0.4
swimming,event_discipline,middle_distance:freestyle,general_preparation,general_performance,aerobic_capacity,maximum_strength;shoulder_capacity;trunk_force_transfer;aerobic_capacity;threshold_capacity;high_intensity_aerobic_power;mobility_range_capacity;recovery_management,"ordinal evidence-informed retrieval weighting; athlete deficits, schedule, safety and external load may lower or omit a category",aerobic_capacity,0.6,threshold_capacity,0.6,high_intensity_aerobic_power,0.55,shoulder_capacity,0.5,maximum_strength,0.4,trunk_force_transfer,0.4,mobility_range_capacity,0.35,recovery_management,0.2
swimming,event_discipline,middle_distance:freestyle,general_preparation,strength_power,maximum_strength,maximum_strength;shoulder_capacity;trunk_force_transfer;aerobic_capacity;threshold_capacity;high_intensity_aerobic_power;mobility_range_capacity;recovery_management,"ordinal evidence-informed retrieval weighting; athlete deficits, schedule, safety and external load may lower or omit a category",maximum_strength,0.7,aerobic_capacity,0.6,threshold_capacity,0.6,high_intensity_aerobic_power,0.55,shoulder_capacity,0.5,trunk_force_transfer,0.4,mobility_range_capacity,0.35,recovery_management,0.2
swimming,event_discipline,middle_distance:freestyle,general_preparation,speed_movement,aerobic_capacity,maximum_strength;shoulder_capacity;trunk_force_transfer;aerobic_capacity;threshold_capacity;high_intensity_aerobic_power;mobility_range_capacity;recovery_management,"ordinal evidence-informed retrieval weighting; athlete deficits, schedule, safety and external load may lower or omit a category",aerobic_capacity,0.6,threshold_capacity,0.6,high_intensity_aerobic_power,0.55,shoulder_capacity,0.5,maximum_strength,0.4,trunk_force_transfer,0.4,mobility_range_capacity,0.35,recovery_management,0.2
swimming,event_discipline,middle_distance:freestyle,general_preparation,conditioning,aerobic_capacity,maximum_strength;shoulder_capacity;trunk_force_transfer;aerobic_capacity;threshold_capacity;high_intensity_aerobic_power;anaerobic_capacity;mobility_range_capacity,"ordinal evidence-informed retrieval weighting; athlete deficits, schedule, safety and external load may lower or omit a category",aerobic_capacity,0.9,threshold_capacity,0.9,high_intensity_aerobic_power,0.85,shoulder_capacity,0.5,maximum_strength,0.4,trunk_force_transfer,0.4,anaerobic_capacity,0.4,mobility_range_capacity,0.35
swimming,event_discipline,middle_distance:freestyle,specific_preparation,general_performance,high_intensity_aerobic_power,maximum_strength;shoulder_capacity;trunk_force_transfer;high_intensity_aerobic_power;threshold_capacity;aerobic_capacity;mobility_range_capacity;recovery_management,"ordinal evidence-informed retrieval weighting; athlete deficits, schedule, safety and external load may lower or omit a category",high_intensity_aerobic_power,0.65,threshold_capacity,0.6,shoulder_capacity,0.45,aerobic_capacity,0.45,trunk_force_transfer,0.35,maximum_strength,0.25,mobility_range_capacity,0.25,recovery_management,0.2
swimming,event_discipline,middle_distance:freestyle,specific_preparation,strength_power,high_intensity_aerobic_power,maximum_strength;shoulder_capacity;trunk_force_transfer;high_intensity_aerobic_power;threshold_capacity;aerobic_capacity;mobility_range_capacity;recovery_management,"ordinal evidence-informed retrieval weighting; athlete deficits, schedule, safety and external load may lower or omit a category",high_intensity_aerobic_power,0.65,threshold_capacity,0.6,maximum_strength,0.55,shoulder_capacity,0.45,aerobic_capacity,0.45,trunk_force_transfer,0.35,mobility_range_capacity,0.25,recovery_management,0.2
swimming,event_discipline,middle_distance:freestyle,specific_preparation,speed_movement,high_intensity_aerobic_power,maximum_strength;shoulder_capacity;trunk_force_transfer;high_intensity_aerobic_power;threshold_capacity;aerobic_capacity;mobility_range_capacity;recovery_management,"ordinal evidence-informed retrieval weighting; athlete deficits, schedule, safety and external load may lower or omit a category",high_intensity_aerobic_power,0.65,threshold_capacity,0.6,shoulder_capacity,0.45,aerobic_capacity,0.45,trunk_force_transfer,0.35,maximum_strength,0.25,mobility_range_capacity,0.25,recovery_management,0.2
swimming,event_discipline,middle_distance:freestyle,specific_preparation,conditioning,high_intensity_aerobic_power,maximum_strength;shoulder_capacity;trunk_force_transfer;high_intensity_aerobic_power;threshold_capacity;aerobic_capacity;anaerobic_capacity;mobility_range_capacity,"ordinal evidence-informed retrieval weighting; athlete deficits, schedule, safety and external load may lower or omit a category",high_intensity_aerobic_power,0.95,threshold_capacity,0.9,aerobic_capacity,0.75,shoulder_capacity,0.45,anaerobic_capacity,0.4,trunk_force_transfer,0.35,maximum_strength,0.25,mobility_range_capacity,0.25
swimming,event_discipline,middle_distance:freestyle,competition,general_performance,threshold_capacity,performance_preparation;shoulder_capacity;trunk_force_transfer;threshold_capacity;high_intensity_aerobic_power;aerobic_capacity;mobility_range_capacity;recovery_management,"ordinal evidence-informed retrieval weighting; athlete deficits, schedule, safety and external load may lower or omit a category",threshold_capacity,0.6,high_intensity_aerobic_power,0.55,shoulder_capacity,0.45,aerobic_capacity,0.45,trunk_force_transfer,0.35,mobility_range_capacity,0.25,performance_preparation,0.2,recovery_management,0.2
swimming,event_discipline,middle_distance:freestyle,competition,strength_power,threshold_capacity,performance_preparation;maximum_strength;shoulder_capacity;trunk_force_transfer;threshold_capacity;high_intensity_aerobic_power;aerobic_capacity;mobility_range_capacity,"ordinal evidence-informed retrieval weighting; athlete deficits, schedule, safety and external load may lower or omit a category",threshold_capacity,0.6,high_intensity_aerobic_power,0.55,maximum_strength,0.45,shoulder_capacity,0.45,aerobic_capacity,0.45,trunk_force_transfer,0.35,mobility_range_capacity,0.25,performance_preparation,0.2
swimming,event_discipline,middle_distance:freestyle,competition,speed_movement,threshold_capacity,performance_preparation;shoulder_capacity;trunk_force_transfer;threshold_capacity;high_intensity_aerobic_power;aerobic_capacity;mobility_range_capacity;recovery_management,"ordinal evidence-informed retrieval weighting; athlete deficits, schedule, safety and external load may lower or omit a category",threshold_capacity,0.6,high_intensity_aerobic_power,0.55,shoulder_capacity,0.45,aerobic_capacity,0.45,trunk_force_transfer,0.35,mobility_range_capacity,0.25,performance_preparation,0.2,recovery_management,0.2
swimming,event_discipline,middle_distance:freestyle,competition,conditioning,threshold_capacity,performance_preparation;shoulder_capacity;trunk_force_transfer;threshold_capacity;high_intensity_aerobic_power;aerobic_capacity;anaerobic_capacity;mobility_range_capacity,"ordinal evidence-informed retrieval weighting; athlete deficits, schedule, safety and external load may lower or omit a category",threshold_capacity,0.9,high_intensity_aerobic_power,0.85,aerobic_capacity,0.75,shoulder_capacity,0.45,trunk_force_transfer,0.35,anaerobic_capacity,0.3,mobility_range_capacity,0.25,performance_preparation,0.2
swimming,event_discipline,middle_distance:freestyle,transition,general_performance,threshold_capacity,maximum_strength;shoulder_capacity;trunk_force_transfer;threshold_capacity;aerobic_capacity;high_intensity_aerobic_power;mobility_range_capacity;recovery_management,"ordinal evidence-informed retrieval weighting; athlete deficits, schedule, safety and external load may lower or omit a category",threshold_capacity,0.6,aerobic_capacity,0.55,high_intensity_aerobic_power,0.55,shoulder_capacity,0.45,mobility_range_capacity,0.4,trunk_force_transfer,0.35,recovery_management,0.3,maximum_strength,0.25
swimming,event_discipline,middle_distance:freestyle,transition,strength_power,threshold_capacity,maximum_strength;shoulder_capacity;trunk_force_transfer;threshold_capacity;aerobic_capacity;high_intensity_aerobic_power;mobility_range_capacity;recovery_management,"ordinal evidence-informed retrieval weighting; athlete deficits, schedule, safety and external load may lower or omit a category",threshold_capacity,0.6,maximum_strength,0.55,aerobic_capacity,0.55,high_intensity_aerobic_power,0.55,shoulder_capacity,0.45,mobility_range_capacity,0.4,trunk_force_transfer,0.35,recovery_management,0.3
swimming,event_discipline,middle_distance:freestyle,transition,speed_movement,threshold_capacity,maximum_strength;shoulder_capacity;trunk_force_transfer;threshold_capacity;aerobic_capacity;high_intensity_aerobic_power;mobility_range_capacity;recovery_management,"ordinal evidence-informed retrieval weighting; athlete deficits, schedule, safety and external load may lower or omit a category",threshold_capacity,0.6,aerobic_capacity,0.55,high_intensity_aerobic_power,0.55,shoulder_capacity,0.45,mobility_range_capacity,0.4,trunk_force_transfer,0.35,recovery_management,0.3,maximum_strength,0.25
swimming,event_discipline,middle_distance:freestyle,transition,conditioning,threshold_capacity,maximum_strength;shoulder_capacity;trunk_force_transfer;threshold_capacity;aerobic_capacity;high_intensity_aerobic_power;mobility_range_capacity;recovery_management,"ordinal evidence-informed retrieval weighting; athlete deficits, schedule, safety and external load may lower or omit a category",threshold_capacity,0.9,aerobic_capacity,0.85,high_intensity_aerobic_power,0.85,shoulder_capacity,0.45,mobility_range_capacity,0.4,trunk_force_transfer,0.35,recovery_management,0.3,maximum_strength,0.25
swimming,event_discipline,middle_distance:backstroke,general_preparation,general_performance,aerobic_capacity,maximum_strength;shoulder_capacity;trunk_force_transfer;aerobic_capacity;threshold_capacity;high_intensity_aerobic_power;mobility_range_capacity;recovery_management,"ordinal evidence-informed retrieval weighting; athlete deficits, schedule, safety and external load may lower or omit a category",aerobic_capacity,0.6,threshold_capacity,0.6,high_intensity_aerobic_power,0.55,shoulder_capacity,0.5,maximum_strength,0.4,trunk_force_transfer,0.4,mobility_range_capacity,0.35,recovery_management,0.2
swimming,event_discipline,middle_distance:backstroke,general_preparation,strength_power,maximum_strength,maximum_strength;shoulder_capacity;trunk_force_transfer;aerobic_capacity;threshold_capacity;high_intensity_aerobic_power;mobility_range_capacity;recovery_management,"ordinal evidence-informed retrieval weighting; athlete deficits, schedule, safety and external load may lower or omit a category",maximum_strength,0.7,aerobic_capacity,0.6,threshold_capacity,0.6,high_intensity_aerobic_power,0.55,shoulder_capacity,0.5,trunk_force_transfer,0.4,mobility_range_capacity,0.35,recovery_management,0.2
swimming,event_discipline,middle_distance:backstroke,general_preparation,speed_movement,aerobic_capacity,maximum_strength;shoulder_capacity;trunk_force_transfer;aerobic_capacity;threshold_capacity;high_intensity_aerobic_power;mobility_range_capacity;recovery_management,"ordinal evidence-informed retrieval weighting; athlete deficits, schedule, safety and external load may lower or omit a category",aerobic_capacity,0.6,threshold_capacity,0.6,high_intensity_aerobic_power,0.55,shoulder_capacity,0.5,maximum_strength,0.4,trunk_force_transfer,0.4,mobility_range_capacity,0.35,recovery_management,0.2
swimming,event_discipline,middle_distance:backstroke,general_preparation,conditioning,aerobic_capacity,maximum_strength;shoulder_capacity;trunk_force_transfer;aerobic_capacity;threshold_capacity;high_intensity_aerobic_power;anaerobic_capacity;mobility_range_capacity,"ordinal evidence-informed retrieval weighting; athlete deficits, schedule, safety and external load may lower or omit a category",aerobic_capacity,0.9,threshold_capacity,0.9,high_intensity_aerobic_power,0.85,shoulder_capacity,0.5,maximum_strength,0.4,trunk_force_transfer,0.4,anaerobic_capacity,0.4,mobility_range_capacity,0.35
swimming,event_discipline,middle_distance:backstroke,specific_preparation,general_performance,high_intensity_aerobic_power,maximum_strength;shoulder_capacity;trunk_force_transfer;high_intensity_aerobic_power;threshold_capacity;aerobic_capacity;mobility_range_capacity;recovery_management,"ordinal evidence-informed retrieval weighting; athlete deficits, schedule, safety and external load may lower or omit a category",high_intensity_aerobic_power,0.65,threshold_capacity,0.6,shoulder_capacity,0.45,aerobic_capacity,0.45,trunk_force_transfer,0.35,maximum_strength,0.25,mobility_range_capacity,0.25,recovery_management,0.2
swimming,event_discipline,middle_distance:backstroke,specific_preparation,strength_power,high_intensity_aerobic_power,maximum_strength;shoulder_capacity;trunk_force_transfer;high_intensity_aerobic_power;threshold_capacity;aerobic_capacity;mobility_range_capacity;recovery_management,"ordinal evidence-informed retrieval weighting; athlete deficits, schedule, safety and external load may lower or omit a category",high_intensity_aerobic_power,0.65,threshold_capacity,0.6,maximum_strength,0.55,shoulder_capacity,0.45,aerobic_capacity,0.45,trunk_force_transfer,0.35,mobility_range_capacity,0.25,recovery_management,0.2
swimming,event_discipline,middle_distance:backstroke,specific_preparation,speed_movement,high_intensity_aerobic_power,maximum_strength;shoulder_capacity;trunk_force_transfer;high_intensity_aerobic_power;threshold_capacity;aerobic_capacity;mobility_range_capacity;recovery_management,"ordinal evidence-informed retrieval weighting; athlete deficits, schedule, safety and external load may lower or omit a category",high_intensity_aerobic_power,0.65,threshold_capacity,0.6,shoulder_capacity,0.45,aerobic_capacity,0.45,trunk_force_transfer,0.35,maximum_strength,0.25,mobility_range_capacity,0.25,recovery_management,0.2
swimming,event_discipline,middle_distance:backstroke,specific_preparation,conditioning,high_intensity_aerobic_power,maximum_strength;shoulder_capacity;trunk_force_transfer;high_intensity_aerobic_power;threshold_capacity;aerobic_capacity;anaerobic_capacity;mobility_range_capacity,"ordinal evidence-informed retrieval weighting; athlete deficits, schedule, safety and external load may lower or omit a category",high_intensity_aerobic_power,0.95,threshold_capacity,0.9,aerobic_capacity,0.75,shoulder_capacity,0.45,anaerobic_capacity,0.4,trunk_force_transfer,0.35,maximum_strength,0.25,mobility_range_capacity,0.25
swimming,event_discipline,middle_distance:backstroke,competition,general_performance,threshold_capacity,performance_preparation;shoulder_capacity;trunk_force_transfer;threshold_capacity;high_intensity_aerobic_power;aerobic_capacity;mobility_range_capacity;recovery_management,"ordinal evidence-informed retrieval weighting; athlete deficits, schedule, safety and external load may lower or omit a category",threshold_capacity,0.6,high_intensity_aerobic_power,0.55,shoulder_capacity,0.45,aerobic_capacity,0.45,trunk_force_transfer,0.35,mobility_range_capacity,0.25,performance_preparation,0.2,recovery_management,0.2
swimming,event_discipline,middle_distance:backstroke,competition,strength_power,threshold_capacity,performance_preparation;maximum_strength;shoulder_capacity;trunk_force_transfer;threshold_capacity;high_intensity_aerobic_power;aerobic_capacity;mobility_range_capacity,"ordinal evidence-informed retrieval weighting; athlete deficits, schedule, safety and external load may lower or omit a category",threshold_capacity,0.6,high_intensity_aerobic_power,0.55,maximum_strength,0.45,shoulder_capacity,0.45,aerobic_capacity,0.45,trunk_force_transfer,0.35,mobility_range_capacity,0.25,performance_preparation,0.2
swimming,event_discipline,middle_distance:backstroke,competition,speed_movement,threshold_capacity,performance_preparation;shoulder_capacity;trunk_force_transfer;threshold_capacity;high_intensity_aerobic_power;aerobic_capacity;mobility_range_capacity;recovery_management,"ordinal evidence-informed retrieval weighting; athlete deficits, schedule, safety and external load may lower or omit a category",threshold_capacity,0.6,high_intensity_aerobic_power,0.55,shoulder_capacity,0.45,aerobic_capacity,0.45,trunk_force_transfer,0.35,mobility_range_capacity,0.25,performance_preparation,0.2,recovery_management,0.2
swimming,event_discipline,middle_distance:backstroke,competition,conditioning,threshold_capacity,performance_preparation;shoulder_capacity;trunk_force_transfer;threshold_capacity;high_intensity_aerobic_power;aerobic_capacity;anaerobic_capacity;mobility_range_capacity,"ordinal evidence-informed retrieval weighting; athlete deficits, schedule, safety and external load may lower or omit a category",threshold_capacity,0.9,high_intensity_aerobic_power,0.85,aerobic_capacity,0.75,shoulder_capacity,0.45,trunk_force_transfer,0.35,anaerobic_capacity,0.3,mobility_range_capacity,0.25,performance_preparation,0.2
swimming,event_discipline,middle_distance:backstroke,transition,general_performance,threshold_capacity,maximum_strength;shoulder_capacity;trunk_force_transfer;threshold_capacity;aerobic_capacity;high_intensity_aerobic_power;mobility_range_capacity;recovery_management,"ordinal evidence-informed retrieval weighting; athlete deficits, schedule, safety and external load may lower or omit a category",threshold_capacity,0.6,aerobic_capacity,0.55,high_intensity_aerobic_power,0.55,shoulder_capacity,0.45,mobility_range_capacity,0.4,trunk_force_transfer,0.35,recovery_management,0.3,maximum_strength,0.25
swimming,event_discipline,middle_distance:backstroke,transition,strength_power,threshold_capacity,maximum_strength;shoulder_capacity;trunk_force_transfer;threshold_capacity;aerobic_capacity;high_intensity_aerobic_power;mobility_range_capacity;recovery_management,"ordinal evidence-informed retrieval weighting; athlete deficits, schedule, safety and external load may lower or omit a category",threshold_capacity,0.6,maximum_strength,0.55,aerobic_capacity,0.55,high_intensity_aerobic_power,0.55,shoulder_capacity,0.45,mobility_range_capacity,0.4,trunk_force_transfer,0.35,recovery_management,0.3
swimming,event_discipline,middle_distance:backstroke,transition,speed_movement,threshold_capacity,maximum_strength;shoulder_capacity;trunk_force_transfer;threshold_capacity;aerobic_capacity;high_intensity_aerobic_power;mobility_range_capacity;recovery_management,"ordinal evidence-informed retrieval weighting; athlete deficits, schedule, safety and external load may lower or omit a category",threshold_capacity,0.6,aerobic_capacity,0.55,high_intensity_aerobic_power,0.55,shoulder_capacity,0.45,mobility_range_capacity,0.4,trunk_force_transfer,0.35,recovery_management,0.3,maximum_strength,0.25
swimming,event_discipline,middle_distance:backstroke,transition,conditioning,threshold_capacity,maximum_strength;shoulder_capacity;trunk_force_transfer;threshold_capacity;aerobic_capacity;high_intensity_aerobic_power;mobility_range_capacity;recovery_management,"ordinal evidence-informed retrieval weighting; athlete deficits, schedule, safety and external load may lower or omit a category",threshold_capacity,0.9,aerobic_capacity,0.85,high_intensity_aerobic_power,0.85,shoulder_capacity,0.45,mobility_range_capacity,0.4,trunk_force_transfer,0.35,recovery_management,0.3,maximum_strength,0.25
swimming,event_discipline,middle_distance:breaststroke,general_preparation,general_performance,aerobic_capacity,maximum_strength;shoulder_capacity;trunk_force_transfer;aerobic_capacity;threshold_capacity;high_intensity_aerobic_power;mobility_range_capacity;recovery_management,"ordinal evidence-informed retrieval weighting; athlete deficits, schedule, safety and external load may lower or omit a category",aerobic_capacity,0.6,threshold_capacity,0.6,high_intensity_aerobic_power,0.55,shoulder_capacity,0.5,maximum_strength,0.4,trunk_force_transfer,0.4,mobility_range_capacity,0.35,recovery_management,0.2
swimming,event_discipline,middle_distance:breaststroke,general_preparation,strength_power,maximum_strength,maximum_strength;shoulder_capacity;trunk_force_transfer;aerobic_capacity;threshold_capacity;high_intensity_aerobic_power;mobility_range_capacity;recovery_management,"ordinal evidence-informed retrieval weighting; athlete deficits, schedule, safety and external load may lower or omit a category",maximum_strength,0.7,aerobic_capacity,0.6,threshold_capacity,0.6,high_intensity_aerobic_power,0.55,shoulder_capacity,0.5,trunk_force_transfer,0.4,mobility_range_capacity,0.35,recovery_management,0.2
swimming,event_discipline,middle_distance:breaststroke,general_preparation,speed_movement,aerobic_capacity,maximum_strength;shoulder_capacity;trunk_force_transfer;aerobic_capacity;threshold_capacity;high_intensity_aerobic_power;mobility_range_capacity;recovery_management,"ordinal evidence-informed retrieval weighting; athlete deficits, schedule, safety and external load may lower or omit a category",aerobic_capacity,0.6,threshold_capacity,0.6,high_intensity_aerobic_power,0.55,shoulder_capacity,0.5,maximum_strength,0.4,trunk_force_transfer,0.4,mobility_range_capacity,0.35,recovery_management,0.2
swimming,event_discipline,middle_distance:breaststroke,general_preparation,conditioning,aerobic_capacity,maximum_strength;shoulder_capacity;trunk_force_transfer;aerobic_capacity;threshold_capacity;high_intensity_aerobic_power;anaerobic_capacity;mobility_range_capacity,"ordinal evidence-informed retrieval weighting; athlete deficits, schedule, safety and external load may lower or omit a category",aerobic_capacity,0.9,threshold_capacity,0.9,high_intensity_aerobic_power,0.85,shoulder_capacity,0.5,maximum_strength,0.4,trunk_force_transfer,0.4,anaerobic_capacity,0.4,mobility_range_capacity,0.35
swimming,event_discipline,middle_distance:breaststroke,specific_preparation,general_performance,high_intensity_aerobic_power,maximum_strength;shoulder_capacity;trunk_force_transfer;high_intensity_aerobic_power;threshold_capacity;aerobic_capacity;mobility_range_capacity;recovery_management,"ordinal evidence-informed retrieval weighting; athlete deficits, schedule, safety and external load may lower or omit a category",high_intensity_aerobic_power,0.65,threshold_capacity,0.6,shoulder_capacity,0.45,aerobic_capacity,0.45,trunk_force_transfer,0.35,maximum_strength,0.25,mobility_range_capacity,0.25,recovery_management,0.2
swimming,event_discipline,middle_distance:breaststroke,specific_preparation,strength_power,high_intensity_aerobic_power,maximum_strength;shoulder_capacity;trunk_force_transfer;high_intensity_aerobic_power;threshold_capacity;aerobic_capacity;mobility_range_capacity;recovery_management,"ordinal evidence-informed retrieval weighting; athlete deficits, schedule, safety and external load may lower or omit a category",high_intensity_aerobic_power,0.65,threshold_capacity,0.6,maximum_strength,0.55,shoulder_capacity,0.45,aerobic_capacity,0.45,trunk_force_transfer,0.35,mobility_range_capacity,0.25,recovery_management,0.2
swimming,event_discipline,middle_distance:breaststroke,specific_preparation,speed_movement,high_intensity_aerobic_power,maximum_strength;shoulder_capacity;trunk_force_transfer;high_intensity_aerobic_power;threshold_capacity;aerobic_capacity;mobility_range_capacity;recovery_management,"ordinal evidence-informed retrieval weighting; athlete deficits, schedule, safety and external load may lower or omit a category",high_intensity_aerobic_power,0.65,threshold_capacity,0.6,shoulder_capacity,0.45,aerobic_capacity,0.45,trunk_force_transfer,0.35,maximum_strength,0.25,mobility_range_capacity,0.25,recovery_management,0.2
swimming,event_discipline,middle_distance:breaststroke,specific_preparation,conditioning,high_intensity_aerobic_power,maximum_strength;shoulder_capacity;trunk_force_transfer;high_intensity_aerobic_power;threshold_capacity;aerobic_capacity;anaerobic_capacity;mobility_range_capacity,"ordinal evidence-informed retrieval weighting; athlete deficits, schedule, safety and external load may lower or omit a category",high_intensity_aerobic_power,0.95,threshold_capacity,0.9,aerobic_capacity,0.75,shoulder_capacity,0.45,anaerobic_capacity,0.4,trunk_force_transfer,0.35,maximum_strength,0.25,mobility_range_capacity,0.25
swimming,event_discipline,middle_distance:breaststroke,competition,general_performance,threshold_capacity,performance_preparation;shoulder_capacity;trunk_force_transfer;threshold_capacity;high_intensity_aerobic_power;aerobic_capacity;mobility_range_capacity;recovery_management,"ordinal evidence-informed retrieval weighting; athlete deficits, schedule, safety and external load may lower or omit a category",threshold_capacity,0.6,high_intensity_aerobic_power,0.55,shoulder_capacity,0.45,aerobic_capacity,0.45,trunk_force_transfer,0.35,mobility_range_capacity,0.25,performance_preparation,0.2,recovery_management,0.2
swimming,event_discipline,middle_distance:breaststroke,competition,strength_power,threshold_capacity,performance_preparation;maximum_strength;shoulder_capacity;trunk_force_transfer;threshold_capacity;high_intensity_aerobic_power;aerobic_capacity;mobility_range_capacity,"ordinal evidence-informed retrieval weighting; athlete deficits, schedule, safety and external load may lower or omit a category",threshold_capacity,0.6,high_intensity_aerobic_power,0.55,maximum_strength,0.45,shoulder_capacity,0.45,aerobic_capacity,0.45,trunk_force_transfer,0.35,mobility_range_capacity,0.25,performance_preparation,0.2
swimming,event_discipline,middle_distance:breaststroke,competition,speed_movement,threshold_capacity,performance_preparation;shoulder_capacity;trunk_force_transfer;threshold_capacity;high_intensity_aerobic_power;aerobic_capacity;mobility_range_capacity;recovery_management,"ordinal evidence-informed retrieval weighting; athlete deficits, schedule, safety and external load may lower or omit a category",threshold_capacity,0.6,high_intensity_aerobic_power,0.55,shoulder_capacity,0.45,aerobic_capacity,0.45,trunk_force_transfer,0.35,mobility_range_capacity,0.25,performance_preparation,0.2,recovery_management,0.2
swimming,event_discipline,middle_distance:breaststroke,competition,conditioning,threshold_capacity,performance_preparation;shoulder_capacity;trunk_force_transfer;threshold_capacity;high_intensity_aerobic_power;aerobic_capacity;anaerobic_capacity;mobility_range_capacity,"ordinal evidence-informed retrieval weighting; athlete deficits, schedule, safety and external load may lower or omit a category",threshold_capacity,0.9,high_intensity_aerobic_power,0.85,aerobic_capacity,0.75,shoulder_capacity,0.45,trunk_force_transfer,0.35,anaerobic_capacity,0.3,mobility_range_capacity,0.25,performance_preparation,0.2
swimming,event_discipline,middle_distance:breaststroke,transition,general_performance,threshold_capacity,maximum_strength;shoulder_capacity;trunk_force_transfer;threshold_capacity;aerobic_capacity;high_intensity_aerobic_power;mobility_range_capacity;recovery_management,"ordinal evidence-informed retrieval weighting; athlete deficits, schedule, safety and external load may lower or omit a category",threshold_capacity,0.6,aerobic_capacity,0.55,high_intensity_aerobic_power,0.55,shoulder_capacity,0.45,mobility_range_capacity,0.4,trunk_force_transfer,0.35,recovery_management,0.3,maximum_strength,0.25
swimming,event_discipline,middle_distance:breaststroke,transition,strength_power,threshold_capacity,maximum_strength;shoulder_capacity;trunk_force_transfer;threshold_capacity;aerobic_capacity;high_intensity_aerobic_power;mobility_range_capacity;recovery_management,"ordinal evidence-informed retrieval weighting; athlete deficits, schedule, safety and external load may lower or omit a category",threshold_capacity,0.6,maximum_strength,0.55,aerobic_capacity,0.55,high_intensity_aerobic_power,0.55,shoulder_capacity,0.45,mobility_range_capacity,0.4,trunk_force_transfer,0.35,recovery_management,0.3
swimming,event_discipline,middle_distance:breaststroke,transition,speed_movement,threshold_capacity,maximum_strength;shoulder_capacity;trunk_force_transfer;threshold_capacity;aerobic_capacity;high_intensity_aerobic_power;mobility_range_capacity;recovery_management,"ordinal evidence-informed retrieval weighting; athlete deficits, schedule, safety and external load may lower or omit a category",threshold_capacity,0.6,aerobic_capacity,0.55,high_intensity_aerobic_power,0.55,shoulder_capacity,0.45,mobility_range_capacity,0.4,trunk_force_transfer,0.35,recovery_management,0.3,maximum_strength,0.25
swimming,event_discipline,middle_distance:breaststroke,transition,conditioning,threshold_capacity,maximum_strength;shoulder_capacity;trunk_force_transfer;threshold_capacity;aerobic_capacity;high_intensity_aerobic_power;mobility_range_capacity;recovery_management,"ordinal evidence-informed retrieval weighting; athlete deficits, schedule, safety and external load may lower or omit a category",threshold_capacity,0.9,aerobic_capacity,0.85,high_intensity_aerobic_power,0.85,shoulder_capacity,0.45,mobility_range_capacity,0.4,trunk_force_transfer,0.35,recovery_management,0.3,maximum_strength,0.25
swimming,event_discipline,middle_distance:butterfly,general_preparation,general_performance,aerobic_capacity,maximum_strength;shoulder_capacity;trunk_force_transfer;aerobic_capacity;threshold_capacity;high_intensity_aerobic_power;mobility_range_capacity;recovery_management,"ordinal evidence-informed retrieval weighting; athlete deficits, schedule, safety and external load may lower or omit a category",aerobic_capacity,0.6,threshold_capacity,0.6,high_intensity_aerobic_power,0.55,shoulder_capacity,0.5,maximum_strength,0.4,trunk_force_transfer,0.4,mobility_range_capacity,0.35,recovery_management,0.2
swimming,event_discipline,middle_distance:butterfly,general_preparation,strength_power,maximum_strength,maximum_strength;shoulder_capacity;trunk_force_transfer;aerobic_capacity;threshold_capacity;high_intensity_aerobic_power;mobility_range_capacity;recovery_management,"ordinal evidence-informed retrieval weighting; athlete deficits, schedule, safety and external load may lower or omit a category",maximum_strength,0.7,aerobic_capacity,0.6,threshold_capacity,0.6,high_intensity_aerobic_power,0.55,shoulder_capacity,0.5,trunk_force_transfer,0.4,mobility_range_capacity,0.35,recovery_management,0.2
swimming,event_discipline,middle_distance:butterfly,general_preparation,speed_movement,aerobic_capacity,maximum_strength;shoulder_capacity;trunk_force_transfer;aerobic_capacity;threshold_capacity;high_intensity_aerobic_power;mobility_range_capacity;recovery_management,"ordinal evidence-informed retrieval weighting; athlete deficits, schedule, safety and external load may lower or omit a category",aerobic_capacity,0.6,threshold_capacity,0.6,high_intensity_aerobic_power,0.55,shoulder_capacity,0.5,maximum_strength,0.4,trunk_force_transfer,0.4,mobility_range_capacity,0.35,recovery_management,0.2
swimming,event_discipline,middle_distance:butterfly,general_preparation,conditioning,aerobic_capacity,maximum_strength;shoulder_capacity;trunk_force_transfer;aerobic_capacity;threshold_capacity;high_intensity_aerobic_power;anaerobic_capacity;mobility_range_capacity,"ordinal evidence-informed retrieval weighting; athlete deficits, schedule, safety and external load may lower or omit a category",aerobic_capacity,0.9,threshold_capacity,0.9,high_intensity_aerobic_power,0.85,shoulder_capacity,0.5,maximum_strength,0.4,trunk_force_transfer,0.4,anaerobic_capacity,0.4,mobility_range_capacity,0.35
swimming,event_discipline,middle_distance:butterfly,specific_preparation,general_performance,high_intensity_aerobic_power,maximum_strength;shoulder_capacity;trunk_force_transfer;high_intensity_aerobic_power;threshold_capacity;aerobic_capacity;mobility_range_capacity;recovery_management,"ordinal evidence-informed retrieval weighting; athlete deficits, schedule, safety and external load may lower or omit a category",high_intensity_aerobic_power,0.65,threshold_capacity,0.6,shoulder_capacity,0.45,aerobic_capacity,0.45,trunk_force_transfer,0.35,maximum_strength,0.25,mobility_range_capacity,0.25,recovery_management,0.2
swimming,event_discipline,middle_distance:butterfly,specific_preparation,strength_power,high_intensity_aerobic_power,maximum_strength;shoulder_capacity;trunk_force_transfer;high_intensity_aerobic_power;threshold_capacity;aerobic_capacity;mobility_range_capacity;recovery_management,"ordinal evidence-informed retrieval weighting; athlete deficits, schedule, safety and external load may lower or omit a category",high_intensity_aerobic_power,0.65,threshold_capacity,0.6,maximum_strength,0.55,shoulder_capacity,0.45,aerobic_capacity,0.45,trunk_force_transfer,0.35,mobility_range_capacity,0.25,recovery_management,0.2
swimming,event_discipline,middle_distance:butterfly,specific_preparation,speed_movement,high_intensity_aerobic_power,maximum_strength;shoulder_capacity;trunk_force_transfer;high_intensity_aerobic_power;threshold_capacity;aerobic_capacity;mobility_range_capacity;recovery_management,"ordinal evidence-informed retrieval weighting; athlete deficits, schedule, safety and external load may lower or omit a category",high_intensity_aerobic_power,0.65,threshold_capacity,0.6,shoulder_capacity,0.45,aerobic_capacity,0.45,trunk_force_transfer,0.35,maximum_strength,0.25,mobility_range_capacity,0.25,recovery_management,0.2
swimming,event_discipline,middle_distance:butterfly,specific_preparation,conditioning,high_intensity_aerobic_power,maximum_strength;shoulder_capacity;trunk_force_transfer;high_intensity_aerobic_power;threshold_capacity;aerobic_capacity;anaerobic_capacity;mobility_range_capacity,"ordinal evidence-informed retrieval weighting; athlete deficits, schedule, safety and external load may lower or omit a category",high_intensity_aerobic_power,0.95,threshold_capacity,0.9,aerobic_capacity,0.75,shoulder_capacity,0.45,anaerobic_capacity,0.4,trunk_force_transfer,0.35,maximum_strength,0.25,mobility_range_capacity,0.25
swimming,event_discipline,middle_distance:butterfly,competition,general_performance,threshold_capacity,performance_preparation;shoulder_capacity;trunk_force_transfer;threshold_capacity;high_intensity_aerobic_power;aerobic_capacity;mobility_range_capacity;recovery_management,"ordinal evidence-informed retrieval weighting; athlete deficits, schedule, safety and external load may lower or omit a category",threshold_capacity,0.6,high_intensity_aerobic_power,0.55,shoulder_capacity,0.45,aerobic_capacity,0.45,trunk_force_transfer,0.35,mobility_range_capacity,0.25,performance_preparation,0.2,recovery_management,0.2
swimming,event_discipline,middle_distance:butterfly,competition,strength_power,threshold_capacity,performance_preparation;maximum_strength;shoulder_capacity;trunk_force_transfer;threshold_capacity;high_intensity_aerobic_power;aerobic_capacity;mobility_range_capacity,"ordinal evidence-informed retrieval weighting; athlete deficits, schedule, safety and external load may lower or omit a category",threshold_capacity,0.6,high_intensity_aerobic_power,0.55,maximum_strength,0.45,shoulder_capacity,0.45,aerobic_capacity,0.45,trunk_force_transfer,0.35,mobility_range_capacity,0.25,performance_preparation,0.2
swimming,event_discipline,middle_distance:butterfly,competition,speed_movement,threshold_capacity,performance_preparation;shoulder_capacity;trunk_force_transfer;threshold_capacity;high_intensity_aerobic_power;aerobic_capacity;mobility_range_capacity;recovery_management,"ordinal evidence-informed retrieval weighting; athlete deficits, schedule, safety and external load may lower or omit a category",threshold_capacity,0.6,high_intensity_aerobic_power,0.55,shoulder_capacity,0.45,aerobic_capacity,0.45,trunk_force_transfer,0.35,mobility_range_capacity,0.25,performance_preparation,0.2,recovery_management,0.2
swimming,event_discipline,middle_distance:butterfly,competition,conditioning,threshold_capacity,performance_preparation;shoulder_capacity;trunk_force_transfer;threshold_capacity;high_intensity_aerobic_power;aerobic_capacity;anaerobic_capacity;mobility_range_capacity,"ordinal evidence-informed retrieval weighting; athlete deficits, schedule, safety and external load may lower or omit a category",threshold_capacity,0.9,high_intensity_aerobic_power,0.85,aerobic_capacity,0.75,shoulder_capacity,0.45,trunk_force_transfer,0.35,anaerobic_capacity,0.3,mobility_range_capacity,0.25,performance_preparation,0.2
swimming,event_discipline,middle_distance:butterfly,transition,general_performance,threshold_capacity,maximum_strength;shoulder_capacity;trunk_force_transfer;threshold_capacity;aerobic_capacity;high_intensity_aerobic_power;mobility_range_capacity;recovery_management,"ordinal evidence-informed retrieval weighting; athlete deficits, schedule, safety and external load may lower or omit a category",threshold_capacity,0.6,aerobic_capacity,0.55,high_intensity_aerobic_power,0.55,shoulder_capacity,0.45,mobility_range_capacity,0.4,trunk_force_transfer,0.35,recovery_management,0.3,maximum_strength,0.25
swimming,event_discipline,middle_distance:butterfly,transition,strength_power,threshold_capacity,maximum_strength;shoulder_capacity;trunk_force_transfer;threshold_capacity;aerobic_capacity;high_intensity_aerobic_power;mobility_range_capacity;recovery_management,"ordinal evidence-informed retrieval weighting; athlete deficits, schedule, safety and external load may lower or omit a category",threshold_capacity,0.6,maximum_strength,0.55,aerobic_capacity,0.55,high_intensity_aerobic_power,0.55,shoulder_capacity,0.45,mobility_range_capacity,0.4,trunk_force_transfer,0.35,recovery_management,0.3
swimming,event_discipline,middle_distance:butterfly,transition,speed_movement,threshold_capacity,maximum_strength;shoulder_capacity;trunk_force_transfer;threshold_capacity;aerobic_capacity;high_intensity_aerobic_power;mobility_range_capacity;recovery_management,"ordinal evidence-informed retrieval weighting; athlete deficits, schedule, safety and external load may lower or omit a category",threshold_capacity,0.6,aerobic_capacity,0.55,high_intensity_aerobic_power,0.55,shoulder_capacity,0.45,mobility_range_capacity,0.4,trunk_force_transfer,0.35,recovery_management,0.3,maximum_strength,0.25
swimming,event_discipline,middle_distance:butterfly,transition,conditioning,threshold_capacity,maximum_strength;shoulder_capacity;trunk_force_transfer;threshold_capacity;aerobic_capacity;high_intensity_aerobic_power;mobility_range_capacity;recovery_management,"ordinal evidence-informed retrieval weighting; athlete deficits, schedule, safety and external load may lower or omit a category",threshold_capacity,0.9,aerobic_capacity,0.85,high_intensity_aerobic_power,0.85,shoulder_capacity,0.45,mobility_range_capacity,0.4,trunk_force_transfer,0.35,recovery_management,0.3,maximum_strength,0.25
swimming,event_discipline,middle_distance:individual_medley,general_preparation,general_performance,aerobic_capacity,maximum_strength;shoulder_capacity;trunk_force_transfer;aerobic_capacity;threshold_capacity;high_intensity_aerobic_power;mobility_range_capacity;recovery_management,"ordinal evidence-informed retrieval weighting; athlete deficits, schedule, safety and external load may lower or omit a category",aerobic_capacity,0.6,threshold_capacity,0.6,high_intensity_aerobic_power,0.55,shoulder_capacity,0.5,maximum_strength,0.4,trunk_force_transfer,0.4,mobility_range_capacity,0.35,recovery_management,0.2
swimming,event_discipline,middle_distance:individual_medley,general_preparation,strength_power,maximum_strength,maximum_strength;shoulder_capacity;trunk_force_transfer;aerobic_capacity;threshold_capacity;high_intensity_aerobic_power;mobility_range_capacity;recovery_management,"ordinal evidence-informed retrieval weighting; athlete deficits, schedule, safety and external load may lower or omit a category",maximum_strength,0.7,aerobic_capacity,0.6,threshold_capacity,0.6,high_intensity_aerobic_power,0.55,shoulder_capacity,0.5,trunk_force_transfer,0.4,mobility_range_capacity,0.35,recovery_management,0.2
swimming,event_discipline,middle_distance:individual_medley,general_preparation,speed_movement,aerobic_capacity,maximum_strength;shoulder_capacity;trunk_force_transfer;aerobic_capacity;threshold_capacity;high_intensity_aerobic_power;mobility_range_capacity;recovery_management,"ordinal evidence-informed retrieval weighting; athlete deficits, schedule, safety and external load may lower or omit a category",aerobic_capacity,0.6,threshold_capacity,0.6,high_intensity_aerobic_power,0.55,shoulder_capacity,0.5,maximum_strength,0.4,trunk_force_transfer,0.4,mobility_range_capacity,0.35,recovery_management,0.2
swimming,event_discipline,middle_distance:individual_medley,general_preparation,conditioning,aerobic_capacity,maximum_strength;shoulder_capacity;trunk_force_transfer;aerobic_capacity;threshold_capacity;high_intensity_aerobic_power;anaerobic_capacity;mobility_range_capacity,"ordinal evidence-informed retrieval weighting; athlete deficits, schedule, safety and external load may lower or omit a category",aerobic_capacity,0.9,threshold_capacity,0.9,high_intensity_aerobic_power,0.85,shoulder_capacity,0.5,maximum_strength,0.4,trunk_force_transfer,0.4,anaerobic_capacity,0.4,mobility_range_capacity,0.35
swimming,event_discipline,middle_distance:individual_medley,specific_preparation,general_performance,high_intensity_aerobic_power,maximum_strength;shoulder_capacity;trunk_force_transfer;high_intensity_aerobic_power;threshold_capacity;aerobic_capacity;mobility_range_capacity;recovery_management,"ordinal evidence-informed retrieval weighting; athlete deficits, schedule, safety and external load may lower or omit a category",high_intensity_aerobic_power,0.65,threshold_capacity,0.6,shoulder_capacity,0.45,aerobic_capacity,0.45,trunk_force_transfer,0.35,maximum_strength,0.25,mobility_range_capacity,0.25,recovery_management,0.2
swimming,event_discipline,middle_distance:individual_medley,specific_preparation,strength_power,high_intensity_aerobic_power,maximum_strength;shoulder_capacity;trunk_force_transfer;high_intensity_aerobic_power;threshold_capacity;aerobic_capacity;mobility_range_capacity;recovery_management,"ordinal evidence-informed retrieval weighting; athlete deficits, schedule, safety and external load may lower or omit a category",high_intensity_aerobic_power,0.65,threshold_capacity,0.6,maximum_strength,0.55,shoulder_capacity,0.45,aerobic_capacity,0.45,trunk_force_transfer,0.35,mobility_range_capacity,0.25,recovery_management,0.2
swimming,event_discipline,middle_distance:individual_medley,specific_preparation,speed_movement,high_intensity_aerobic_power,maximum_strength;shoulder_capacity;trunk_force_transfer;high_intensity_aerobic_power;threshold_capacity;aerobic_capacity;mobility_range_capacity;recovery_management,"ordinal evidence-informed retrieval weighting; athlete deficits, schedule, safety and external load may lower or omit a category",high_intensity_aerobic_power,0.65,threshold_capacity,0.6,shoulder_capacity,0.45,aerobic_capacity,0.45,trunk_force_transfer,0.35,maximum_strength,0.25,mobility_range_capacity,0.25,recovery_management,0.2
swimming,event_discipline,middle_distance:individual_medley,specific_preparation,conditioning,high_intensity_aerobic_power,maximum_strength;shoulder_capacity;trunk_force_transfer;high_intensity_aerobic_power;threshold_capacity;aerobic_capacity;anaerobic_capacity;mobility_range_capacity,"ordinal evidence-informed retrieval weighting; athlete deficits, schedule, safety and external load may lower or omit a category",high_intensity_aerobic_power,0.95,threshold_capacity,0.9,aerobic_capacity,0.75,shoulder_capacity,0.45,anaerobic_capacity,0.4,trunk_force_transfer,0.35,maximum_strength,0.25,mobility_range_capacity,0.25
swimming,event_discipline,middle_distance:individual_medley,competition,general_performance,threshold_capacity,performance_preparation;shoulder_capacity;trunk_force_transfer;threshold_capacity;high_intensity_aerobic_power;aerobic_capacity;mobility_range_capacity;recovery_management,"ordinal evidence-informed retrieval weighting; athlete deficits, schedule, safety and external load may lower or omit a category",threshold_capacity,0.6,high_intensity_aerobic_power,0.55,shoulder_capacity,0.45,aerobic_capacity,0.45,trunk_force_transfer,0.35,mobility_range_capacity,0.25,performance_preparation,0.2,recovery_management,0.2
swimming,event_discipline,middle_distance:individual_medley,competition,strength_power,threshold_capacity,performance_preparation;maximum_strength;shoulder_capacity;trunk_force_transfer;threshold_capacity;high_intensity_aerobic_power;aerobic_capacity;mobility_range_capacity,"ordinal evidence-informed retrieval weighting; athlete deficits, schedule, safety and external load may lower or omit a category",threshold_capacity,0.6,high_intensity_aerobic_power,0.55,maximum_strength,0.45,shoulder_capacity,0.45,aerobic_capacity,0.45,trunk_force_transfer,0.35,mobility_range_capacity,0.25,performance_preparation,0.2
swimming,event_discipline,middle_distance:individual_medley,competition,speed_movement,threshold_capacity,performance_preparation;shoulder_capacity;trunk_force_transfer;threshold_capacity;high_intensity_aerobic_power;aerobic_capacity;mobility_range_capacity;recovery_management,"ordinal evidence-informed retrieval weighting; athlete deficits, schedule, safety and external load may lower or omit a category",threshold_capacity,0.6,high_intensity_aerobic_power,0.55,shoulder_capacity,0.45,aerobic_capacity,0.45,trunk_force_transfer,0.35,mobility_range_capacity,0.25,performance_preparation,0.2,recovery_management,0.2
swimming,event_discipline,middle_distance:individual_medley,competition,conditioning,threshold_capacity,performance_preparation;shoulder_capacity;trunk_force_transfer;threshold_capacity;high_intensity_aerobic_power;aerobic_capacity;anaerobic_capacity;mobility_range_capacity,"ordinal evidence-informed retrieval weighting; athlete deficits, schedule, safety and external load may lower or omit a category",threshold_capacity,0.9,high_intensity_aerobic_power,0.85,aerobic_capacity,0.75,shoulder_capacity,0.45,trunk_force_transfer,0.35,anaerobic_capacity,0.3,mobility_range_capacity,0.25,performance_preparation,0.2
swimming,event_discipline,middle_distance:individual_medley,transition,general_performance,threshold_capacity,maximum_strength;shoulder_capacity;trunk_force_transfer;threshold_capacity;aerobic_capacity;high_intensity_aerobic_power;mobility_range_capacity;recovery_management,"ordinal evidence-informed retrieval weighting; athlete deficits, schedule, safety and external load may lower or omit a category",threshold_capacity,0.6,aerobic_capacity,0.55,high_intensity_aerobic_power,0.55,shoulder_capacity,0.45,mobility_range_capacity,0.4,trunk_force_transfer,0.35,recovery_management,0.3,maximum_strength,0.25
swimming,event_discipline,middle_distance:individual_medley,transition,strength_power,threshold_capacity,maximum_strength;shoulder_capacity;trunk_force_transfer;threshold_capacity;aerobic_capacity;high_intensity_aerobic_power;mobility_range_capacity;recovery_management,"ordinal evidence-informed retrieval weighting; athlete deficits, schedule, safety and external load may lower or omit a category",threshold_capacity,0.6,maximum_strength,0.55,aerobic_capacity,0.55,high_intensity_aerobic_power,0.55,shoulder_capacity,0.45,mobility_range_capacity,0.4,trunk_force_transfer,0.35,recovery_management,0.3
swimming,event_discipline,middle_distance:individual_medley,transition,speed_movement,threshold_capacity,maximum_strength;shoulder_capacity;trunk_force_transfer;threshold_capacity;aerobic_capacity;high_intensity_aerobic_power;mobility_range_capacity;recovery_management,"ordinal evidence-informed retrieval weighting; athlete deficits, schedule, safety and external load may lower or omit a category",threshold_capacity,0.6,aerobic_capacity,0.55,high_intensity_aerobic_power,0.55,shoulder_capacity,0.45,mobility_range_capacity,0.4,trunk_force_transfer,0.35,recovery_management,0.3,maximum_strength,0.25
swimming,event_discipline,middle_distance:individual_medley,transition,conditioning,threshold_capacity,maximum_strength;shoulder_capacity;trunk_force_transfer;threshold_capacity;aerobic_capacity;high_intensity_aerobic_power;mobility_range_capacity;recovery_management,"ordinal evidence-informed retrieval weighting; athlete deficits, schedule, safety and external load may lower or omit a category",threshold_capacity,0.9,aerobic_capacity,0.85,high_intensity_aerobic_power,0.85,shoulder_capacity,0.45,mobility_range_capacity,0.4,trunk_force_transfer,0.35,recovery_management,0.3,maximum_strength,0.25
swimming,event_discipline,distance:freestyle,general_preparation,general_performance,aerobic_capacity,maximum_strength;shoulder_capacity;trunk_force_transfer;aerobic_capacity;threshold_capacity;high_intensity_aerobic_power;mobility_range_capacity;recovery_management,"ordinal evidence-informed retrieval weighting; athlete deficits, schedule, safety and external load may lower or omit a category",aerobic_capacity,0.85,threshold_capacity,0.6,shoulder_capacity,0.5,maximum_strength,0.4,trunk_force_transfer,0.4,high_intensity_aerobic_power,0.4,mobility_range_capacity,0.35,recovery_management,0.2
swimming,event_discipline,distance:freestyle,general_preparation,strength_power,aerobic_capacity,maximum_strength;shoulder_capacity;trunk_force_transfer;aerobic_capacity;threshold_capacity;high_intensity_aerobic_power;mobility_range_capacity;recovery_management,"ordinal evidence-informed retrieval weighting; athlete deficits, schedule, safety and external load may lower or omit a category",aerobic_capacity,0.85,maximum_strength,0.7,threshold_capacity,0.6,shoulder_capacity,0.5,trunk_force_transfer,0.4,high_intensity_aerobic_power,0.4,mobility_range_capacity,0.35,recovery_management,0.2
swimming,event_discipline,distance:freestyle,general_preparation,speed_movement,aerobic_capacity,maximum_strength;shoulder_capacity;trunk_force_transfer;aerobic_capacity;threshold_capacity;high_intensity_aerobic_power;mobility_range_capacity;recovery_management,"ordinal evidence-informed retrieval weighting; athlete deficits, schedule, safety and external load may lower or omit a category",aerobic_capacity,0.85,threshold_capacity,0.6,shoulder_capacity,0.5,maximum_strength,0.4,trunk_force_transfer,0.4,high_intensity_aerobic_power,0.4,mobility_range_capacity,0.35,recovery_management,0.2
swimming,event_discipline,distance:freestyle,general_preparation,conditioning,aerobic_capacity,maximum_strength;shoulder_capacity;trunk_force_transfer;aerobic_capacity;threshold_capacity;high_intensity_aerobic_power;mobility_range_capacity;recovery_management,"ordinal evidence-informed retrieval weighting; athlete deficits, schedule, safety and external load may lower or omit a category",aerobic_capacity,1.0,threshold_capacity,0.9,high_intensity_aerobic_power,0.7,shoulder_capacity,0.5,maximum_strength,0.4,trunk_force_transfer,0.4,mobility_range_capacity,0.35,recovery_management,0.2
swimming,event_discipline,distance:freestyle,specific_preparation,general_performance,aerobic_capacity,maximum_strength;shoulder_capacity;trunk_force_transfer;aerobic_capacity;threshold_capacity;high_intensity_aerobic_power;mobility_range_capacity;recovery_management,"ordinal evidence-informed retrieval weighting; athlete deficits, schedule, safety and external load may lower or omit a category",aerobic_capacity,0.7,threshold_capacity,0.6,high_intensity_aerobic_power,0.5,shoulder_capacity,0.45,trunk_force_transfer,0.35,maximum_strength,0.25,mobility_range_capacity,0.25,recovery_management,0.2
swimming,event_discipline,distance:freestyle,specific_preparation,strength_power,aerobic_capacity,maximum_strength;shoulder_capacity;trunk_force_transfer;aerobic_capacity;threshold_capacity;high_intensity_aerobic_power;mobility_range_capacity;recovery_management,"ordinal evidence-informed retrieval weighting; athlete deficits, schedule, safety and external load may lower or omit a category",aerobic_capacity,0.7,threshold_capacity,0.6,maximum_strength,0.55,high_intensity_aerobic_power,0.5,shoulder_capacity,0.45,trunk_force_transfer,0.35,mobility_range_capacity,0.25,recovery_management,0.2
swimming,event_discipline,distance:freestyle,specific_preparation,speed_movement,aerobic_capacity,maximum_strength;shoulder_capacity;trunk_force_transfer;aerobic_capacity;threshold_capacity;high_intensity_aerobic_power;mobility_range_capacity;recovery_management,"ordinal evidence-informed retrieval weighting; athlete deficits, schedule, safety and external load may lower or omit a category",aerobic_capacity,0.7,threshold_capacity,0.6,high_intensity_aerobic_power,0.5,shoulder_capacity,0.45,trunk_force_transfer,0.35,maximum_strength,0.25,mobility_range_capacity,0.25,recovery_management,0.2
swimming,event_discipline,distance:freestyle,specific_preparation,conditioning,aerobic_capacity,maximum_strength;shoulder_capacity;trunk_force_transfer;aerobic_capacity;threshold_capacity;high_intensity_aerobic_power;mobility_range_capacity;recovery_management,"ordinal evidence-informed retrieval weighting; athlete deficits, schedule, safety and external load may lower or omit a category",aerobic_capacity,1.0,threshold_capacity,0.9,high_intensity_aerobic_power,0.8,shoulder_capacity,0.45,trunk_force_transfer,0.35,maximum_strength,0.25,mobility_range_capacity,0.25,recovery_management,0.2
swimming,event_discipline,distance:freestyle,competition,general_performance,aerobic_capacity,performance_preparation;shoulder_capacity;trunk_force_transfer;aerobic_capacity;threshold_capacity;high_intensity_aerobic_power;mobility_range_capacity;recovery_management,"ordinal evidence-informed retrieval weighting; athlete deficits, schedule, safety and external load may lower or omit a category",aerobic_capacity,0.7,threshold_capacity,0.6,shoulder_capacity,0.45,high_intensity_aerobic_power,0.4,trunk_force_transfer,0.35,mobility_range_capacity,0.25,performance_preparation,0.2,recovery_management,0.2
swimming,event_discipline,distance:freestyle,competition,strength_power,aerobic_capacity,performance_preparation;maximum_strength;shoulder_capacity;trunk_force_transfer;aerobic_capacity;threshold_capacity;high_intensity_aerobic_power;mobility_range_capacity,"ordinal evidence-informed retrieval weighting; athlete deficits, schedule, safety and external load may lower or omit a category",aerobic_capacity,0.7,threshold_capacity,0.6,maximum_strength,0.45,shoulder_capacity,0.45,high_intensity_aerobic_power,0.4,trunk_force_transfer,0.35,mobility_range_capacity,0.25,performance_preparation,0.2
swimming,event_discipline,distance:freestyle,competition,speed_movement,aerobic_capacity,performance_preparation;shoulder_capacity;trunk_force_transfer;aerobic_capacity;threshold_capacity;high_intensity_aerobic_power;mobility_range_capacity;recovery_management,"ordinal evidence-informed retrieval weighting; athlete deficits, schedule, safety and external load may lower or omit a category",aerobic_capacity,0.7,threshold_capacity,0.6,shoulder_capacity,0.45,high_intensity_aerobic_power,0.4,trunk_force_transfer,0.35,mobility_range_capacity,0.25,performance_preparation,0.2,recovery_management,0.2
swimming,event_discipline,distance:freestyle,competition,conditioning,aerobic_capacity,performance_preparation;shoulder_capacity;trunk_force_transfer;aerobic_capacity;threshold_capacity;high_intensity_aerobic_power;mobility_range_capacity;recovery_management,"ordinal evidence-informed retrieval weighting; athlete deficits, schedule, safety and external load may lower or omit a category",aerobic_capacity,1.0,threshold_capacity,0.9,high_intensity_aerobic_power,0.7,shoulder_capacity,0.45,trunk_force_transfer,0.35,mobility_range_capacity,0.25,performance_preparation,0.2,recovery_management,0.2
swimming,event_discipline,distance:freestyle,transition,general_performance,aerobic_capacity,maximum_strength;shoulder_capacity;trunk_force_transfer;aerobic_capacity;threshold_capacity;high_intensity_aerobic_power;mobility_range_capacity;recovery_management,"ordinal evidence-informed retrieval weighting; athlete deficits, schedule, safety and external load may lower or omit a category",aerobic_capacity,0.8,threshold_capacity,0.6,shoulder_capacity,0.45,high_intensity_aerobic_power,0.4,mobility_range_capacity,0.4,trunk_force_transfer,0.35,recovery_management,0.3,maximum_strength,0.25
swimming,event_discipline,distance:freestyle,transition,strength_power,aerobic_capacity,maximum_strength;shoulder_capacity;trunk_force_transfer;aerobic_capacity;threshold_capacity;high_intensity_aerobic_power;mobility_range_capacity;recovery_management,"ordinal evidence-informed retrieval weighting; athlete deficits, schedule, safety and external load may lower or omit a category",aerobic_capacity,0.8,threshold_capacity,0.6,maximum_strength,0.55,shoulder_capacity,0.45,high_intensity_aerobic_power,0.4,mobility_range_capacity,0.4,trunk_force_transfer,0.35,recovery_management,0.3
swimming,event_discipline,distance:freestyle,transition,speed_movement,aerobic_capacity,maximum_strength;shoulder_capacity;trunk_force_transfer;aerobic_capacity;threshold_capacity;high_intensity_aerobic_power;mobility_range_capacity;recovery_management,"ordinal evidence-informed retrieval weighting; athlete deficits, schedule, safety and external load may lower or omit a category",aerobic_capacity,0.8,threshold_capacity,0.6,shoulder_capacity,0.45,high_intensity_aerobic_power,0.4,mobility_range_capacity,0.4,trunk_force_transfer,0.35,recovery_management,0.3,maximum_strength,0.25
swimming,event_discipline,distance:freestyle,transition,conditioning,aerobic_capacity,maximum_strength;shoulder_capacity;trunk_force_transfer;aerobic_capacity;threshold_capacity;high_intensity_aerobic_power;mobility_range_capacity;recovery_management,"ordinal evidence-informed retrieval weighting; athlete deficits, schedule, safety and external load may lower or omit a category",aerobic_capacity,1.0,threshold_capacity,0.9,high_intensity_aerobic_power,0.7,shoulder_capacity,0.45,mobility_range_capacity,0.4,trunk_force_transfer,0.35,recovery_management,0.3,maximum_strength,0.25
swimming,event_discipline,distance:backstroke,general_preparation,general_performance,aerobic_capacity,maximum_strength;shoulder_capacity;trunk_force_transfer;aerobic_capacity;threshold_capacity;high_intensity_aerobic_power;mobility_range_capacity;recovery_management,"ordinal evidence-informed retrieval weighting; athlete deficits, schedule, safety and external load may lower or omit a category",aerobic_capacity,0.85,threshold_capacity,0.6,shoulder_capacity,0.5,maximum_strength,0.4,trunk_force_transfer,0.4,high_intensity_aerobic_power,0.4,mobility_range_capacity,0.35,recovery_management,0.2
swimming,event_discipline,distance:backstroke,general_preparation,strength_power,aerobic_capacity,maximum_strength;shoulder_capacity;trunk_force_transfer;aerobic_capacity;threshold_capacity;high_intensity_aerobic_power;mobility_range_capacity;recovery_management,"ordinal evidence-informed retrieval weighting; athlete deficits, schedule, safety and external load may lower or omit a category",aerobic_capacity,0.85,maximum_strength,0.7,threshold_capacity,0.6,shoulder_capacity,0.5,trunk_force_transfer,0.4,high_intensity_aerobic_power,0.4,mobility_range_capacity,0.35,recovery_management,0.2
swimming,event_discipline,distance:backstroke,general_preparation,speed_movement,aerobic_capacity,maximum_strength;shoulder_capacity;trunk_force_transfer;aerobic_capacity;threshold_capacity;high_intensity_aerobic_power;mobility_range_capacity;recovery_management,"ordinal evidence-informed retrieval weighting; athlete deficits, schedule, safety and external load may lower or omit a category",aerobic_capacity,0.85,threshold_capacity,0.6,shoulder_capacity,0.5,maximum_strength,0.4,trunk_force_transfer,0.4,high_intensity_aerobic_power,0.4,mobility_range_capacity,0.35,recovery_management,0.2
swimming,event_discipline,distance:backstroke,general_preparation,conditioning,aerobic_capacity,maximum_strength;shoulder_capacity;trunk_force_transfer;aerobic_capacity;threshold_capacity;high_intensity_aerobic_power;mobility_range_capacity;recovery_management,"ordinal evidence-informed retrieval weighting; athlete deficits, schedule, safety and external load may lower or omit a category",aerobic_capacity,1.0,threshold_capacity,0.9,high_intensity_aerobic_power,0.7,shoulder_capacity,0.5,maximum_strength,0.4,trunk_force_transfer,0.4,mobility_range_capacity,0.35,recovery_management,0.2
swimming,event_discipline,distance:backstroke,specific_preparation,general_performance,aerobic_capacity,maximum_strength;shoulder_capacity;trunk_force_transfer;aerobic_capacity;threshold_capacity;high_intensity_aerobic_power;mobility_range_capacity;recovery_management,"ordinal evidence-informed retrieval weighting; athlete deficits, schedule, safety and external load may lower or omit a category",aerobic_capacity,0.7,threshold_capacity,0.6,high_intensity_aerobic_power,0.5,shoulder_capacity,0.45,trunk_force_transfer,0.35,maximum_strength,0.25,mobility_range_capacity,0.25,recovery_management,0.2
swimming,event_discipline,distance:backstroke,specific_preparation,strength_power,aerobic_capacity,maximum_strength;shoulder_capacity;trunk_force_transfer;aerobic_capacity;threshold_capacity;high_intensity_aerobic_power;mobility_range_capacity;recovery_management,"ordinal evidence-informed retrieval weighting; athlete deficits, schedule, safety and external load may lower or omit a category",aerobic_capacity,0.7,threshold_capacity,0.6,maximum_strength,0.55,high_intensity_aerobic_power,0.5,shoulder_capacity,0.45,trunk_force_transfer,0.35,mobility_range_capacity,0.25,recovery_management,0.2
swimming,event_discipline,distance:backstroke,specific_preparation,speed_movement,aerobic_capacity,maximum_strength;shoulder_capacity;trunk_force_transfer;aerobic_capacity;threshold_capacity;high_intensity_aerobic_power;mobility_range_capacity;recovery_management,"ordinal evidence-informed retrieval weighting; athlete deficits, schedule, safety and external load may lower or omit a category",aerobic_capacity,0.7,threshold_capacity,0.6,high_intensity_aerobic_power,0.5,shoulder_capacity,0.45,trunk_force_transfer,0.35,maximum_strength,0.25,mobility_range_capacity,0.25,recovery_management,0.2
swimming,event_discipline,distance:backstroke,specific_preparation,conditioning,aerobic_capacity,maximum_strength;shoulder_capacity;trunk_force_transfer;aerobic_capacity;threshold_capacity;high_intensity_aerobic_power;mobility_range_capacity;recovery_management,"ordinal evidence-informed retrieval weighting; athlete deficits, schedule, safety and external load may lower or omit a category",aerobic_capacity,1.0,threshold_capacity,0.9,high_intensity_aerobic_power,0.8,shoulder_capacity,0.45,trunk_force_transfer,0.35,maximum_strength,0.25,mobility_range_capacity,0.25,recovery_management,0.2
swimming,event_discipline,distance:backstroke,competition,general_performance,aerobic_capacity,performance_preparation;shoulder_capacity;trunk_force_transfer;aerobic_capacity;threshold_capacity;high_intensity_aerobic_power;mobility_range_capacity;recovery_management,"ordinal evidence-informed retrieval weighting; athlete deficits, schedule, safety and external load may lower or omit a category",aerobic_capacity,0.7,threshold_capacity,0.6,shoulder_capacity,0.45,high_intensity_aerobic_power,0.4,trunk_force_transfer,0.35,mobility_range_capacity,0.25,performance_preparation,0.2,recovery_management,0.2
swimming,event_discipline,distance:backstroke,competition,strength_power,aerobic_capacity,performance_preparation;maximum_strength;shoulder_capacity;trunk_force_transfer;aerobic_capacity;threshold_capacity;high_intensity_aerobic_power;mobility_range_capacity,"ordinal evidence-informed retrieval weighting; athlete deficits, schedule, safety and external load may lower or omit a category",aerobic_capacity,0.7,threshold_capacity,0.6,maximum_strength,0.45,shoulder_capacity,0.45,high_intensity_aerobic_power,0.4,trunk_force_transfer,0.35,mobility_range_capacity,0.25,performance_preparation,0.2
swimming,event_discipline,distance:backstroke,competition,speed_movement,aerobic_capacity,performance_preparation;shoulder_capacity;trunk_force_transfer;aerobic_capacity;threshold_capacity;high_intensity_aerobic_power;mobility_range_capacity;recovery_management,"ordinal evidence-informed retrieval weighting; athlete deficits, schedule, safety and external load may lower or omit a category",aerobic_capacity,0.7,threshold_capacity,0.6,shoulder_capacity,0.45,high_intensity_aerobic_power,0.4,trunk_force_transfer,0.35,mobility_range_capacity,0.25,performance_preparation,0.2,recovery_management,0.2
swimming,event_discipline,distance:backstroke,competition,conditioning,aerobic_capacity,performance_preparation;shoulder_capacity;trunk_force_transfer;aerobic_capacity;threshold_capacity;high_intensity_aerobic_power;mobility_range_capacity;recovery_management,"ordinal evidence-informed retrieval weighting; athlete deficits, schedule, safety and external load may lower or omit a category",aerobic_capacity,1.0,threshold_capacity,0.9,high_intensity_aerobic_power,0.7,shoulder_capacity,0.45,trunk_force_transfer,0.35,mobility_range_capacity,0.25,performance_preparation,0.2,recovery_management,0.2
swimming,event_discipline,distance:backstroke,transition,general_performance,aerobic_capacity,maximum_strength;shoulder_capacity;trunk_force_transfer;aerobic_capacity;threshold_capacity;high_intensity_aerobic_power;mobility_range_capacity;recovery_management,"ordinal evidence-informed retrieval weighting; athlete deficits, schedule, safety and external load may lower or omit a category",aerobic_capacity,0.8,threshold_capacity,0.6,shoulder_capacity,0.45,high_intensity_aerobic_power,0.4,mobility_range_capacity,0.4,trunk_force_transfer,0.35,recovery_management,0.3,maximum_strength,0.25
swimming,event_discipline,distance:backstroke,transition,strength_power,aerobic_capacity,maximum_strength;shoulder_capacity;trunk_force_transfer;aerobic_capacity;threshold_capacity;high_intensity_aerobic_power;mobility_range_capacity;recovery_management,"ordinal evidence-informed retrieval weighting; athlete deficits, schedule, safety and external load may lower or omit a category",aerobic_capacity,0.8,threshold_capacity,0.6,maximum_strength,0.55,shoulder_capacity,0.45,high_intensity_aerobic_power,0.4,mobility_range_capacity,0.4,trunk_force_transfer,0.35,recovery_management,0.3
swimming,event_discipline,distance:backstroke,transition,speed_movement,aerobic_capacity,maximum_strength;shoulder_capacity;trunk_force_transfer;aerobic_capacity;threshold_capacity;high_intensity_aerobic_power;mobility_range_capacity;recovery_management,"ordinal evidence-informed retrieval weighting; athlete deficits, schedule, safety and external load may lower or omit a category",aerobic_capacity,0.8,threshold_capacity,0.6,shoulder_capacity,0.45,high_intensity_aerobic_power,0.4,mobility_range_capacity,0.4,trunk_force_transfer,0.35,recovery_management,0.3,maximum_strength,0.25
swimming,event_discipline,distance:backstroke,transition,conditioning,aerobic_capacity,maximum_strength;shoulder_capacity;trunk_force_transfer;aerobic_capacity;threshold_capacity;high_intensity_aerobic_power;mobility_range_capacity;recovery_management,"ordinal evidence-informed retrieval weighting; athlete deficits, schedule, safety and external load may lower or omit a category",aerobic_capacity,1.0,threshold_capacity,0.9,high_intensity_aerobic_power,0.7,shoulder_capacity,0.45,mobility_range_capacity,0.4,trunk_force_transfer,0.35,recovery_management,0.3,maximum_strength,0.25
swimming,event_discipline,distance:breaststroke,general_preparation,general_performance,aerobic_capacity,maximum_strength;shoulder_capacity;trunk_force_transfer;aerobic_capacity;threshold_capacity;high_intensity_aerobic_power;mobility_range_capacity;recovery_management,"ordinal evidence-informed retrieval weighting; athlete deficits, schedule, safety and external load may lower or omit a category",aerobic_capacity,0.85,threshold_capacity,0.6,shoulder_capacity,0.5,maximum_strength,0.4,trunk_force_transfer,0.4,high_intensity_aerobic_power,0.4,mobility_range_capacity,0.35,recovery_management,0.2
swimming,event_discipline,distance:breaststroke,general_preparation,strength_power,aerobic_capacity,maximum_strength;shoulder_capacity;trunk_force_transfer;aerobic_capacity;threshold_capacity;high_intensity_aerobic_power;mobility_range_capacity;recovery_management,"ordinal evidence-informed retrieval weighting; athlete deficits, schedule, safety and external load may lower or omit a category",aerobic_capacity,0.85,maximum_strength,0.7,threshold_capacity,0.6,shoulder_capacity,0.5,trunk_force_transfer,0.4,high_intensity_aerobic_power,0.4,mobility_range_capacity,0.35,recovery_management,0.2
swimming,event_discipline,distance:breaststroke,general_preparation,speed_movement,aerobic_capacity,maximum_strength;shoulder_capacity;trunk_force_transfer;aerobic_capacity;threshold_capacity;high_intensity_aerobic_power;mobility_range_capacity;recovery_management,"ordinal evidence-informed retrieval weighting; athlete deficits, schedule, safety and external load may lower or omit a category",aerobic_capacity,0.85,threshold_capacity,0.6,shoulder_capacity,0.5,maximum_strength,0.4,trunk_force_transfer,0.4,high_intensity_aerobic_power,0.4,mobility_range_capacity,0.35,recovery_management,0.2
swimming,event_discipline,distance:breaststroke,general_preparation,conditioning,aerobic_capacity,maximum_strength;shoulder_capacity;trunk_force_transfer;aerobic_capacity;threshold_capacity;high_intensity_aerobic_power;mobility_range_capacity;recovery_management,"ordinal evidence-informed retrieval weighting; athlete deficits, schedule, safety and external load may lower or omit a category",aerobic_capacity,1.0,threshold_capacity,0.9,high_intensity_aerobic_power,0.7,shoulder_capacity,0.5,maximum_strength,0.4,trunk_force_transfer,0.4,mobility_range_capacity,0.35,recovery_management,0.2
swimming,event_discipline,distance:breaststroke,specific_preparation,general_performance,aerobic_capacity,maximum_strength;shoulder_capacity;trunk_force_transfer;aerobic_capacity;threshold_capacity;high_intensity_aerobic_power;mobility_range_capacity;recovery_management,"ordinal evidence-informed retrieval weighting; athlete deficits, schedule, safety and external load may lower or omit a category",aerobic_capacity,0.7,threshold_capacity,0.6,high_intensity_aerobic_power,0.5,shoulder_capacity,0.45,trunk_force_transfer,0.35,maximum_strength,0.25,mobility_range_capacity,0.25,recovery_management,0.2
swimming,event_discipline,distance:breaststroke,specific_preparation,strength_power,aerobic_capacity,maximum_strength;shoulder_capacity;trunk_force_transfer;aerobic_capacity;threshold_capacity;high_intensity_aerobic_power;mobility_range_capacity;recovery_management,"ordinal evidence-informed retrieval weighting; athlete deficits, schedule, safety and external load may lower or omit a category",aerobic_capacity,0.7,threshold_capacity,0.6,maximum_strength,0.55,high_intensity_aerobic_power,0.5,shoulder_capacity,0.45,trunk_force_transfer,0.35,mobility_range_capacity,0.25,recovery_management,0.2
swimming,event_discipline,distance:breaststroke,specific_preparation,speed_movement,aerobic_capacity,maximum_strength;shoulder_capacity;trunk_force_transfer;aerobic_capacity;threshold_capacity;high_intensity_aerobic_power;mobility_range_capacity;recovery_management,"ordinal evidence-informed retrieval weighting; athlete deficits, schedule, safety and external load may lower or omit a category",aerobic_capacity,0.7,threshold_capacity,0.6,high_intensity_aerobic_power,0.5,shoulder_capacity,0.45,trunk_force_transfer,0.35,maximum_strength,0.25,mobility_range_capacity,0.25,recovery_management,0.2
swimming,event_discipline,distance:breaststroke,specific_preparation,conditioning,aerobic_capacity,maximum_strength;shoulder_capacity;trunk_force_transfer;aerobic_capacity;threshold_capacity;high_intensity_aerobic_power;mobility_range_capacity;recovery_management,"ordinal evidence-informed retrieval weighting; athlete deficits, schedule, safety and external load may lower or omit a category",aerobic_capacity,1.0,threshold_capacity,0.9,high_intensity_aerobic_power,0.8,shoulder_capacity,0.45,trunk_force_transfer,0.35,maximum_strength,0.25,mobility_range_capacity,0.25,recovery_management,0.2
swimming,event_discipline,distance:breaststroke,competition,general_performance,aerobic_capacity,performance_preparation;shoulder_capacity;trunk_force_transfer;aerobic_capacity;threshold_capacity;high_intensity_aerobic_power;mobility_range_capacity;recovery_management,"ordinal evidence-informed retrieval weighting; athlete deficits, schedule, safety and external load may lower or omit a category",aerobic_capacity,0.7,threshold_capacity,0.6,shoulder_capacity,0.45,high_intensity_aerobic_power,0.4,trunk_force_transfer,0.35,mobility_range_capacity,0.25,performance_preparation,0.2,recovery_management,0.2
swimming,event_discipline,distance:breaststroke,competition,strength_power,aerobic_capacity,performance_preparation;maximum_strength;shoulder_capacity;trunk_force_transfer;aerobic_capacity;threshold_capacity;high_intensity_aerobic_power;mobility_range_capacity,"ordinal evidence-informed retrieval weighting; athlete deficits, schedule, safety and external load may lower or omit a category",aerobic_capacity,0.7,threshold_capacity,0.6,maximum_strength,0.45,shoulder_capacity,0.45,high_intensity_aerobic_power,0.4,trunk_force_transfer,0.35,mobility_range_capacity,0.25,performance_preparation,0.2
swimming,event_discipline,distance:breaststroke,competition,speed_movement,aerobic_capacity,performance_preparation;shoulder_capacity;trunk_force_transfer;aerobic_capacity;threshold_capacity;high_intensity_aerobic_power;mobility_range_capacity;recovery_management,"ordinal evidence-informed retrieval weighting; athlete deficits, schedule, safety and external load may lower or omit a category",aerobic_capacity,0.7,threshold_capacity,0.6,shoulder_capacity,0.45,high_intensity_aerobic_power,0.4,trunk_force_transfer,0.35,mobility_range_capacity,0.25,performance_preparation,0.2,recovery_management,0.2
swimming,event_discipline,distance:breaststroke,competition,conditioning,aerobic_capacity,performance_preparation;shoulder_capacity;trunk_force_transfer;aerobic_capacity;threshold_capacity;high_intensity_aerobic_power;mobility_range_capacity;recovery_management,"ordinal evidence-informed retrieval weighting; athlete deficits, schedule, safety and external load may lower or omit a category",aerobic_capacity,1.0,threshold_capacity,0.9,high_intensity_aerobic_power,0.7,shoulder_capacity,0.45,trunk_force_transfer,0.35,mobility_range_capacity,0.25,performance_preparation,0.2,recovery_management,0.2
swimming,event_discipline,distance:breaststroke,transition,general_performance,aerobic_capacity,maximum_strength;shoulder_capacity;trunk_force_transfer;aerobic_capacity;threshold_capacity;high_intensity_aerobic_power;mobility_range_capacity;recovery_management,"ordinal evidence-informed retrieval weighting; athlete deficits, schedule, safety and external load may lower or omit a category",aerobic_capacity,0.8,threshold_capacity,0.6,shoulder_capacity,0.45,high_intensity_aerobic_power,0.4,mobility_range_capacity,0.4,trunk_force_transfer,0.35,recovery_management,0.3,maximum_strength,0.25
swimming,event_discipline,distance:breaststroke,transition,strength_power,aerobic_capacity,maximum_strength;shoulder_capacity;trunk_force_transfer;aerobic_capacity;threshold_capacity;high_intensity_aerobic_power;mobility_range_capacity;recovery_management,"ordinal evidence-informed retrieval weighting; athlete deficits, schedule, safety and external load may lower or omit a category",aerobic_capacity,0.8,threshold_capacity,0.6,maximum_strength,0.55,shoulder_capacity,0.45,high_intensity_aerobic_power,0.4,mobility_range_capacity,0.4,trunk_force_transfer,0.35,recovery_management,0.3
swimming,event_discipline,distance:breaststroke,transition,speed_movement,aerobic_capacity,maximum_strength;shoulder_capacity;trunk_force_transfer;aerobic_capacity;threshold_capacity;high_intensity_aerobic_power;mobility_range_capacity;recovery_management,"ordinal evidence-informed retrieval weighting; athlete deficits, schedule, safety and external load may lower or omit a category",aerobic_capacity,0.8,threshold_capacity,0.6,shoulder_capacity,0.45,high_intensity_aerobic_power,0.4,mobility_range_capacity,0.4,trunk_force_transfer,0.35,recovery_management,0.3,maximum_strength,0.25
swimming,event_discipline,distance:breaststroke,transition,conditioning,aerobic_capacity,maximum_strength;shoulder_capacity;trunk_force_transfer;aerobic_capacity;threshold_capacity;high_intensity_aerobic_power;mobility_range_capacity;recovery_management,"ordinal evidence-informed retrieval weighting; athlete deficits, schedule, safety and external load may lower or omit a category",aerobic_capacity,1.0,threshold_capacity,0.9,high_intensity_aerobic_power,0.7,shoulder_capacity,0.45,mobility_range_capacity,0.4,trunk_force_transfer,0.35,recovery_management,0.3,maximum_strength,0.25
swimming,event_discipline,distance:butterfly,general_preparation,general_performance,aerobic_capacity,maximum_strength;shoulder_capacity;trunk_force_transfer;aerobic_capacity;threshold_capacity;high_intensity_aerobic_power;mobility_range_capacity;recovery_management,"ordinal evidence-informed retrieval weighting; athlete deficits, schedule, safety and external load may lower or omit a category",aerobic_capacity,0.85,threshold_capacity,0.6,shoulder_capacity,0.5,maximum_strength,0.4,trunk_force_transfer,0.4,high_intensity_aerobic_power,0.4,mobility_range_capacity,0.35,recovery_management,0.2
swimming,event_discipline,distance:butterfly,general_preparation,strength_power,aerobic_capacity,maximum_strength;shoulder_capacity;trunk_force_transfer;aerobic_capacity;threshold_capacity;high_intensity_aerobic_power;mobility_range_capacity;recovery_management,"ordinal evidence-informed retrieval weighting; athlete deficits, schedule, safety and external load may lower or omit a category",aerobic_capacity,0.85,maximum_strength,0.7,threshold_capacity,0.6,shoulder_capacity,0.5,trunk_force_transfer,0.4,high_intensity_aerobic_power,0.4,mobility_range_capacity,0.35,recovery_management,0.2
swimming,event_discipline,distance:butterfly,general_preparation,speed_movement,aerobic_capacity,maximum_strength;shoulder_capacity;trunk_force_transfer;aerobic_capacity;threshold_capacity;high_intensity_aerobic_power;mobility_range_capacity;recovery_management,"ordinal evidence-informed retrieval weighting; athlete deficits, schedule, safety and external load may lower or omit a category",aerobic_capacity,0.85,threshold_capacity,0.6,shoulder_capacity,0.5,maximum_strength,0.4,trunk_force_transfer,0.4,high_intensity_aerobic_power,0.4,mobility_range_capacity,0.35,recovery_management,0.2
swimming,event_discipline,distance:butterfly,general_preparation,conditioning,aerobic_capacity,maximum_strength;shoulder_capacity;trunk_force_transfer;aerobic_capacity;threshold_capacity;high_intensity_aerobic_power;mobility_range_capacity;recovery_management,"ordinal evidence-informed retrieval weighting; athlete deficits, schedule, safety and external load may lower or omit a category",aerobic_capacity,1.0,threshold_capacity,0.9,high_intensity_aerobic_power,0.7,shoulder_capacity,0.5,maximum_strength,0.4,trunk_force_transfer,0.4,mobility_range_capacity,0.35,recovery_management,0.2
swimming,event_discipline,distance:butterfly,specific_preparation,general_performance,aerobic_capacity,maximum_strength;shoulder_capacity;trunk_force_transfer;aerobic_capacity;threshold_capacity;high_intensity_aerobic_power;mobility_range_capacity;recovery_management,"ordinal evidence-informed retrieval weighting; athlete deficits, schedule, safety and external load may lower or omit a category",aerobic_capacity,0.7,threshold_capacity,0.6,high_intensity_aerobic_power,0.5,shoulder_capacity,0.45,trunk_force_transfer,0.35,maximum_strength,0.25,mobility_range_capacity,0.25,recovery_management,0.2
swimming,event_discipline,distance:butterfly,specific_preparation,strength_power,aerobic_capacity,maximum_strength;shoulder_capacity;trunk_force_transfer;aerobic_capacity;threshold_capacity;high_intensity_aerobic_power;mobility_range_capacity;recovery_management,"ordinal evidence-informed retrieval weighting; athlete deficits, schedule, safety and external load may lower or omit a category",aerobic_capacity,0.7,threshold_capacity,0.6,maximum_strength,0.55,high_intensity_aerobic_power,0.5,shoulder_capacity,0.45,trunk_force_transfer,0.35,mobility_range_capacity,0.25,recovery_management,0.2
swimming,event_discipline,distance:butterfly,specific_preparation,speed_movement,aerobic_capacity,maximum_strength;shoulder_capacity;trunk_force_transfer;aerobic_capacity;threshold_capacity;high_intensity_aerobic_power;mobility_range_capacity;recovery_management,"ordinal evidence-informed retrieval weighting; athlete deficits, schedule, safety and external load may lower or omit a category",aerobic_capacity,0.7,threshold_capacity,0.6,high_intensity_aerobic_power,0.5,shoulder_capacity,0.45,trunk_force_transfer,0.35,maximum_strength,0.25,mobility_range_capacity,0.25,recovery_management,0.2
swimming,event_discipline,distance:butterfly,specific_preparation,conditioning,aerobic_capacity,maximum_strength;shoulder_capacity;trunk_force_transfer;aerobic_capacity;threshold_capacity;high_intensity_aerobic_power;mobility_range_capacity;recovery_management,"ordinal evidence-informed retrieval weighting; athlete deficits, schedule, safety and external load may lower or omit a category",aerobic_capacity,1.0,threshold_capacity,0.9,high_intensity_aerobic_power,0.8,shoulder_capacity,0.45,trunk_force_transfer,0.35,maximum_strength,0.25,mobility_range_capacity,0.25,recovery_management,0.2
swimming,event_discipline,distance:butterfly,competition,general_performance,aerobic_capacity,performance_preparation;shoulder_capacity;trunk_force_transfer;aerobic_capacity;threshold_capacity;high_intensity_aerobic_power;mobility_range_capacity;recovery_management,"ordinal evidence-informed retrieval weighting; athlete deficits, schedule, safety and external load may lower or omit a category",aerobic_capacity,0.7,threshold_capacity,0.6,shoulder_capacity,0.45,high_intensity_aerobic_power,0.4,trunk_force_transfer,0.35,mobility_range_capacity,0.25,performance_preparation,0.2,recovery_management,0.2
swimming,event_discipline,distance:butterfly,competition,strength_power,aerobic_capacity,performance_preparation;maximum_strength;shoulder_capacity;trunk_force_transfer;aerobic_capacity;threshold_capacity;high_intensity_aerobic_power;mobility_range_capacity,"ordinal evidence-informed retrieval weighting; athlete deficits, schedule, safety and external load may lower or omit a category",aerobic_capacity,0.7,threshold_capacity,0.6,maximum_strength,0.45,shoulder_capacity,0.45,high_intensity_aerobic_power,0.4,trunk_force_transfer,0.35,mobility_range_capacity,0.25,performance_preparation,0.2
swimming,event_discipline,distance:butterfly,competition,speed_movement,aerobic_capacity,performance_preparation;shoulder_capacity;trunk_force_transfer;aerobic_capacity;threshold_capacity;high_intensity_aerobic_power;mobility_range_capacity;recovery_management,"ordinal evidence-informed retrieval weighting; athlete deficits, schedule, safety and external load may lower or omit a category",aerobic_capacity,0.7,threshold_capacity,0.6,shoulder_capacity,0.45,high_intensity_aerobic_power,0.4,trunk_force_transfer,0.35,mobility_range_capacity,0.25,performance_preparation,0.2,recovery_management,0.2
swimming,event_discipline,distance:butterfly,competition,conditioning,aerobic_capacity,performance_preparation;shoulder_capacity;trunk_force_transfer;aerobic_capacity;threshold_capacity;high_intensity_aerobic_power;mobility_range_capacity;recovery_management,"ordinal evidence-informed retrieval weighting; athlete deficits, schedule, safety and external load may lower or omit a category",aerobic_capacity,1.0,threshold_capacity,0.9,high_intensity_aerobic_power,0.7,shoulder_capacity,0.45,trunk_force_transfer,0.35,mobility_range_capacity,0.25,performance_preparation,0.2,recovery_management,0.2
swimming,event_discipline,distance:butterfly,transition,general_performance,aerobic_capacity,maximum_strength;shoulder_capacity;trunk_force_transfer;aerobic_capacity;threshold_capacity;high_intensity_aerobic_power;mobility_range_capacity;recovery_management,"ordinal evidence-informed retrieval weighting; athlete deficits, schedule, safety and external load may lower or omit a category",aerobic_capacity,0.8,threshold_capacity,0.6,shoulder_capacity,0.45,high_intensity_aerobic_power,0.4,mobility_range_capacity,0.4,trunk_force_transfer,0.35,recovery_management,0.3,maximum_strength,0.25
swimming,event_discipline,distance:butterfly,transition,strength_power,aerobic_capacity,maximum_strength;shoulder_capacity;trunk_force_transfer;aerobic_capacity;threshold_capacity;high_intensity_aerobic_power;mobility_range_capacity;recovery_management,"ordinal evidence-informed retrieval weighting; athlete deficits, schedule, safety and external load may lower or omit a category",aerobic_capacity,0.8,threshold_capacity,0.6,maximum_strength,0.55,shoulder_capacity,0.45,high_intensity_aerobic_power,0.4,mobility_range_capacity,0.4,trunk_force_transfer,0.35,recovery_management,0.3
swimming,event_discipline,distance:butterfly,transition,speed_movement,aerobic_capacity,maximum_strength;shoulder_capacity;trunk_force_transfer;aerobic_capacity;threshold_capacity;high_intensity_aerobic_power;mobility_range_capacity;recovery_management,"ordinal evidence-informed retrieval weighting; athlete deficits, schedule, safety and external load may lower or omit a category",aerobic_capacity,0.8,threshold_capacity,0.6,shoulder_capacity,0.45,high_intensity_aerobic_power,0.4,mobility_range_capacity,0.4,trunk_force_transfer,0.35,recovery_management,0.3,maximum_strength,0.25
swimming,event_discipline,distance:butterfly,transition,conditioning,aerobic_capacity,maximum_strength;shoulder_capacity;trunk_force_transfer;aerobic_capacity;threshold_capacity;high_intensity_aerobic_power;mobility_range_capacity;recovery_management,"ordinal evidence-informed retrieval weighting; athlete deficits, schedule, safety and external load may lower or omit a category",aerobic_capacity,1.0,threshold_capacity,0.9,high_intensity_aerobic_power,0.7,shoulder_capacity,0.45,mobility_range_capacity,0.4,trunk_force_transfer,0.35,recovery_management,0.3,maximum_strength,0.25
swimming,event_discipline,distance:individual_medley,general_preparation,general_performance,aerobic_capacity,maximum_strength;shoulder_capacity;trunk_force_transfer;aerobic_capacity;threshold_capacity;high_intensity_aerobic_power;mobility_range_capacity;recovery_management,"ordinal evidence-informed retrieval weighting; athlete deficits, schedule, safety and external load may lower or omit a category",aerobic_capacity,0.85,threshold_capacity,0.6,shoulder_capacity,0.5,maximum_strength,0.4,trunk_force_transfer,0.4,high_intensity_aerobic_power,0.4,mobility_range_capacity,0.35,recovery_management,0.2
swimming,event_discipline,distance:individual_medley,general_preparation,strength_power,aerobic_capacity,maximum_strength;shoulder_capacity;trunk_force_transfer;aerobic_capacity;threshold_capacity;high_intensity_aerobic_power;mobility_range_capacity;recovery_management,"ordinal evidence-informed retrieval weighting; athlete deficits, schedule, safety and external load may lower or omit a category",aerobic_capacity,0.85,maximum_strength,0.7,threshold_capacity,0.6,shoulder_capacity,0.5,trunk_force_transfer,0.4,high_intensity_aerobic_power,0.4,mobility_range_capacity,0.35,recovery_management,0.2
swimming,event_discipline,distance:individual_medley,general_preparation,speed_movement,aerobic_capacity,maximum_strength;shoulder_capacity;trunk_force_transfer;aerobic_capacity;threshold_capacity;high_intensity_aerobic_power;mobility_range_capacity;recovery_management,"ordinal evidence-informed retrieval weighting; athlete deficits, schedule, safety and external load may lower or omit a category",aerobic_capacity,0.85,threshold_capacity,0.6,shoulder_capacity,0.5,maximum_strength,0.4,trunk_force_transfer,0.4,high_intensity_aerobic_power,0.4,mobility_range_capacity,0.35,recovery_management,0.2
swimming,event_discipline,distance:individual_medley,general_preparation,conditioning,aerobic_capacity,maximum_strength;shoulder_capacity;trunk_force_transfer;aerobic_capacity;threshold_capacity;high_intensity_aerobic_power;mobility_range_capacity;recovery_management,"ordinal evidence-informed retrieval weighting; athlete deficits, schedule, safety and external load may lower or omit a category",aerobic_capacity,1.0,threshold_capacity,0.9,high_intensity_aerobic_power,0.7,shoulder_capacity,0.5,maximum_strength,0.4,trunk_force_transfer,0.4,mobility_range_capacity,0.35,recovery_management,0.2
swimming,event_discipline,distance:individual_medley,specific_preparation,general_performance,aerobic_capacity,maximum_strength;shoulder_capacity;trunk_force_transfer;aerobic_capacity;threshold_capacity;high_intensity_aerobic_power;mobility_range_capacity;recovery_management,"ordinal evidence-informed retrieval weighting; athlete deficits, schedule, safety and external load may lower or omit a category",aerobic_capacity,0.7,threshold_capacity,0.6,high_intensity_aerobic_power,0.5,shoulder_capacity,0.45,trunk_force_transfer,0.35,maximum_strength,0.25,mobility_range_capacity,0.25,recovery_management,0.2
swimming,event_discipline,distance:individual_medley,specific_preparation,strength_power,aerobic_capacity,maximum_strength;shoulder_capacity;trunk_force_transfer;aerobic_capacity;threshold_capacity;high_intensity_aerobic_power;mobility_range_capacity;recovery_management,"ordinal evidence-informed retrieval weighting; athlete deficits, schedule, safety and external load may lower or omit a category",aerobic_capacity,0.7,threshold_capacity,0.6,maximum_strength,0.55,high_intensity_aerobic_power,0.5,shoulder_capacity,0.45,trunk_force_transfer,0.35,mobility_range_capacity,0.25,recovery_management,0.2
swimming,event_discipline,distance:individual_medley,specific_preparation,speed_movement,aerobic_capacity,maximum_strength;shoulder_capacity;trunk_force_transfer;aerobic_capacity;threshold_capacity;high_intensity_aerobic_power;mobility_range_capacity;recovery_management,"ordinal evidence-informed retrieval weighting; athlete deficits, schedule, safety and external load may lower or omit a category",aerobic_capacity,0.7,threshold_capacity,0.6,high_intensity_aerobic_power,0.5,shoulder_capacity,0.45,trunk_force_transfer,0.35,maximum_strength,0.25,mobility_range_capacity,0.25,recovery_management,0.2
swimming,event_discipline,distance:individual_medley,specific_preparation,conditioning,aerobic_capacity,maximum_strength;shoulder_capacity;trunk_force_transfer;aerobic_capacity;threshold_capacity;high_intensity_aerobic_power;mobility_range_capacity;recovery_management,"ordinal evidence-informed retrieval weighting; athlete deficits, schedule, safety and external load may lower or omit a category",aerobic_capacity,1.0,threshold_capacity,0.9,high_intensity_aerobic_power,0.8,shoulder_capacity,0.45,trunk_force_transfer,0.35,maximum_strength,0.25,mobility_range_capacity,0.25,recovery_management,0.2
swimming,event_discipline,distance:individual_medley,competition,general_performance,aerobic_capacity,performance_preparation;shoulder_capacity;trunk_force_transfer;aerobic_capacity;threshold_capacity;high_intensity_aerobic_power;mobility_range_capacity;recovery_management,"ordinal evidence-informed retrieval weighting; athlete deficits, schedule, safety and external load may lower or omit a category",aerobic_capacity,0.7,threshold_capacity,0.6,shoulder_capacity,0.45,high_intensity_aerobic_power,0.4,trunk_force_transfer,0.35,mobility_range_capacity,0.25,performance_preparation,0.2,recovery_management,0.2
swimming,event_discipline,distance:individual_medley,competition,strength_power,aerobic_capacity,performance_preparation;maximum_strength;shoulder_capacity;trunk_force_transfer;aerobic_capacity;threshold_capacity;high_intensity_aerobic_power;mobility_range_capacity,"ordinal evidence-informed retrieval weighting; athlete deficits, schedule, safety and external load may lower or omit a category",aerobic_capacity,0.7,threshold_capacity,0.6,maximum_strength,0.45,shoulder_capacity,0.45,high_intensity_aerobic_power,0.4,trunk_force_transfer,0.35,mobility_range_capacity,0.25,performance_preparation,0.2
swimming,event_discipline,distance:individual_medley,competition,speed_movement,aerobic_capacity,performance_preparation;shoulder_capacity;trunk_force_transfer;aerobic_capacity;threshold_capacity;high_intensity_aerobic_power;mobility_range_capacity;recovery_management,"ordinal evidence-informed retrieval weighting; athlete deficits, schedule, safety and external load may lower or omit a category",aerobic_capacity,0.7,threshold_capacity,0.6,shoulder_capacity,0.45,high_intensity_aerobic_power,0.4,trunk_force_transfer,0.35,mobility_range_capacity,0.25,performance_preparation,0.2,recovery_management,0.2
swimming,event_discipline,distance:individual_medley,competition,conditioning,aerobic_capacity,performance_preparation;shoulder_capacity;trunk_force_transfer;aerobic_capacity;threshold_capacity;high_intensity_aerobic_power;mobility_range_capacity;recovery_management,"ordinal evidence-informed retrieval weighting; athlete deficits, schedule, safety and external load may lower or omit a category",aerobic_capacity,1.0,threshold_capacity,0.9,high_intensity_aerobic_power,0.7,shoulder_capacity,0.45,trunk_force_transfer,0.35,mobility_range_capacity,0.25,performance_preparation,0.2,recovery_management,0.2
swimming,event_discipline,distance:individual_medley,transition,general_performance,aerobic_capacity,maximum_strength;shoulder_capacity;trunk_force_transfer;aerobic_capacity;threshold_capacity;high_intensity_aerobic_power;mobility_range_capacity;recovery_management,"ordinal evidence-informed retrieval weighting; athlete deficits, schedule, safety and external load may lower or omit a category",aerobic_capacity,0.8,threshold_capacity,0.6,shoulder_capacity,0.45,high_intensity_aerobic_power,0.4,mobility_range_capacity,0.4,trunk_force_transfer,0.35,recovery_management,0.3,maximum_strength,0.25
swimming,event_discipline,distance:individual_medley,transition,strength_power,aerobic_capacity,maximum_strength;shoulder_capacity;trunk_force_transfer;aerobic_capacity;threshold_capacity;high_intensity_aerobic_power;mobility_range_capacity;recovery_management,"ordinal evidence-informed retrieval weighting; athlete deficits, schedule, safety and external load may lower or omit a category",aerobic_capacity,0.8,threshold_capacity,0.6,maximum_strength,0.55,shoulder_capacity,0.45,high_intensity_aerobic_power,0.4,mobility_range_capacity,0.4,trunk_force_transfer,0.35,recovery_management,0.3
swimming,event_discipline,distance:individual_medley,transition,speed_movement,aerobic_capacity,maximum_strength;shoulder_capacity;trunk_force_transfer;aerobic_capacity;threshold_capacity;high_intensity_aerobic_power;mobility_range_capacity;recovery_management,"ordinal evidence-informed retrieval weighting; athlete deficits, schedule, safety and external load may lower or omit a category",aerobic_capacity,0.8,threshold_capacity,0.6,shoulder_capacity,0.45,high_intensity_aerobic_power,0.4,mobility_range_capacity,0.4,trunk_force_transfer,0.35,recovery_management,0.3,maximum_strength,0.25
swimming,event_discipline,distance:individual_medley,transition,conditioning,aerobic_capacity,maximum_strength;shoulder_capacity;trunk_force_transfer;aerobic_capacity;threshold_capacity;high_intensity_aerobic_power;mobility_range_capacity;recovery_management,"ordinal evidence-informed retrieval weighting; athlete deficits, schedule, safety and external load may lower or omit a category",aerobic_capacity,1.0,threshold_capacity,0.9,high_intensity_aerobic_power,0.7,shoulder_capacity,0.45,mobility_range_capacity,0.4,trunk_force_transfer,0.35,recovery_management,0.3,maximum_strength,0.25
boxing,format,amateur,general_preparation,general_performance,high_intensity_aerobic_power,rotational_power;upper_body_power;shoulder_capacity;trunk_force_transfer;neck_capacity;high_intensity_aerobic_power;repeated_high_intensity_ability;anaerobic_capacity,"ordinal evidence-informed retrieval weighting; athlete deficits, schedule, safety and external load may lower or omit a category",high_intensity_aerobic_power,0.75,rotational_power,0.45,upper_body_power,0.45,shoulder_capacity,0.45,trunk_force_transfer,0.45,repeated_high_intensity_ability,0.45,neck_capacity,0.4,anaerobic_capacity,0.4
boxing,format,amateur,general_preparation,strength_power,high_intensity_aerobic_power,rotational_power;upper_body_power;shoulder_capacity;trunk_force_transfer;neck_capacity;high_intensity_aerobic_power;repeated_high_intensity_ability;anaerobic_capacity,"ordinal evidence-informed retrieval weighting; athlete deficits, schedule, safety and external load may lower or omit a category",high_intensity_aerobic_power,0.75,rotational_power,0.65,upper_body_power,0.65,shoulder_capacity,0.45,trunk_force_transfer,0.45,repeated_high_intensity_ability,0.45,neck_capacity,0.4,anaerobic_capacity,0.4
boxing,format,amateur,general_preparation,speed_movement,high_intensity_aerobic_power,acceleration;reactive_agility;deceleration;rotational_power;upper_body_power;shoulder_capacity;trunk_force_transfer;high_intensity_aerobic_power,"ordinal evidence-informed retrieval weighting; athlete deficits, schedule, safety and external load may lower or omit a category",high_intensity_aerobic_power,0.75,acceleration,0.65,deceleration,0.6,reactive_agility,0.55,rotational_power,0.45,upper_body_power,0.45,shoulder_capacity,0.45,trunk_force_transfer,0.45
boxing,format,amateur,general_preparation,conditioning,high_intensity_aerobic_power,rotational_power;upper_body_power;shoulder_capacity;trunk_force_transfer;high_intensity_aerobic_power;repeated_high_intensity_ability;anaerobic_capacity;anaerobic_power,"ordinal evidence-informed retrieval weighting; athlete deficits, schedule, safety and external load may lower or omit a category",high_intensity_aerobic_power,1.0,repeated_high_intensity_ability,0.7,anaerobic_capacity,0.65,anaerobic_power,0.5,rotational_power,0.45,upper_body_power,0.45,shoulder_capacity,0.45,trunk_force_transfer,0.45
boxing,format,amateur,specific_preparation,general_performance,high_intensity_aerobic_power,acceleration;reactive_agility;deceleration;rotational_power;upper_body_power;shoulder_capacity;high_intensity_aerobic_power;repeated_high_intensity_ability,"ordinal evidence-informed retrieval weighting; athlete deficits, schedule, safety and external load may lower or omit a category",high_intensity_aerobic_power,0.85,rotational_power,0.55,upper_body_power,0.55,repeated_high_intensity_ability,0.55,acceleration,0.5,deceleration,0.5,reactive_agility,0.45,shoulder_capacity,0.4
boxing,format,amateur,specific_preparation,strength_power,high_intensity_aerobic_power,acceleration;reactive_agility;deceleration;rotational_power;upper_body_power;shoulder_capacity;high_intensity_aerobic_power;repeated_high_intensity_ability,"ordinal evidence-informed retrieval weighting; athlete deficits, schedule, safety and external load may lower or omit a category",high_intensity_aerobic_power,0.85,rotational_power,0.75,upper_body_power,0.75,repeated_high_intensity_ability,0.55,acceleration,0.5,deceleration,0.5,reactive_agility,0.45,shoulder_capacity,0.4
boxing,format,amateur,specific_preparation,speed_movement,high_intensity_aerobic_power,acceleration;reactive_agility;deceleration;rotational_power;upper_body_power;shoulder_capacity;high_intensity_aerobic_power;repeated_high_intensity_ability,"ordinal evidence-informed retrieval weighting; athlete deficits, schedule, safety and external load may lower or omit a category",high_intensity_aerobic_power,0.85,acceleration,0.8,deceleration,0.75,reactive_agility,0.7,rotational_power,0.55,upper_body_power,0.55,repeated_high_intensity_ability,0.55,shoulder_capacity,0.4
boxing,format,amateur,specific_preparation,conditioning,high_intensity_aerobic_power,acceleration;deceleration;rotational_power;upper_body_power;high_intensity_aerobic_power;repeated_high_intensity_ability;anaerobic_capacity;anaerobic_power,"ordinal evidence-informed retrieval weighting; athlete deficits, schedule, safety and external load may lower or omit a category",high_intensity_aerobic_power,1.0,repeated_high_intensity_ability,0.8,anaerobic_capacity,0.65,rotational_power,0.55,upper_body_power,0.55,acceleration,0.5,deceleration,0.5,anaerobic_power,0.5
boxing,format,amateur,competition,general_performance,high_intensity_aerobic_power,acceleration;deceleration;rotational_power;upper_body_power;shoulder_capacity;trunk_force_transfer;high_intensity_aerobic_power;repeated_high_intensity_ability,"ordinal evidence-informed retrieval weighting; athlete deficits, schedule, safety and external load may lower or omit a category",high_intensity_aerobic_power,0.75,rotational_power,0.45,upper_body_power,0.45,repeated_high_intensity_ability,0.45,shoulder_capacity,0.4,trunk_force_transfer,0.4,acceleration,0.35,deceleration,0.35
boxing,format,amateur,competition,strength_power,high_intensity_aerobic_power,acceleration;deceleration;rotational_power;upper_body_power;shoulder_capacity;trunk_force_transfer;high_intensity_aerobic_power;repeated_high_intensity_ability,"ordinal evidence-informed retrieval weighting; athlete deficits, schedule, safety and external load may lower or omit a category",high_intensity_aerobic_power,0.75,rotational_power,0.65,upper_body_power,0.65,repeated_high_intensity_ability,0.45,shoulder_capacity,0.4,trunk_force_transfer,0.4,acceleration,0.35,deceleration,0.35
boxing,format,amateur,competition,speed_movement,high_intensity_aerobic_power,acceleration;reactive_agility;deceleration;rotational_power;upper_body_power;shoulder_capacity;high_intensity_aerobic_power;repeated_high_intensity_ability,"ordinal evidence-informed retrieval weighting; athlete deficits, schedule, safety and external load may lower or omit a category",high_intensity_aerobic_power,0.75,acceleration,0.65,deceleration,0.6,reactive_agility,0.55,rotational_power,0.45,upper_body_power,0.45,repeated_high_intensity_ability,0.45,shoulder_capacity,0.4
boxing,format,amateur,competition,conditioning,high_intensity_aerobic_power,rotational_power;upper_body_power;shoulder_capacity;trunk_force_transfer;high_intensity_aerobic_power;repeated_high_intensity_ability;anaerobic_capacity;anaerobic_power,"ordinal evidence-informed retrieval weighting; athlete deficits, schedule, safety and external load may lower or omit a category",high_intensity_aerobic_power,1.0,repeated_high_intensity_ability,0.7,anaerobic_capacity,0.55,anaerobic_power,0.5,rotational_power,0.45,upper_body_power,0.45,shoulder_capacity,0.4,trunk_force_transfer,0.4
boxing,format,amateur,transition,general_performance,high_intensity_aerobic_power,acceleration;deceleration;rotational_power;upper_body_power;shoulder_capacity;trunk_force_transfer;neck_capacity;high_intensity_aerobic_power,"ordinal evidence-informed retrieval weighting; athlete deficits, schedule, safety and external load may lower or omit a category",high_intensity_aerobic_power,0.75,rotational_power,0.45,upper_body_power,0.45,shoulder_capacity,0.4,trunk_force_transfer,0.4,acceleration,0.35,deceleration,0.35,neck_capacity,0.35
boxing,format,amateur,transition,strength_power,high_intensity_aerobic_power,acceleration;deceleration;rotational_power;upper_body_power;shoulder_capacity;trunk_force_transfer;neck_capacity;high_intensity_aerobic_power,"ordinal evidence-informed retrieval weighting; athlete deficits, schedule, safety and external load may lower or omit a category",high_intensity_aerobic_power,0.75,rotational_power,0.65,upper_body_power,0.65,shoulder_capacity,0.4,trunk_force_transfer,0.4,acceleration,0.35,deceleration,0.35,neck_capacity,0.35
boxing,format,amateur,transition,speed_movement,high_intensity_aerobic_power,acceleration;reactive_agility;deceleration;rotational_power;upper_body_power;shoulder_capacity;trunk_force_transfer;high_intensity_aerobic_power,"ordinal evidence-informed retrieval weighting; athlete deficits, schedule, safety and external load may lower or omit a category",high_intensity_aerobic_power,0.75,acceleration,0.65,deceleration,0.6,reactive_agility,0.55,rotational_power,0.45,upper_body_power,0.45,shoulder_capacity,0.4,trunk_force_transfer,0.4
boxing,format,amateur,transition,conditioning,high_intensity_aerobic_power,rotational_power;upper_body_power;shoulder_capacity;trunk_force_transfer;high_intensity_aerobic_power;anaerobic_power;repeated_high_intensity_ability;anaerobic_capacity,"ordinal evidence-informed retrieval weighting; athlete deficits, schedule, safety and external load may lower or omit a category",high_intensity_aerobic_power,1.0,anaerobic_power,0.5,rotational_power,0.45,upper_body_power,0.45,repeated_high_intensity_ability,0.45,shoulder_capacity,0.4,trunk_force_transfer,0.4,anaerobic_capacity,0.4
boxing,format,professional,general_preparation,general_performance,repeated_high_intensity_ability,rotational_power;upper_body_power;neck_capacity;shoulder_capacity;trunk_force_transfer;repeated_high_intensity_ability;aerobic_capacity;high_intensity_aerobic_power,"ordinal evidence-informed retrieval weighting; athlete deficits, schedule, safety and external load may lower or omit a category",repeated_high_intensity_ability,0.75,aerobic_capacity,0.55,neck_capacity,0.5,rotational_power,0.45,upper_body_power,0.45,shoulder_capacity,0.45,trunk_force_transfer,0.45,high_intensity_aerobic_power,0.45
boxing,format,professional,general_preparation,strength_power,repeated_high_intensity_ability,rotational_power;upper_body_power;neck_capacity;shoulder_capacity;trunk_force_transfer;repeated_high_intensity_ability;aerobic_capacity;high_intensity_aerobic_power,"ordinal evidence-informed retrieval weighting; athlete deficits, schedule, safety and external load may lower or omit a category",repeated_high_intensity_ability,0.75,rotational_power,0.65,upper_body_power,0.65,aerobic_capacity,0.55,neck_capacity,0.5,shoulder_capacity,0.45,trunk_force_transfer,0.45,high_intensity_aerobic_power,0.45
boxing,format,professional,general_preparation,speed_movement,repeated_high_intensity_ability,acceleration;deceleration;rotational_power;upper_body_power;neck_capacity;shoulder_capacity;repeated_high_intensity_ability;aerobic_capacity,"ordinal evidence-informed retrieval weighting; athlete deficits, schedule, safety and external load may lower or omit a category",repeated_high_intensity_ability,0.75,acceleration,0.65,deceleration,0.6,aerobic_capacity,0.55,neck_capacity,0.5,rotational_power,0.45,upper_body_power,0.45,shoulder_capacity,0.45
boxing,format,professional,general_preparation,conditioning,repeated_high_intensity_ability,rotational_power;upper_body_power;neck_capacity;repeated_high_intensity_ability;aerobic_capacity;high_intensity_aerobic_power;anaerobic_capacity;threshold_capacity,"ordinal evidence-informed retrieval weighting; athlete deficits, schedule, safety and external load may lower or omit a category",repeated_high_intensity_ability,1.0,aerobic_capacity,0.85,high_intensity_aerobic_power,0.75,anaerobic_capacity,0.65,threshold_capacity,0.6,neck_capacity,0.5,rotational_power,0.45,upper_body_power,0.45
boxing,format,professional,specific_preparation,general_performance,repeated_high_intensity_ability,acceleration;deceleration;rotational_power;upper_body_power;neck_capacity;shoulder_capacity;repeated_high_intensity_ability;high_intensity_aerobic_power,"ordinal evidence-informed retrieval weighting; athlete deficits, schedule, safety and external load may lower or omit a category",repeated_high_intensity_ability,0.85,rotational_power,0.55,upper_body_power,0.55,high_intensity_aerobic_power,0.55,acceleration,0.5,deceleration,0.5,neck_capacity,0.45,shoulder_capacity,0.4
boxing,format,professional,specific_preparation,strength_power,repeated_high_intensity_ability,acceleration;deceleration;rotational_power;upper_body_power;neck_capacity;shoulder_capacity;repeated_high_intensity_ability;high_intensity_aerobic_power,"ordinal evidence-informed retrieval weighting; athlete deficits, schedule, safety and external load may lower or omit a category",repeated_high_intensity_ability,0.85,rotational_power,0.75,upper_body_power,0.75,high_intensity_aerobic_power,0.55,acceleration,0.5,deceleration,0.5,neck_capacity,0.45,shoulder_capacity,0.4
boxing,format,professional,specific_preparation,speed_movement,repeated_high_intensity_ability,acceleration;deceleration;rotational_power;upper_body_power;neck_capacity;shoulder_capacity;repeated_high_intensity_ability;high_intensity_aerobic_power,"ordinal evidence-informed retrieval weighting; athlete deficits, schedule, safety and external load may lower or omit a category",repeated_high_intensity_ability,0.85,acceleration,0.8,deceleration,0.75,rotational_power,0.55,upper_body_power,0.55,high_intensity_aerobic_power,0.55,neck_capacity,0.45,shoulder_capacity,0.4
boxing,format,professional,specific_preparation,conditioning,repeated_high_intensity_ability,acceleration;rotational_power;upper_body_power;repeated_high_intensity_ability;high_intensity_aerobic_power;aerobic_capacity;anaerobic_capacity;threshold_capacity,"ordinal evidence-informed retrieval weighting; athlete deficits, schedule, safety and external load may lower or omit a category",repeated_high_intensity_ability,1.0,high_intensity_aerobic_power,0.85,aerobic_capacity,0.7,anaerobic_capacity,0.65,threshold_capacity,0.6,rotational_power,0.55,upper_body_power,0.55,acceleration,0.5
boxing,format,professional,competition,general_performance,repeated_high_intensity_ability,rotational_power;upper_body_power;neck_capacity;shoulder_capacity;trunk_force_transfer;repeated_high_intensity_ability;high_intensity_aerobic_power;aerobic_capacity,"ordinal evidence-informed retrieval weighting; athlete deficits, schedule, safety and external load may lower or omit a category",repeated_high_intensity_ability,0.75,rotational_power,0.45,upper_body_power,0.45,neck_capacity,0.45,high_intensity_aerobic_power,0.45,shoulder_capacity,0.4,trunk_force_transfer,0.4,aerobic_capacity,0.4
boxing,format,professional,competition,strength_power,repeated_high_intensity_ability,rotational_power;upper_body_power;neck_capacity;shoulder_capacity;trunk_force_transfer;repeated_high_intensity_ability;high_intensity_aerobic_power;aerobic_capacity,"ordinal evidence-informed retrieval weighting; athlete deficits, schedule, safety and external load may lower or omit a category",repeated_high_intensity_ability,0.75,rotational_power,0.65,upper_body_power,0.65,neck_capacity,0.45,high_intensity_aerobic_power,0.45,shoulder_capacity,0.4,trunk_force_transfer,0.4,aerobic_capacity,0.4
boxing,format,professional,competition,speed_movement,repeated_high_intensity_ability,acceleration;deceleration;rotational_power;upper_body_power;neck_capacity;shoulder_capacity;repeated_high_intensity_ability;high_intensity_aerobic_power,"ordinal evidence-informed retrieval weighting; athlete deficits, schedule, safety and external load may lower or omit a category",repeated_high_intensity_ability,0.75,acceleration,0.65,deceleration,0.6,rotational_power,0.45,upper_body_power,0.45,neck_capacity,0.45,high_intensity_aerobic_power,0.45,shoulder_capacity,0.4
boxing,format,professional,competition,conditioning,repeated_high_intensity_ability,rotational_power;upper_body_power;neck_capacity;repeated_high_intensity_ability;high_intensity_aerobic_power;aerobic_capacity;threshold_capacity;anaerobic_capacity,"ordinal evidence-informed retrieval weighting; athlete deficits, schedule, safety and external load may lower or omit a category",repeated_high_intensity_ability,1.0,high_intensity_aerobic_power,0.75,aerobic_capacity,0.7,threshold_capacity,0.6,anaerobic_capacity,0.55,rotational_power,0.45,upper_body_power,0.45,neck_capacity,0.45
boxing,format,professional,transition,general_performance,aerobic_capacity,rotational_power;upper_body_power;neck_capacity;shoulder_capacity;trunk_force_transfer;aerobic_capacity;repeated_high_intensity_ability;high_intensity_aerobic_power,"ordinal evidence-informed retrieval weighting; athlete deficits, schedule, safety and external load may lower or omit a category",aerobic_capacity,0.5,repeated_high_intensity_ability,0.5,rotational_power,0.45,upper_body_power,0.45,neck_capacity,0.45,high_intensity_aerobic_power,0.45,shoulder_capacity,0.4,trunk_force_transfer,0.4
boxing,format,professional,transition,strength_power,rotational_power,rotational_power;upper_body_power;neck_capacity;shoulder_capacity;trunk_force_transfer;aerobic_capacity;repeated_high_intensity_ability;high_intensity_aerobic_power,"ordinal evidence-informed retrieval weighting; athlete deficits, schedule, safety and external load may lower or omit a category",rotational_power,0.65,upper_body_power,0.65,aerobic_capacity,0.5,repeated_high_intensity_ability,0.5,neck_capacity,0.45,high_intensity_aerobic_power,0.45,shoulder_capacity,0.4,trunk_force_transfer,0.4
boxing,format,professional,transition,speed_movement,acceleration,acceleration;deceleration;rotational_power;upper_body_power;neck_capacity;aerobic_capacity;repeated_high_intensity_ability;high_intensity_aerobic_power,"ordinal evidence-informed retrieval weighting; athlete deficits, schedule, safety and external load may lower or omit a category",acceleration,0.65,deceleration,0.6,aerobic_capacity,0.5,repeated_high_intensity_ability,0.5,rotational_power,0.45,upper_body_power,0.45,neck_capacity,0.45,high_intensity_aerobic_power,0.45
boxing,format,professional,transition,conditioning,aerobic_capacity,rotational_power;upper_body_power;neck_capacity;shoulder_capacity;aerobic_capacity;high_intensity_aerobic_power;repeated_high_intensity_ability;threshold_capacity,"ordinal evidence-informed retrieval weighting; athlete deficits, schedule, safety and external load may lower or omit a category",aerobic_capacity,0.8,high_intensity_aerobic_power,0.75,repeated_high_intensity_ability,0.75,threshold_capacity,0.6,rotational_power,0.45,upper_body_power,0.45,neck_capacity,0.45,shoulder_capacity,0.4
mma,format,three_round,general_preparation,general_performance,anaerobic_capacity,explosive_strength;maximum_strength;grip_capacity;neck_capacity;trunk_force_transfer;local_muscular_endurance;anaerobic_capacity;high_intensity_aerobic_power,"ordinal evidence-informed retrieval weighting; athlete deficits, schedule, safety and external load may lower or omit a category",anaerobic_capacity,0.7,explosive_strength,0.6,maximum_strength,0.6,local_muscular_endurance,0.5,grip_capacity,0.45,neck_capacity,0.45,trunk_force_transfer,0.45,high_intensity_aerobic_power,0.45
mma,format,three_round,general_preparation,strength_power,explosive_strength,explosive_strength;maximum_strength;grip_capacity;neck_capacity;trunk_force_transfer;local_muscular_endurance;anaerobic_capacity;high_intensity_aerobic_power,"ordinal evidence-informed retrieval weighting; athlete deficits, schedule, safety and external load may lower or omit a category",explosive_strength,0.9,maximum_strength,0.9,anaerobic_capacity,0.7,local_muscular_endurance,0.5,grip_capacity,0.45,neck_capacity,0.45,trunk_force_transfer,0.45,high_intensity_aerobic_power,0.45
mma,format,three_round,general_preparation,speed_movement,anaerobic_capacity,explosive_strength;maximum_strength;grip_capacity;neck_capacity;trunk_force_transfer;local_muscular_endurance;anaerobic_capacity;high_intensity_aerobic_power,"ordinal evidence-informed retrieval weighting; athlete deficits, schedule, safety and external load may lower or omit a category",anaerobic_capacity,0.7,explosive_strength,0.6,maximum_strength,0.6,local_muscular_endurance,0.5,grip_capacity,0.45,neck_capacity,0.45,trunk_force_transfer,0.45,high_intensity_aerobic_power,0.45
mma,format,three_round,general_preparation,conditioning,anaerobic_capacity,explosive_strength;maximum_strength;grip_capacity;local_muscular_endurance;anaerobic_capacity;high_intensity_aerobic_power;repeated_high_intensity_ability;anaerobic_power,"ordinal evidence-informed retrieval weighting; athlete deficits, schedule, safety and external load may lower or omit a category",anaerobic_capacity,0.95,high_intensity_aerobic_power,0.75,repeated_high_intensity_ability,0.7,explosive_strength,0.6,maximum_strength,0.6,local_muscular_endurance,0.5,anaerobic_power,0.5,grip_capacity,0.45
mma,format,three_round,specific_preparation,general_performance,explosive_strength,explosive_strength;maximum_strength;grip_capacity;neck_capacity;trunk_force_transfer;anaerobic_capacity;high_intensity_aerobic_power;repeated_high_intensity_ability,"ordinal evidence-informed retrieval weighting; athlete deficits, schedule, safety and external load may lower or omit a category",explosive_strength,0.75,anaerobic_capacity,0.7,high_intensity_aerobic_power,0.55,repeated_high_intensity_ability,0.55,maximum_strength,0.45,grip_capacity,0.4,neck_capacity,0.4,trunk_force_transfer,0.4
mma,format,three_round,specific_preparation,strength_power,explosive_strength,explosive_strength;maximum_strength;grip_capacity;neck_capacity;trunk_force_transfer;anaerobic_capacity;high_intensity_aerobic_power;repeated_high_intensity_ability,"ordinal evidence-informed retrieval weighting; athlete deficits, schedule, safety and external load may lower or omit a category",explosive_strength,1.0,maximum_strength,0.75,anaerobic_capacity,0.7,high_intensity_aerobic_power,0.55,repeated_high_intensity_ability,0.55,grip_capacity,0.4,neck_capacity,0.4,trunk_force_transfer,0.4
mma,format,three_round,specific_preparation,speed_movement,explosive_strength,explosive_strength;maximum_strength;grip_capacity;neck_capacity;trunk_force_transfer;anaerobic_capacity;high_intensity_aerobic_power;repeated_high_intensity_ability,"ordinal evidence-informed retrieval weighting; athlete deficits, schedule, safety and external load may lower or omit a category",explosive_strength,0.75,anaerobic_capacity,0.7,high_intensity_aerobic_power,0.55,repeated_high_intensity_ability,0.55,maximum_strength,0.45,grip_capacity,0.4,neck_capacity,0.4,trunk_force_transfer,0.4
mma,format,three_round,specific_preparation,conditioning,anaerobic_capacity,explosive_strength;maximum_strength;grip_capacity;neck_capacity;anaerobic_capacity;high_intensity_aerobic_power;repeated_high_intensity_ability;anaerobic_power,"ordinal evidence-informed retrieval weighting; athlete deficits, schedule, safety and external load may lower or omit a category",anaerobic_capacity,0.95,high_intensity_aerobic_power,0.85,repeated_high_intensity_ability,0.8,explosive_strength,0.75,anaerobic_power,0.5,maximum_strength,0.45,grip_capacity,0.4,neck_capacity,0.4
mma,format,three_round,competition,general_performance,explosive_strength,explosive_strength;maximum_strength;grip_capacity;neck_capacity;trunk_force_transfer;anaerobic_capacity;high_intensity_aerobic_power;repeated_high_intensity_ability,"ordinal evidence-informed retrieval weighting; athlete deficits, schedule, safety and external load may lower or omit a category",explosive_strength,0.6,anaerobic_capacity,0.6,high_intensity_aerobic_power,0.45,repeated_high_intensity_ability,0.45,grip_capacity,0.4,neck_capacity,0.4,trunk_force_transfer,0.4,maximum_strength,0.35
mma,format,three_round,competition,strength_power,explosive_strength,explosive_strength;maximum_strength;grip_capacity;neck_capacity;trunk_force_transfer;anaerobic_capacity;high_intensity_aerobic_power;repeated_high_intensity_ability,"ordinal evidence-informed retrieval weighting; athlete deficits, schedule, safety and external load may lower or omit a category",explosive_strength,0.9,maximum_strength,0.65,anaerobic_capacity,0.6,high_intensity_aerobic_power,0.45,repeated_high_intensity_ability,0.45,grip_capacity,0.4,neck_capacity,0.4,trunk_force_transfer,0.4
mma,format,three_round,competition,speed_movement,explosive_strength,explosive_strength;maximum_strength;grip_capacity;neck_capacity;trunk_force_transfer;anaerobic_capacity;high_intensity_aerobic_power;repeated_high_intensity_ability,"ordinal evidence-informed retrieval weighting; athlete deficits, schedule, safety and external load may lower or omit a category",explosive_strength,0.6,anaerobic_capacity,0.6,high_intensity_aerobic_power,0.45,repeated_high_intensity_ability,0.45,grip_capacity,0.4,neck_capacity,0.4,trunk_force_transfer,0.4,maximum_strength,0.35
mma,format,three_round,competition,conditioning,anaerobic_capacity,explosive_strength;grip_capacity;neck_capacity;trunk_force_transfer;anaerobic_capacity;high_intensity_aerobic_power;repeated_high_intensity_ability;anaerobic_power,"ordinal evidence-informed retrieval weighting; athlete deficits, schedule, safety and external load may lower or omit a category",anaerobic_capacity,0.85,high_intensity_aerobic_power,0.75,repeated_high_intensity_ability,0.7,explosive_strength,0.6,anaerobic_power,0.5,grip_capacity,0.4,neck_capacity,0.4,trunk_force_transfer,0.4
mma,format,three_round,transition,general_performance,explosive_strength,explosive_strength;maximum_strength;grip_capacity;neck_capacity;trunk_force_transfer;local_muscular_endurance;anaerobic_capacity;high_intensity_aerobic_power,"ordinal evidence-informed retrieval weighting; athlete deficits, schedule, safety and external load may lower or omit a category",explosive_strength,0.6,maximum_strength,0.45,anaerobic_capacity,0.45,high_intensity_aerobic_power,0.45,grip_capacity,0.4,neck_capacity,0.4,trunk_force_transfer,0.4,local_muscular_endurance,0.4
mma,format,three_round,transition,strength_power,explosive_strength,explosive_strength;maximum_strength;grip_capacity;neck_capacity;trunk_force_transfer;local_muscular_endurance;anaerobic_capacity;high_intensity_aerobic_power,"ordinal evidence-informed retrieval weighting; athlete deficits, schedule, safety and external load may lower or omit a category",explosive_strength,0.9,maximum_strength,0.75,anaerobic_capacity,0.45,high_intensity_aerobic_power,0.45,grip_capacity,0.4,neck_capacity,0.4,trunk_force_transfer,0.4,local_muscular_endurance,0.4
mma,format,three_round,transition,speed_movement,explosive_strength,explosive_strength;maximum_strength;grip_capacity;neck_capacity;trunk_force_transfer;local_muscular_endurance;anaerobic_capacity;high_intensity_aerobic_power,"ordinal evidence-informed retrieval weighting; athlete deficits, schedule, safety and external load may lower or omit a category",explosive_strength,0.6,maximum_strength,0.45,anaerobic_capacity,0.45,high_intensity_aerobic_power,0.45,grip_capacity,0.4,neck_capacity,0.4,trunk_force_transfer,0.4,local_muscular_endurance,0.4
mma,format,three_round,transition,conditioning,high_intensity_aerobic_power,explosive_strength;maximum_strength;grip_capacity;neck_capacity;high_intensity_aerobic_power;anaerobic_capacity;anaerobic_power;repeated_high_intensity_ability,"ordinal evidence-informed retrieval weighting; athlete deficits, schedule, safety and external load may lower or omit a category",high_intensity_aerobic_power,0.75,anaerobic_capacity,0.7,explosive_strength,0.6,anaerobic_power,0.5,maximum_strength,0.45,repeated_high_intensity_ability,0.45,grip_capacity,0.4,neck_capacity,0.4
mma,format,five_round,general_preparation,general_performance,repeated_high_intensity_ability,maximum_strength;grip_capacity;neck_capacity;trunk_force_transfer;local_muscular_endurance;repeated_high_intensity_ability;aerobic_capacity;high_intensity_aerobic_power,"ordinal evidence-informed retrieval weighting; athlete deficits, schedule, safety and external load may lower or omit a category",repeated_high_intensity_ability,0.75,maximum_strength,0.6,aerobic_capacity,0.55,local_muscular_endurance,0.5,grip_capacity,0.45,neck_capacity,0.45,trunk_force_transfer,0.45,high_intensity_aerobic_power,0.45
mma,format,five_round,general_preparation,strength_power,maximum_strength,explosive_strength;maximum_strength;grip_capacity;neck_capacity;trunk_force_transfer;local_muscular_endurance;repeated_high_intensity_ability;aerobic_capacity,"ordinal evidence-informed retrieval weighting; athlete deficits, schedule, safety and external load may lower or omit a category",maximum_strength,0.9,repeated_high_intensity_ability,0.75,explosive_strength,0.7,aerobic_capacity,0.55,local_muscular_endurance,0.5,grip_capacity,0.45,neck_capacity,0.45,trunk_force_transfer,0.45
mma,format,five_round,general_preparation,speed_movement,repeated_high_intensity_ability,maximum_strength;grip_capacity;neck_capacity;trunk_force_transfer;local_muscular_endurance;repeated_high_intensity_ability;aerobic_capacity;high_intensity_aerobic_power,"ordinal evidence-informed retrieval weighting; athlete deficits, schedule, safety and external load may lower or omit a category",repeated_high_intensity_ability,0.75,maximum_strength,0.6,aerobic_capacity,0.55,local_muscular_endurance,0.5,grip_capacity,0.45,neck_capacity,0.45,trunk_force_transfer,0.45,high_intensity_aerobic_power,0.45
mma,format,five_round,general_preparation,conditioning,repeated_high_intensity_ability,maximum_strength;grip_capacity;local_muscular_endurance;repeated_high_intensity_ability;aerobic_capacity;high_intensity_aerobic_power;anaerobic_capacity;threshold_capacity,"ordinal evidence-informed retrieval weighting; athlete deficits, schedule, safety and external load may lower or omit a category",repeated_high_intensity_ability,1.0,aerobic_capacity,0.85,high_intensity_aerobic_power,0.75,anaerobic_capacity,0.65,maximum_strength,0.6,threshold_capacity,0.6,local_muscular_endurance,0.5,grip_capacity,0.45
mma,format,five_round,specific_preparation,general_performance,repeated_high_intensity_ability,explosive_strength;maximum_strength;grip_capacity;neck_capacity;trunk_force_transfer;local_muscular_endurance;repeated_high_intensity_ability;high_intensity_aerobic_power,"ordinal evidence-informed retrieval weighting; athlete deficits, schedule, safety and external load may lower or omit a category",repeated_high_intensity_ability,0.85,explosive_strength,0.55,high_intensity_aerobic_power,0.55,maximum_strength,0.45,grip_capacity,0.4,neck_capacity,0.4,trunk_force_transfer,0.4,local_muscular_endurance,0.4
mma,format,five_round,specific_preparation,strength_power,explosive_strength,explosive_strength;maximum_strength;grip_capacity;neck_capacity;trunk_force_transfer;local_muscular_endurance;repeated_high_intensity_ability;high_intensity_aerobic_power,"ordinal evidence-informed retrieval weighting; athlete deficits, schedule, safety and external load may lower or omit a category",explosive_strength,0.85,repeated_high_intensity_ability,0.85,maximum_strength,0.75,high_intensity_aerobic_power,0.55,grip_capacity,0.4,neck_capacity,0.4,trunk_force_transfer,0.4,local_muscular_endurance,0.4
mma,format,five_round,specific_preparation,speed_movement,repeated_high_intensity_ability,explosive_strength;maximum_strength;grip_capacity;neck_capacity;trunk_force_transfer;local_muscular_endurance;repeated_high_intensity_ability;high_intensity_aerobic_power,"ordinal evidence-informed retrieval weighting; athlete deficits, schedule, safety and external load may lower or omit a category",repeated_high_intensity_ability,0.85,explosive_strength,0.55,high_intensity_aerobic_power,0.55,maximum_strength,0.45,grip_capacity,0.4,neck_capacity,0.4,trunk_force_transfer,0.4,local_muscular_endurance,0.4
mma,format,five_round,specific_preparation,conditioning,repeated_high_intensity_ability,explosive_strength;maximum_strength;grip_capacity;repeated_high_intensity_ability;high_intensity_aerobic_power;aerobic_capacity;anaerobic_capacity;threshold_capacity,"ordinal evidence-informed retrieval weighting; athlete deficits, schedule, safety and external load may lower or omit a category",repeated_high_intensity_ability,1.0,high_intensity_aerobic_power,0.85,aerobic_capacity,0.7,anaerobic_capacity,0.65,threshold_capacity,0.6,explosive_strength,0.55,maximum_strength,0.45,grip_capacity,0.4
mma,format,five_round,competition,general_performance,repeated_high_intensity_ability,explosive_strength;maximum_strength;grip_capacity;neck_capacity;trunk_force_transfer;repeated_high_intensity_ability;high_intensity_aerobic_power;aerobic_capacity,"ordinal evidence-informed retrieval weighting; athlete deficits, schedule, safety and external load may lower or omit a category",repeated_high_intensity_ability,0.75,high_intensity_aerobic_power,0.45,explosive_strength,0.4,grip_capacity,0.4,neck_capacity,0.4,trunk_force_transfer,0.4,aerobic_capacity,0.4,maximum_strength,0.35
mma,format,five_round,competition,strength_power,repeated_high_intensity_ability,explosive_strength;maximum_strength;grip_capacity;neck_capacity;trunk_force_transfer;repeated_high_intensity_ability;high_intensity_aerobic_power;aerobic_capacity,"ordinal evidence-informed retrieval weighting; athlete deficits, schedule, safety and external load may lower or omit a category",repeated_high_intensity_ability,0.75,explosive_strength,0.7,maximum_strength,0.65,high_intensity_aerobic_power,0.45,grip_capacity,0.4,neck_capacity,0.4,trunk_force_transfer,0.4,aerobic_capacity,0.4
mma,format,five_round,competition,speed_movement,repeated_high_intensity_ability,explosive_strength;maximum_strength;grip_capacity;neck_capacity;trunk_force_transfer;repeated_high_intensity_ability;high_intensity_aerobic_power;aerobic_capacity,"ordinal evidence-informed retrieval weighting; athlete deficits, schedule, safety and external load may lower or omit a category",repeated_high_intensity_ability,0.75,high_intensity_aerobic_power,0.45,explosive_strength,0.4,grip_capacity,0.4,neck_capacity,0.4,trunk_force_transfer,0.4,aerobic_capacity,0.4,maximum_strength,0.35
mma,format,five_round,competition,conditioning,repeated_high_intensity_ability,explosive_strength;grip_capacity;neck_capacity;repeated_high_intensity_ability;high_intensity_aerobic_power;aerobic_capacity;threshold_capacity;anaerobic_capacity,"ordinal evidence-informed retrieval weighting; athlete deficits, schedule, safety and external load may lower or omit a category",repeated_high_intensity_ability,1.0,high_intensity_aerobic_power,0.75,aerobic_capacity,0.7,threshold_capacity,0.6,anaerobic_capacity,0.55,explosive_strength,0.4,grip_capacity,0.4,neck_capacity,0.4
mma,format,five_round,transition,general_performance,aerobic_capacity,explosive_strength;maximum_strength;grip_capacity;neck_capacity;trunk_force_transfer;aerobic_capacity;repeated_high_intensity_ability;high_intensity_aerobic_power,"ordinal evidence-informed retrieval weighting; athlete deficits, schedule, safety and external load may lower or omit a category",aerobic_capacity,0.5,repeated_high_intensity_ability,0.5,maximum_strength,0.45,high_intensity_aerobic_power,0.45,explosive_strength,0.4,grip_capacity,0.4,neck_capacity,0.4,trunk_force_transfer,0.4
mma,format,five_round,transition,strength_power,maximum_strength,explosive_strength;maximum_strength;grip_capacity;neck_capacity;trunk_force_transfer;aerobic_capacity;repeated_high_intensity_ability;high_intensity_aerobic_power,"ordinal evidence-informed retrieval weighting; athlete deficits, schedule, safety and external load may lower or omit a category",maximum_strength,0.75,explosive_strength,0.7,aerobic_capacity,0.5,repeated_high_intensity_ability,0.5,high_intensity_aerobic_power,0.45,grip_capacity,0.4,neck_capacity,0.4,trunk_force_transfer,0.4
mma,format,five_round,transition,speed_movement,aerobic_capacity,explosive_strength;maximum_strength;grip_capacity;neck_capacity;trunk_force_transfer;aerobic_capacity;repeated_high_intensity_ability;high_intensity_aerobic_power,"ordinal evidence-informed retrieval weighting; athlete deficits, schedule, safety and external load may lower or omit a category",aerobic_capacity,0.5,repeated_high_intensity_ability,0.5,maximum_strength,0.45,high_intensity_aerobic_power,0.45,explosive_strength,0.4,grip_capacity,0.4,neck_capacity,0.4,trunk_force_transfer,0.4
mma,format,five_round,transition,conditioning,aerobic_capacity,explosive_strength;maximum_strength;grip_capacity;neck_capacity;aerobic_capacity;high_intensity_aerobic_power;repeated_high_intensity_ability;threshold_capacity,"ordinal evidence-informed retrieval weighting; athlete deficits, schedule, safety and external load may lower or omit a category",aerobic_capacity,0.8,high_intensity_aerobic_power,0.75,repeated_high_intensity_ability,0.75,threshold_capacity,0.6,maximum_strength,0.45,explosive_strength,0.4,grip_capacity,0.4,neck_capacity,0.4
