source_id,exercise_name,code,aliases,type,movement_pattern,primary_quality,secondary_qualities,training_role,primary_muscles,secondary_muscles,equipment,environments,minimum_level,technical_cost,impact_cost,fatigue_cost,supervision_required,dose_units,instructions,coaching_cues,common_mistakes,safety_stop_conditions,progressions,regressions,substitutions,catalogue_scope,generator_eligible,approval_status,approved_by,approval_scope
REV-001,Bodyweight Squat,bodyweight_squat,,exercise,squat,maximum_strength,mobility_preparation,primary,quadriceps;glutes,hamstrings;calves;trunk,bodyweight,field;gym;home,beginner,1,1,3,no,sets;repetitions;load_kg;percentage_1rm;effort_rpe;rir;tempo_seconds;recovery_seconds,Set feet around shoulder width. Sit back and down while keeping a controlled trunk position. Track knees over toes.,Set feet around shoulder width. Sit back and down while keeping a controlled trunk position. Track knees over toes.,Knees collapsing inward. Rounding the back. Shifting too far onto toes.,"Stop or modify if pain, dizziness, numbness, unexpected weakness, loss of balance, or loss of controlled technique occurs. Exercise-specific limits: Painful knee range without modification.",bulgarian_split_squat,,box_squat,general,yes,approved,Runlete founder,"Catalogue content and bounded generator selection; not medical diagnosis, rehabilitation or specialist certification"
EXT-001,Easy Mode-Specific Raise,easy_mode_specific_raise,,preparation_drill,cyclical_locomotion,mobility_preparation,recovery_capacity,preparation,whole_body,trunk;supporting musculature,mode_specific,field;gym;home;road;track;court;pool,beginner,1,1,1,no,sets;repetitions;duration_seconds;distance_m;effort_rpe;recovery_seconds,"Perform easy movement matching or supporting the coming session, gradually raising temperature without creating fatigue.","Easy rhythm. Breathe comfortably. Finish warmer, not tired.",Starting too hard. Turning the raise into conditioning. Using a mode that aggravates symptoms.,"Stop for pain, dizziness, chest pain, unusual breathlessness, neurological symptoms, loss of balance, acute illness, unsafe conditions, or clear loss of controlled technique.",,,,template_required_extension,yes,approved,Runlete founder,"Catalogue content and bounded generator selection; not medical diagnosis, rehabilitation or specialist certification"
REV-002,Goblet Squat,goblet_squat,,exercise,squat,maximum_strength,,primary,quadriceps;glutes,adductors;hamstrings;trunk;upper_back,dumbbells;kettlebell,field;gym;home,beginner,1,1,3,no,sets;repetitions;load_kg;percentage_1rm;effort_rpe;rir;tempo_seconds;recovery_seconds,Hold weight close to chest. Open knees with control. Keep chest tall.,Hold weight close to chest. Open knees with control. Keep chest tall.,Weight drifting away. Rounding into the bottom. Heels lifting.,"Stop or modify if pain, dizziness, numbness, unexpected weakness, loss of balance, or loss of controlled technique occurs. Exercise-specific limits: Grip or upper-body strength limits the legs. The athlete cannot maintain foot pressure. Load needs exceed available dumbbells.",barbell_front_squat;barbell_back_squat,,landmine_squat;belt_squat;box_squat,general,yes,approved,Runlete founder,"Catalogue content and bounded generator selection; not medical diagnosis, rehabilitation or specialist certification"
EXT-002,Snap-Down,snap_down,,deceleration_drill,bilateral_landing,landing_capacity,deceleration;trunk_force_transfer,preparation,quadriceps;glutes;calves,trunk;supporting musculature,bodyweight,field;gym;court;home,beginner,2,1,1,no,sets;repetitions;distance_m;approach_intensity_percent;recovery_seconds,"Rise tall, then rapidly lower into an athletic landing position and hold it under control.",Land quietly. Whole foot. Hips and knees share the stop.,Knees collapsing. Heels lifting. Chest folding. Failing to hold the finish.,"Stop for pain, dizziness, chest pain, unusual breathlessness, neurological symptoms, loss of balance, acute illness, unsafe conditions, or clear loss of controlled technique.",bilateral_jump_to_stick,bodyweight_squat,,template_required_extension,yes,approved,Runlete founder,"Catalogue content and bounded generator selection; not medical diagnosis, rehabilitation or specialist certification"
REV-003,Barbell Back Squat,barbell_back_squat,,exercise,squat,maximum_strength,trunk_force_transfer,primary,quadriceps;glutes,hamstrings;adductors;trunk,barbell;squat_rack;plates,gym,intermediate,3,1,3,yes,sets;repetitions;load_kg;percentage_1rm;effort_rpe;rir;tempo_seconds;recovery_seconds,Brace before descent. Sit between the hips. Keep knees tracking with toes.,Brace before descent. Sit between the hips. Keep knees tracking with toes.,Knees collapsing inward. Losing repeatable trunk position under load. Heels lifting.,"Stop or modify if pain, dizziness, numbness, unexpected weakness, loss of balance, or loss of controlled technique occurs. Exercise-specific limits: Uncontrolled lumbar flexion occurs. Acute hip, knee, or back pain is present. No safe rack or spotting setup is available.",,goblet_squat;box_squat;leg_press,safety_bar_squat;barbell_front_squat;belt_squat,general,yes,approved,Runlete founder,"Catalogue content and bounded generator selection; not medical diagnosis, rehabilitation or specialist certification"
EXT-003,Bilateral Jump and Stick,bilateral_jump_to_stick,,plyometric,bilateral_jump_landing,landing_capacity,vertical_power;deceleration,primary,quadriceps;glutes;calves,trunk;supporting musculature,soft_landing_surface,field;gym;court;home,beginner,2,2,2,no,sets;repetitions;contacts;distance_m;height_cm;intensity_percent;effort_rpe;recovery_seconds,"Jump vertically or slightly forward from two feet, land on two feet and hold the landing before resetting.",Quiet contact. Knees track. Freeze the landing.,Chasing height before control. Rebounding immediately. Stiff or asymmetric landing.,"Stop for pain, dizziness, chest pain, unusual breathlessness, neurological symptoms, loss of balance, acute illness, unsafe conditions, or clear loss of controlled technique.",drop_landing_to_stick,snap_down,drop_landing_to_stick;single_leg_land_and_stick,template_required_extension,yes,approved,Runlete founder,"Catalogue content and bounded generator selection; not medical diagnosis, rehabilitation or specialist certification"
REV-004,Barbell Front Squat,barbell_front_squat,,exercise,squat,maximum_strength,trunk_force_transfer,primary,quadriceps;glutes,upper_back;trunk;adductors;hamstrings,barbell;squat_rack;plates,gym,advanced,3,1,2,yes,sets;repetitions;load_kg;percentage_1rm;effort_rpe;rir;tempo_seconds;recovery_seconds,Elbows high. Ribs stacked over pelvis. Knees forward and out.,Elbows high. Ribs stacked over pelvis. Knees forward and out.,Elbows dropping. Bar rolling forward. Excessive wrist strain.,"Stop or modify if pain, dizziness, numbness, unexpected weakness, loss of balance, or loss of controlled technique occurs. Exercise-specific limits: Front rack cannot be held safely. Wrist, shoulder, or thoracic mobility blocks setup. Heavy loads cause torso collapse.",,goblet_squat;landmine_squat,safety_bar_squat;leg_press,general,yes,approved,Runlete founder,"Catalogue content and bounded generator selection; not medical diagnosis, rehabilitation or specialist certification"
EXT-004,Drop Landing to Stick,drop_landing_to_stick,,plyometric,bilateral_drop_landing,landing_capacity,deceleration;eccentric_capacity,primary,quadriceps;glutes;calves,trunk;supporting musculature,low_box;soft_landing_surface,field;gym;court,intermediate,3,3,2,yes,sets;repetitions;contacts;distance_m;height_cm;intensity_percent;effort_rpe;recovery_seconds,"Step—not jump—off a reviewed low box, land on two feet and stabilize before leaving the position.",Step off. Meet the floor. Hold the finish.,Jumping upward from the box. Excessive height. Collapsing or bouncing out of the landing.,"Stop for pain, dizziness, chest pain, unusual breathlessness, neurological symptoms, loss of balance, acute illness, unsafe conditions, or clear loss of controlled technique. Box height must be reviewed and must not increase unless repeated landing quality remains acceptable.",single_leg_land_and_stick,bilateral_jump_to_stick;snap_down,bilateral_jump_to_stick,template_required_extension,yes,approved,Runlete founder,"Catalogue content and bounded generator selection; not medical diagnosis, rehabilitation or specialist certification"
REV-005,Box Squat,box_squat,,exercise,squat,maximum_strength,recovery_capacity,primary,quadriceps;glutes,hamstrings;adductors;trunk,bench;barbell;dumbbells,gym,beginner,3,1,3,yes,sets;repetitions;load_kg;percentage_1rm;effort_rpe;rir;tempo_seconds;recovery_seconds,Reach back to the target. Stay braced on contact. Touch lightly then drive.,Reach back to the target. Stay braced on contact. Touch lightly then drive.,Relaxing on the box. Rocking backward to stand. Crashing into the target.,"Stop or modify if pain, dizziness, numbness, unexpected weakness, loss of balance, or loss of controlled technique occurs. Exercise-specific limits: The athlete cannot control the sit. The box causes pain or poor pelvic position. The goal requires full-depth free squatting now.",barbell_back_squat,leg_press,belt_squat;goblet_squat,general,yes,approved,Runlete founder,"Catalogue content and bounded generator selection; not medical diagnosis, rehabilitation or specialist certification"
EXT-005,Single-Leg Land and Stick,single_leg_land_and_stick,,plyometric,unilateral_landing,landing_capacity,deceleration,primary,quadriceps;glutes;calves,trunk;supporting musculature,soft_landing_surface,field;gym;court,intermediate,3,3,3,yes,sets;repetitions;contacts;distance_m;height_cm;intensity_percent;effort_rpe;recovery_seconds,"Use a small hop or step-off, land on one leg and hold alignment without the free foot touching down.","Own the landing. Hip, knee and foot aligned. Hold before resetting.",Too much displacement. Pelvis dropping. Knee collapsing. Reaching the free foot down immediately.,"Stop for pain, dizziness, chest pain, unusual breathlessness, neurological symptoms, loss of balance, acute illness, unsafe conditions, or clear loss of controlled technique.",,snap_down;bilateral_jump_to_stick,drop_landing_to_stick;bilateral_jump_to_stick,template_required_extension,yes,approved,Runlete founder,"Catalogue content and bounded generator selection; not medical diagnosis, rehabilitation or specialist certification"
REV-006,Safety Bar Squat,safety_bar_squat,,exercise,squat,maximum_strength,trunk_force_transfer,primary,quadriceps;glutes,upper_back;hamstrings;adductors;trunk,barbell;squat_rack;plates,gym,intermediate,3,1,3,yes,sets;repetitions;load_kg;percentage_1rm;effort_rpe;rir;tempo_seconds;recovery_seconds,Pull handles gently down. Keep upper back tall. Brace hard before unlocking knees.,Pull handles gently down. Keep upper back tall. Brace hard before unlocking knees.,Letting the bar fold the torso forward. Pulling handles so hard the ribs flare. Losing knee tracking.,"Stop or modify if pain, dizziness, numbness, unexpected weakness, loss of balance, or loss of controlled technique occurs. Exercise-specific limits: The bar cannot sit securely. Neck pressure is excessive. Torso position collapses repeatedly.",,goblet_squat;box_squat;leg_press,barbell_front_squat;belt_squat,general,yes,approved,Runlete founder,"Catalogue content and bounded generator selection; not medical diagnosis, rehabilitation or specialist certification"
EXT-006,Wall March,wall_march,,speed_drill,acceleration_posture,acceleration,mobility_preparation;trunk_force_transfer,preparation,hip_flexors;glutes;calves,trunk;supporting musculature,wall,field;gym;home;track;court,beginner,2,1,1,no,sets;repetitions;distance_m;duration_seconds;intensity_percent;recovery_seconds,Lean into a wall with a straight body line. Alternate controlled march positions while keeping the stance leg long and foot active.,Push the wall away. Ribcage and pelvis stacked. Switch without losing posture.,Bending at the waist. Reaching the foot forward. Collapsing through the ankle.,"Stop for pain, dizziness, chest pain, unusual breathlessness, neurological symptoms, loss of balance, acute illness, unsafe conditions, or clear loss of controlled technique.",wall_switch;falling_start_acceleration,,falling_start_acceleration;hill_acceleration,template_required_extension,yes,approved,Runlete founder,"Catalogue content and bounded generator selection; not medical diagnosis, rehabilitation or specialist certification"
REV-007,Belt Squat,belt_squat,,exercise,squat,maximum_strength,recovery_capacity,primary,quadriceps;glutes,adductors;hamstrings;calves;trunk,machine;plates,gym,intermediate,1,1,3,no,sets;repetitions;load_kg;percentage_1rm;effort_rpe;rir;tempo_seconds;recovery_seconds,Set belt low and secure. Use handles only for balance. Descend between the hips.,Set belt low and secure. Use handles only for balance. Descend between the hips.,Pulling with the handles. Letting the belt shift. Bouncing out of the bottom.,"Stop or modify if pain, dizziness, numbness, unexpected weakness, loss of balance, or loss of controlled technique occurs. Exercise-specific limits: The belt causes hip or groin pain. Machine setup cannot fit the athlete. The athlete relies on the handles to move the load.",barbell_back_squat,leg_press;goblet_squat,safety_bar_squat,general,yes,approved,Runlete founder,"Catalogue content and bounded generator selection; not medical diagnosis, rehabilitation or specialist certification"
EXT-007,Wall Switch,wall_switch,,speed_drill,acceleration_posture,acceleration,explosive_strength;trunk_force_transfer,preparation,hip_flexors;glutes;calves,trunk;supporting musculature,wall,field;gym;home;track;court,intermediate,3,1,2,no,sets;repetitions;distance_m;duration_seconds;intensity_percent;recovery_seconds,"From a wall acceleration position, rapidly exchange the thigh positions and regain a stable posture after each switch.","Strike and hold. Keep the body line. Fast exchange, stable finish.",Cycling the legs. Hips dropping. Foot landing ahead of the body.,"Stop for pain, dizziness, chest pain, unusual breathlessness, neurological symptoms, loss of balance, acute illness, unsafe conditions, or clear loss of controlled technique.",,wall_march,falling_start_acceleration,template_required_extension,yes,approved,Runlete founder,"Catalogue content and bounded generator selection; not medical diagnosis, rehabilitation or specialist certification"
EXT-008,A-Skip,a_skip,,speed_drill,upright_sprint_preparation,maximum_velocity,mobility_preparation;reactive_elastic_strength,preparation,hip_flexors;calves;glutes,trunk;supporting musculature,bodyweight,field;track;court,intermediate,3,2,2,no,sets;repetitions;distance_m;duration_seconds;intensity_percent;recovery_seconds,Skip forward with a rhythmic thigh lift and active downward foot strike beneath the body.,Tall posture. Step over and down. Rhythm before speed.,Reaching forward. Excessive backside action. Forcing height or speed without rhythm.,"Stop for pain, dizziness, chest pain, unusual breathlessness, neurological symptoms, loss of balance, acute illness, unsafe conditions, or clear loss of controlled technique. End high-speed work when speed or mechanics clearly deteriorate; use a safe unobstructed surface and adequate recovery.",wicket_run,a_march,progressive_build_up_run,template_required_extension,yes,approved,Runlete founder,"Catalogue content and bounded generator selection; not medical diagnosis, rehabilitation or specialist certification"
REV-008,Landmine Squat,landmine_squat,,exercise,squat,maximum_strength,trunk_force_transfer,primary,quadriceps;glutes,adductors;hamstrings;trunk;upper_back,barbell;landmine;plates,gym,beginner,3,1,3,yes,sets;repetitions;load_kg;percentage_1rm;effort_rpe;rir;tempo_seconds;recovery_seconds,Hold the sleeve close to sternum. Lean slightly into the arc. Keep feet planted.,Hold the sleeve close to sternum. Lean slightly into the arc. Keep feet planted.,Letting the bar drift away. Standing too far from the anchor. Turning it into an arm exercise.,"Stop or modify if pain, dizziness, numbness, unexpected weakness, loss of balance, or loss of controlled technique occurs. Exercise-specific limits: The landmine anchor is unstable. The athlete cannot control the bar path. Heavy bilateral strength is the main goal.",barbell_front_squat,leg_press,belt_squat;goblet_squat;box_squat,general,yes,approved,Runlete founder,"Catalogue content and bounded generator selection; not medical diagnosis, rehabilitation or specialist certification"
EXT-009,Falling-Start Acceleration,falling_start_acceleration,,speed_drill,linear_acceleration,acceleration,horizontal_power;explosive_strength,primary,glutes;quadriceps;hamstrings;calves,trunk;supporting musculature,bodyweight,field;track;court,beginner,2,2,3,no,sets;repetitions;distance_m;duration_seconds;intensity_percent;recovery_seconds,"Stand tall, lean forward as one unit until balance is lost, then project into a short acceleration without a false step.",Fall as one piece. Push back. Accelerate through the line.,Bending at the hips. Stepping backward first. Standing upright immediately.,"Stop for pain, dizziness, chest pain, unusual breathlessness, neurological symptoms, loss of balance, acute illness, unsafe conditions, or clear loss of controlled technique. End high-speed work when speed or mechanics clearly deteriorate; use a safe unobstructed surface and adequate recovery.",two_point_start_acceleration,wall_march,wall_march;hill_acceleration,template_required_extension,yes,approved,Runlete founder,"Catalogue content and bounded generator selection; not medical diagnosis, rehabilitation or specialist certification"
REV-009,Leg Press,leg_press,,exercise,squat,maximum_strength,,primary,quadriceps;glutes,hamstrings;adductors;calves,machine;plates,gym,beginner,1,1,3,no,sets;repetitions;load_kg;percentage_1rm;effort_rpe;rir;tempo_seconds;recovery_seconds,Set feet evenly. Keep hips on pad. Control the lowering.,Set feet evenly. Keep hips on pad. Control the lowering.,Excessive depth causing pelvis to tuck. Knees caving in. Using partial reps unintentionally.,"Stop or modify if pain, dizziness, numbness, unexpected weakness, loss of balance, or loss of controlled technique occurs. Exercise-specific limits: Lumbar rounding occurs at depth. Knee or hip symptoms worsen. The athlete cannot control the sled.",single_leg_leg_press;barbell_back_squat,,belt_squat;goblet_squat,general,yes,approved,Runlete founder,"Catalogue content and bounded generator selection; not medical diagnosis, rehabilitation or specialist certification"
REV-010,Single-Leg Leg Press,single_leg_leg_press,,exercise,unilateral_knee_and_hip_extension,maximum_strength,mobility_preparation,accessory,quadriceps;glutes,hamstrings;adductors;calves,machine;plates,gym,intermediate,1,1,3,no,sets;repetitions;load_kg;percentage_1rm;effort_rpe;rir;tempo_seconds;recovery_seconds,Center the working foot. Keep pelvis square. Track knee over toes.,Center the working foot. Keep pelvis square. Track knee over toes.,Rotating the hips. Letting knee drift across midline. Using too much depth for hip control.,"Stop or modify if pain, dizziness, numbness, unexpected weakness, loss of balance, or loss of controlled technique occurs. Exercise-specific limits: Pelvis shifts each rep. The athlete cannot control the sled one-sided. Single-leg knee pain increases.",bulgarian_split_squat,leg_press;dumbbell_split_squat,lateral_step_up;belt_squat;step_up,general,yes,approved,Runlete founder,"Catalogue content and bounded generator selection; not medical diagnosis, rehabilitation or specialist certification"
EXT-010,Two-Point-Start Acceleration,two_point_start_acceleration,,speed_drill,linear_acceleration,acceleration,horizontal_power;explosive_strength,primary,glutes;quadriceps;hamstrings;calves,trunk;supporting musculature,bodyweight,field;track;court,intermediate,3,2,3,no,sets;repetitions;distance_m;duration_seconds;intensity_percent;recovery_seconds,Use a staggered standing stance and accelerate through the prescribed distance with strong backward force and progressive rise.,"Push, do not reach. Project forward. Rise gradually.",Rocking before the start. Overstriding. Popping upright in the first steps.,"Stop for pain, dizziness, chest pain, unusual breathlessness, neurological symptoms, loss of balance, acute illness, unsafe conditions, or clear loss of controlled technique. End high-speed work when speed or mechanics clearly deteriorate; use a safe unobstructed surface and adequate recovery.",light_sled_acceleration,,falling_start_acceleration,template_required_extension,yes,approved,Runlete founder,"Catalogue content and bounded generator selection; not medical diagnosis, rehabilitation or specialist certification"
REV-011,Bulgarian Split Squat,bulgarian_split_squat,,exercise,split_squat,maximum_strength,mobility_preparation,primary,quadriceps;glutes,adductors;hamstrings;calves;trunk,dumbbells;kettlebell;barbell;bench_or_box,gym,intermediate,3,1,3,yes,sets;repetitions;load_kg;percentage_1rm;effort_rpe;rir;tempo_seconds;recovery_seconds,"Set a stable split stance with the rear foot supported at a comfortable height. Keep most pressure through the front foot. Lower under control, then drive through the front leg while the pelvis stays level.","Set a stable split stance with the rear foot supported at a comfortable height. Keep most pressure through the front foot. Lower under control, then drive through the front leg while the pelvis stays level.",Loading the rear foot heavily. Using a support height or stance that causes pelvic rotation. Adding load before balance and front-leg control are consistent.,"Stop or modify if pain, dizziness, numbness, unexpected weakness, loss of balance, or loss of controlled technique occurs. Exercise-specific limits: Use a lower support or standard split squat if rear-foot elevation causes knee, hip, or balance symptoms. Use external support when needed and stop for sharp or worsening pain.",,,reverse_lunge;step_up;single_leg_leg_press,general,yes,approved,Runlete founder,"Catalogue content and bounded generator selection; not medical diagnosis, rehabilitation or specialist certification"
EXT-011,Three-Point-Start Acceleration,three_point_start_acceleration,,speed_drill,linear_acceleration,acceleration,horizontal_power;explosive_strength,primary,glutes;quadriceps;hamstrings;calves,trunk;supporting musculature,track_or_safe_surface,field;track,advanced,4,2,4,yes,sets;repetitions;distance_m;duration_seconds;intensity_percent;recovery_seconds,Set a stable three-point stance and accelerate through the prescribed distance while maintaining projection and progressive rise.,Stable set. Push through the ground. Patient rise.,Unstable hand position. First step reaching. Rushing upright mechanics.,"Stop for pain, dizziness, chest pain, unusual breathlessness, neurological symptoms, loss of balance, acute illness, unsafe conditions, or clear loss of controlled technique. End high-speed work when speed or mechanics clearly deteriorate; use a safe unobstructed surface and adequate recovery.",,,light_sled_acceleration,template_required_extension,yes,approved,Runlete founder,"Catalogue content and bounded generator selection; not medical diagnosis, rehabilitation or specialist certification"
REV-012,Dumbbell Split Squat,dumbbell_split_squat,,exercise,lunge,maximum_strength,trunk_force_transfer,primary,quadriceps;glutes,hamstrings;adductors;calves;trunk,dumbbells;kettlebell,field;gym;home,beginner,1,1,3,no,sets;repetitions;load_kg;percentage_1rm;effort_rpe;rir;tempo_seconds;recovery_seconds,Set a long stable stance. Drop the back knee down. Keep front foot heavy.,Set a long stable stance. Drop the back knee down. Keep front foot heavy.,Too narrow a stance. Shifting weight to the rear leg. Front heel lifting.,"Stop or modify if pain, dizziness, numbness, unexpected weakness, loss of balance, or loss of controlled technique occurs. Exercise-specific limits: Hip flexor stretch on rear leg is painful. Balance prevents useful loading. Knee path cannot be controlled.",bulgarian_split_squat;reverse_lunge,,step_up;lateral_step_up;single_leg_leg_press,general,yes,approved,Runlete founder,"Catalogue content and bounded generator selection; not medical diagnosis, rehabilitation or specialist certification"
EXT-012,Light Resisted Sled Acceleration,light_sled_acceleration,,speed_drill,resisted_linear_acceleration,acceleration,horizontal_power;explosive_strength,primary,glutes;quadriceps;hamstrings;calves,trunk;supporting musculature,sled;harness;plates,field;track,intermediate,3,2,4,yes,sets;repetitions;distance_m;duration_seconds;intensity_percent;recovery_seconds;sled_load;velocity_decrement_percent,Attach a securely loaded sled and accelerate while preserving the intended acceleration pattern and prescribed velocity loss.,Push back. Keep rhythm. Resistance must not turn the run into a grind.,Excessive load. Shuffling steps. Rounded posture. Loose harness or unsafe lane.,"Stop for pain, dizziness, chest pain, unusual breathlessness, neurological symptoms, loss of balance, acute illness, unsafe conditions, or clear loss of controlled technique. End high-speed work when speed or mechanics clearly deteriorate; use a safe unobstructed surface and adequate recovery. Reduce resistance when acceleration mechanics or velocity fall outside the prescribed range.",,two_point_start_acceleration,hill_acceleration,template_required_extension,yes,approved,Runlete founder,"Catalogue content and bounded generator selection; not medical diagnosis, rehabilitation or specialist certification"
EXT-013,Progressive Build-Up Run,progressive_build_up_run,,speed_drill,upright_sprint_transition,maximum_velocity,acceleration;mobility_preparation,preparation,hamstrings;glutes;calves,trunk;supporting musculature,bodyweight,field;track,beginner,2,2,2,no,sets;repetitions;distance_m;duration_seconds;intensity_percent;recovery_seconds,"Increase speed smoothly across the prescribed build distance, reaching the target without straining or abrupt acceleration.","Smooth rise. Tall and relaxed. Finish fast, not forced.",Starting too fast. Tensing shoulders. Sprinting beyond the safe target.,"Stop for pain, dizziness, chest pain, unusual breathlessness, neurological symptoms, loss of balance, acute illness, unsafe conditions, or clear loss of controlled technique. End high-speed work when speed or mechanics clearly deteriorate; use a safe unobstructed surface and adequate recovery.",,,a_skip;flying_sprint,template_required_extension,yes,approved,Runlete founder,"Catalogue content and bounded generator selection; not medical diagnosis, rehabilitation or specialist certification"
REV-013,Reverse Lunge,reverse_lunge,,exercise,lunge,maximum_strength,trunk_force_transfer,primary,glutes;quadriceps,hamstrings;adductors;calves;trunk,dumbbells;kettlebell;barbell,gym,beginner,3,1,3,yes,sets;repetitions;load_kg;percentage_1rm;effort_rpe;rir;tempo_seconds;recovery_seconds,Step back quietly. Keep front foot rooted. Drop straight down.,Step back quietly. Keep front foot rooted. Drop straight down.,Pushing off the back leg too much. Front knee diving inward. Narrow tightrope stance.,"Stop or modify if pain, dizziness, numbness, unexpected weakness, loss of balance, or loss of controlled technique occurs. Exercise-specific limits: Balance is unsafe. Rear-foot stepping causes hip discomfort. The athlete cannot keep front foot stable.",walking_lunge;forward_lunge,dumbbell_split_squat,step_up;bulgarian_split_squat;lateral_step_up,general,yes,approved,Runlete founder,"Catalogue content and bounded generator selection; not medical diagnosis, rehabilitation or specialist certification"
EXT-014,Flying Sprint,flying_sprint,,speed_drill,maximum_velocity_sprinting,maximum_velocity,reactive_elastic_strength;speed_endurance,primary,hamstrings;glutes;calves,trunk;supporting musculature,cones;timing_gates_optional,field;track,intermediate,4,3,4,yes,sets;repetitions;distance_m;duration_seconds;intensity_percent;recovery_seconds;build_distance_m;fly_distance_m,"Build speed progressively, then maintain relaxed upright sprinting through the short flying zone before controlled deceleration.","Build, rise, fly. Tall hips. Fast and relaxed.",Inadequate build-up. Straining through the fly zone. Abrupt stopping after the line.,"Stop for pain, dizziness, chest pain, unusual breathlessness, neurological symptoms, loss of balance, acute illness, unsafe conditions, or clear loss of controlled technique. End high-speed work when speed or mechanics clearly deteriorate; use a safe unobstructed surface and adequate recovery.",,,wicket_run,template_required_extension,yes,approved,Runlete founder,"Catalogue content and bounded generator selection; not medical diagnosis, rehabilitation or specialist certification"
REV-014,Forward Lunge,forward_lunge,,exercise,lunge,maximum_strength,mobility_preparation,primary,quadriceps;glutes,hamstrings;adductors;calves;trunk,dumbbells;barbell;kettlebell,gym,intermediate,3,1,3,yes,sets;repetitions;load_kg;percentage_1rm;effort_rpe;rir;tempo_seconds;recovery_seconds,Step far enough to control the front shin. Lower under control. Keep pelvis level.,Step far enough to control the front shin. Lower under control. Keep pelvis level.,Short step causing heel lift. Front knee collapsing inward. Pushing mostly off the back leg.,"Stop or modify if pain, dizziness, numbness, unexpected weakness, loss of balance, or loss of controlled technique occurs. Exercise-specific limits: Anterior knee pain worsens. Balance is too limiting. The athlete cannot control landing.",,reverse_lunge;dumbbell_split_squat,step_up;single_leg_leg_press;bulgarian_split_squat,general,yes,approved,Runlete founder,"Catalogue content and bounded generator selection; not medical diagnosis, rehabilitation or specialist certification"
REV-015,Lateral Lunge,lateral_lunge,,exercise,lateral_lunge,maximum_strength,local_muscular_endurance;trunk_force_transfer,accessory,quadriceps;glutes;adductors,hamstrings;calves;trunk,dumbbells;kettlebell,field;gym;home,intermediate,1,1,3,no,sets;repetitions;load_kg;percentage_1rm;effort_rpe;rir;tempo_seconds;recovery_seconds,Step wide and sit into one hip. Keep trailing leg long. Track knee with toes.,Step wide and sit into one hip. Keep trailing leg long. Track knee with toes.,Collapsing the arch. Letting the working knee cave. Rounding to reach depth.,"Stop or modify if pain, dizziness, numbness, unexpected weakness, loss of balance, or loss of controlled technique occurs. Exercise-specific limits: Groin pain appears under stretch. The athlete lacks control in the side lunge. Balance and foot position are unsafe.",copenhagen_adduction,adductor_squeeze,reverse_lunge;lateral_step_up,general,yes,approved,Runlete founder,"Catalogue content and bounded generator selection; not medical diagnosis, rehabilitation or specialist certification"
EXT-015,Supervised Wicket Run,wicket_run,,speed_drill,upright_sprint_rhythm,maximum_velocity,reactive_elastic_strength;mobility_preparation,primary,hamstrings;glutes;calves,trunk;supporting musculature,wickets_or_mini_hurdles;measuring_tape,track;field,advanced,5,3,4,yes,sets;repetitions;distance_m;duration_seconds;intensity_percent;recovery_seconds;wicket_spacing_m,"Run through individually reviewed wicket spacing after a progressive build, maintaining rhythm without reaching for barriers.",Step over and down. Stay tall. Let spacing guide rhythm.,Using generic spacing. Reaching forward. Raising barriers. Continuing after rhythm breaks.,"Stop for pain, dizziness, chest pain, unusual breathlessness, neurological symptoms, loss of balance, acute illness, unsafe conditions, or clear loss of controlled technique. End high-speed work when speed or mechanics clearly deteriorate; use a safe unobstructed surface and adequate recovery. Wicket spacing and height require qualified setup; never guess spacing from body height alone.",,a_skip,flying_sprint,template_required_extension,yes,approved,Runlete founder,"Catalogue content and bounded generator selection; not medical diagnosis, rehabilitation or specialist certification"
EXT-016,Short Speed-Endurance Run,short_speed_endurance_run,,conditioning_modality,high_speed_running,speed_endurance,anaerobic_capacity;maximum_velocity,primary,whole_body,trunk;supporting musculature,cones;timing_gates_optional,field;track,intermediate,4,3,5,yes,sets;repetitions;duration_seconds;duration_minutes;distance_m;distance_km;intensity_system;pace;heart_rate_zone;power_watts;recovery_seconds;set_recovery_seconds,Run the prescribed high-speed distance with long recovery so each repetition remains a speed-quality effort rather than generic conditioning.,Fast and composed. Preserve mechanics. Recover fully.,Short recovery. Excessive repetitions. Treating declining runs as toughness work.,"Stop for pain, dizziness, chest pain, unusual breathlessness, neurological symptoms, loss of balance, acute illness, unsafe conditions, or clear loss of controlled technique. End high-speed work when speed or mechanics clearly deteriorate; use a safe unobstructed surface and adequate recovery.",,,long_sprint_endurance_run,template_required_extension,yes,approved,Runlete founder,"Catalogue content and bounded generator selection; not medical diagnosis, rehabilitation or specialist certification"
REV-016,Walking Lunge,walking_lunge,,exercise,traveling_lunge,maximum_strength,local_muscular_endurance,accessory,quadriceps;glutes,hamstrings;adductors;calves;trunk,dumbbells;kettlebell;barbell,gym,intermediate,3,1,3,yes,sets;repetitions;load_kg;percentage_1rm;effort_rpe;rir;tempo_seconds;recovery_seconds,Step into a stable lane. Control the back knee down. Drive through the lead leg.,Step into a stable lane. Control the back knee down. Drive through the lead leg.,Tightrope stepping. Bouncing off the back knee. Letting fatigue shorten range.,"Stop or modify if pain, dizziness, numbness, unexpected weakness, loss of balance, or loss of controlled technique occurs. Exercise-specific limits: The athlete cannot decelerate each step. Knee pain rises with repeated contacts. Crowded gym space makes travel unsafe.",,reverse_lunge;dumbbell_split_squat,step_up;single_leg_leg_press,general,yes,approved,Runlete founder,"Catalogue content and bounded generator selection; not medical diagnosis, rehabilitation or specialist certification"
EXT-017,Long Sprint-Endurance Run,long_sprint_endurance_run,,conditioning_modality,long_sprint_running,speed_endurance,anaerobic_capacity;anaerobic_power,primary,whole_body,trunk;supporting musculature,cones;timing_gates_optional,track;field,advanced,5,4,5,yes,sets;repetitions;duration_seconds;duration_minutes;distance_m;distance_km;intensity_system;pace;heart_rate_zone;power_watts;recovery_seconds;set_recovery_seconds,Complete the prescribed long sprint at high controlled intensity with extensive recovery and stop before mechanics become unsafe.,Commit to the target. Relax under fatigue. Full recovery.,Racing every repetition. Insufficient rest. Adding volume after severe output loss.,"Stop for pain, dizziness, chest pain, unusual breathlessness, neurological symptoms, loss of balance, acute illness, unsafe conditions, or clear loss of controlled technique. End high-speed work when speed or mechanics clearly deteriorate; use a safe unobstructed surface and adequate recovery.",,short_speed_endurance_run;maximal_short_sprint_repeats,short_speed_endurance_run,template_required_extension,yes,approved,Runlete founder,"Catalogue content and bounded generator selection; not medical diagnosis, rehabilitation or specialist certification"
REV-017,Step-Up,step_up,,exercise,step_up,maximum_strength,trunk_force_transfer,primary,quadriceps;glutes,hamstrings;adductors;calves;trunk,bench;dumbbells;kettlebell,gym;home,beginner,1,1,3,no,sets;repetitions;load_kg;percentage_1rm;effort_rpe;rir;tempo_seconds;recovery_seconds,Place the whole foot on the box. Lean only as needed. Drive through the lead leg.,Place the whole foot on the box. Lean only as needed. Drive through the lead leg.,Pushing off the floor leg. Box too high for control. Knee collapsing inward.,"Stop or modify if pain, dizziness, numbness, unexpected weakness, loss of balance, or loss of controlled technique occurs. Exercise-specific limits: The athlete cannot control the lowering. Box height forces hip shift. Balance is unsafe under load.",lateral_step_up;box_jump,,reverse_lunge;bulgarian_split_squat;single_leg_leg_press,general,yes,approved,Runlete founder,"Catalogue content and bounded generator selection; not medical diagnosis, rehabilitation or specialist certification"
REV-018,Lateral Step-Up,lateral_step_up,,exercise,lateral_step_up,maximum_strength,mobility_preparation,accessory,quadriceps;glutes,adductors;hamstrings;calves;trunk,bench;dumbbells;kettlebell,gym;home,intermediate,1,1,3,no,sets;repetitions;load_kg;percentage_1rm;effort_rpe;rir;tempo_seconds;recovery_seconds,Place the working foot fully on the box. Keep pelvis level. Drive through the box leg.,Place the working foot fully on the box. Keep pelvis level. Drive through the box leg.,Pushing off the floor leg. Letting knee cave inward. Rotating toward the box.,"Stop or modify if pain, dizziness, numbness, unexpected weakness, loss of balance, or loss of controlled technique occurs. Exercise-specific limits: Balance is unsafe. Box height causes hip hiking. Knee alignment cannot be maintained.",,step_up,single_leg_leg_press;reverse_lunge;lateral_lunge,general,yes,approved,Runlete founder,"Catalogue content and bounded generator selection; not medical diagnosis, rehabilitation or specialist certification"
EXT-018,Planned Linear Stop,planned_linear_stop,,deceleration_drill,linear_deceleration,deceleration,landing_capacity;eccentric_capacity,primary,quadriceps;glutes;calves,trunk;supporting musculature,cones,field;court;gym,beginner,2,2,2,no,sets;repetitions;distance_m;approach_intensity_percent;recovery_seconds,"Approach at the prescribed speed, lower the centre of mass and stop under control inside a generous marked zone.",Lower before the line. Use several braking steps. Finish balanced.,Stopping in one rigid step. Upright braking. Crossing feet or falling backward.,"Stop for pain, dizziness, chest pain, unusual breathlessness, neurological symptoms, loss of balance, acute illness, unsafe conditions, or clear loss of controlled technique.",progressive_speed_deceleration,,lateral_stop;progressive_speed_deceleration,template_required_extension,yes,approved,Runlete founder,"Catalogue content and bounded generator selection; not medical diagnosis, rehabilitation or specialist certification"
REV-019,Cossack Squat,cossack_squat,,mobility,lateral_lunge,mobility_range_capacity,mobility_preparation;adductor_capacity,preparation,quadriceps;glutes;adductors,hamstrings;calves;trunk,bodyweight,field;gym;home,intermediate,1,1,3,no,sets;repetitions;duration_seconds;range_of_motion;effort_rpe;recovery_seconds,Stand wider than shoulders. Bend one leg while keeping the other leg straight. Keep the squatting foot flat.,Stand wider than shoulders. Bend one leg while keeping the other leg straight. Keep the squatting foot flat.,Stance too narrow or too wide. Heel lifting on the bent leg. Collapsing through the trunk.,"Stop or modify if pain, dizziness, numbness, unexpected weakness, loss of balance, or loss of controlled technique occurs. Exercise-specific limits: Adductor or groin pain. Painful deep knee flexion.",,,lateral_lunge,general,yes,approved,Runlete founder,"Catalogue content and bounded generator selection; not medical diagnosis, rehabilitation or specialist certification"
EXT-019,Progressive-Speed Deceleration,progressive_speed_deceleration,,deceleration_drill,linear_deceleration,deceleration,eccentric_capacity;change_of_direction,primary,quadriceps;glutes;calves,trunk;supporting musculature,cones,field;court,intermediate,3,3,3,no,sets;repetitions;distance_m;approach_intensity_percent;recovery_seconds,Increase approach speed gradually across repetitions while stopping inside the prescribed zone with stable posture.,Speed rises only when the stop stays clean. Lower early. Own the finish.,Increasing speed and shortening zone together. Late braking. Continuing after control is lost.,"Stop for pain, dizziness, chest pain, unusual breathlessness, neurological symptoms, loss of balance, acute illness, unsafe conditions, or clear loss of controlled technique.",,,planned_linear_stop;lateral_stop,template_required_extension,yes,approved,Runlete founder,"Catalogue content and bounded generator selection; not medical diagnosis, rehabilitation or specialist certification"
EXT-020,Lateral Stop,lateral_stop,,deceleration_drill,lateral_deceleration,deceleration,lateral_power;adductor_capacity,primary,glutes;adductors;quadriceps,trunk;supporting musculature,cones,field;court;gym,intermediate,3,3,3,no,sets;repetitions;distance_m;approach_intensity_percent;recovery_seconds,Move laterally at the prescribed speed and use controlled steps to stop with the trunk and pelvis balanced over the base.,Sink into the hip. Foot under control. Finish square and balanced.,Foot planted too far outside. Knee collapse. Trunk falling away from the stop.,"Stop for pain, dizziness, chest pain, unusual breathlessness, neurological symptoms, loss of balance, acute illness, unsafe conditions, or clear loss of controlled technique.",,,planned_linear_stop,template_required_extension,yes,approved,Runlete founder,"Catalogue content and bounded generator selection; not medical diagnosis, rehabilitation or specialist certification"
REV-020,Trap Bar Deadlift,trap_bar_deadlift,,exercise,hinge,maximum_strength,explosive_strength;hamstring_capacity,primary,glutes;quadriceps;hamstrings,trunk;traps;grip;calves,barbell;plates,gym,intermediate,3,1,3,yes,sets;repetitions;load_kg;percentage_1rm;effort_rpe;rir;tempo_seconds;recovery_seconds,Stand centered in the bar. Brace before gripping hard. Push through the floor.,Stand centered in the bar. Brace before gripping hard. Push through the floor.,Starting off-center. Letting knees cave. Turning high handles into a partial pull unintentionally.,"Stop or modify if pain, dizziness, numbness, unexpected weakness, loss of balance, or loss of controlled technique occurs. Exercise-specific limits: Grip handles are uneven or unstable. The athlete cannot keep balance centered. The bar path encourages painful positions.",conventional_barbell_deadlift,kettlebell_deadlift,barbell_romanian_deadlift;leg_press,general,yes,approved,Runlete founder,"Catalogue content and bounded generator selection; not medical diagnosis, rehabilitation or specialist certification"
REV-021,Conventional Barbell Deadlift,conventional_barbell_deadlift,,exercise,hinge,maximum_strength,hamstring_capacity;trunk_force_transfer,primary,glutes;hamstrings;quadriceps,trunk;lats;traps;grip,barbell;plates,gym,advanced,3,1,2,yes,sets;repetitions;load_kg;percentage_1rm;effort_rpe;rir;tempo_seconds;recovery_seconds,Bar over midfoot. Pull slack out. Push the floor away.,Bar over midfoot. Pull slack out. Push the floor away.,Rounding before the bar leaves the floor. Bar drifting forward. Hips shooting up.,"Stop or modify if pain, dizziness, numbness, unexpected weakness, loss of balance, or loss of controlled technique occurs. Exercise-specific limits: Repeatable trunk position cannot be maintained. Hip hinge is not learned. Floor pulling causes symptoms.",,kettlebell_deadlift;trap_bar_deadlift;barbell_romanian_deadlift,trap_bar_deadlift,general,yes,approved,Runlete founder,"Catalogue content and bounded generator selection; not medical diagnosis, rehabilitation or specialist certification"
EXT-021,Planned 45-Degree Cut,planned_45_degree_cut,,change_of_direction_drill,shallow_angle_change_of_direction,change_of_direction,deceleration;acceleration,primary,glutes;quadriceps;adductors;calves,trunk;supporting musculature,cones,field;court,beginner,3,3,3,no,sets;repetitions;distance_m;approach_intensity_percent;cut_angle_degrees;recovery_seconds,"Approach a known marker, lower under control and redirect approximately 45 degrees before reaccelerating.",Brake before the cut. Plant under control. Push into the new line.,Cutting upright. Reaching the plant too far. Adding speed before control.,"Stop for pain, dizziness, chest pain, unusual breathlessness, neurological symptoms, loss of balance, acute illness, unsafe conditions, or clear loss of controlled technique.",,,planned_90_degree_cut;planned_180_degree_turn,template_required_extension,yes,approved,Runlete founder,"Catalogue content and bounded generator selection; not medical diagnosis, rehabilitation or specialist certification"
REV-022,Barbell Romanian Deadlift,barbell_romanian_deadlift,,exercise,hinge,hamstring_capacity,eccentric_capacity;maximum_strength,capacity,hamstrings;glutes,trunk;adductors;lats;traps;grip,barbell;plates,gym,intermediate,3,1,3,yes,sets;repetitions;load_kg;percentage_1rm;effort_rpe;rir;tempo_seconds;recovery_seconds,Soft knees. Push hips back. Keep bar close.,Soft knees. Push hips back. Keep bar close.,Squatting the movement. Rounding to reach lower. Letting bar drift forward.,"Stop or modify if pain, dizziness, numbness, unexpected weakness, loss of balance, or loss of controlled technique occurs. Exercise-specific limits: Back position cannot be maintained. Hamstring strain is acute. Grip limits target loading.",single_leg_romanian_deadlift,dumbbell_romanian_deadlift;kettlebell_deadlift,glute_biased_45_degree_back_extension,general,yes,approved,Runlete founder,"Catalogue content and bounded generator selection; not medical diagnosis, rehabilitation or specialist certification"
EXT-022,Planned 90-Degree Cut,planned_90_degree_cut,,change_of_direction_drill,right_angle_change_of_direction,change_of_direction,deceleration;lateral_power,primary,glutes;quadriceps;adductors;calves,trunk;supporting musculature,cones,field;court,intermediate,4,3,4,no,sets;repetitions;distance_m;approach_intensity_percent;cut_angle_degrees;recovery_seconds,"Approach a known marker, decelerate before the plant and redirect approximately 90 degrees with controlled trunk and foot position.",Brake first. Control the plant. Reaccelerate out.,Late braking. Excessively wide plant. Knee collapse or uncontrolled trunk lean.,"Stop for pain, dizziness, chest pain, unusual breathlessness, neurological symptoms, loss of balance, acute illness, unsafe conditions, or clear loss of controlled technique.",,,planned_45_degree_cut;planned_180_degree_turn,template_required_extension,yes,approved,Runlete founder,"Catalogue content and bounded generator selection; not medical diagnosis, rehabilitation or specialist certification"
REV-023,Dumbbell Romanian Deadlift,dumbbell_romanian_deadlift,,exercise,hinge,hamstring_capacity,eccentric_capacity;maximum_strength,capacity,hamstrings;glutes,trunk;adductors;traps;grip,dumbbells,field;gym;home,intermediate,1,1,2,no,sets;repetitions;load_kg;percentage_1rm;effort_rpe;rir;tempo_seconds;recovery_seconds,Let dumbbells slide near thighs. Hips back first. Keep shoulders packed.,Let dumbbells slide near thighs. Hips back first. Keep shoulders packed.,Reaching dumbbells away from legs. Overbending knees. Shrugging during reps.,"Stop or modify if pain, dizziness, numbness, unexpected weakness, loss of balance, or loss of controlled technique occurs. Exercise-specific limits: Grip fails before target muscles. Dumbbells force poor range. Back position cannot be controlled.",barbell_romanian_deadlift;single_leg_romanian_deadlift,kettlebell_deadlift,glute_biased_45_degree_back_extension,general,yes,approved,Runlete founder,"Catalogue content and bounded generator selection; not medical diagnosis, rehabilitation or specialist certification"
EXT-023,Planned 180-Degree Turn,planned_180_degree_turn,,change_of_direction_drill,reversal_change_of_direction,change_of_direction,deceleration;acceleration,primary,glutes;quadriceps;adductors;calves,trunk;supporting musculature,cones,field;court,advanced,4,4,4,yes,sets;repetitions;distance_m;approach_intensity_percent;cut_angle_degrees;recovery_seconds,"Approach the line, reduce speed, execute a reviewed 180-degree turn strategy and reaccelerate along the original path.",Arrive under control. Turn compactly. Drive out.,Overrunning the line. Upright turn. Twisting on a fixed foot without control.,"Stop for pain, dizziness, chest pain, unusual breathlessness, neurological symptoms, loss of balance, acute illness, unsafe conditions, or clear loss of controlled technique.",,,planned_multidirectional_sequence;planned_90_degree_cut,template_required_extension,yes,approved,Runlete founder,"Catalogue content and bounded generator selection; not medical diagnosis, rehabilitation or specialist certification"
EXT-024,Planned Multidirectional Sequence,planned_multidirectional_sequence,,change_of_direction_drill,multidirectional_change_of_direction,change_of_direction,deceleration;acceleration;lateral_power,primary,whole_body,trunk;supporting musculature,cones,field;court,advanced,5,4,5,yes,sets;repetitions;distance_m;approach_intensity_percent;cut_angle_degrees;recovery_seconds,Complete a pre-planned sequence of two or more direction changes while preserving braking quality at every cut.,Know the route. Win each brake. Accelerate between cuts.,Turning it into conditioning. Too many cuts. Losing technique after the first direction.,"Stop for pain, dizziness, chest pain, unusual breathlessness, neurological symptoms, loss of balance, acute illness, unsafe conditions, or clear loss of controlled technique.",,,planned_180_degree_turn;planned_90_degree_cut,template_required_extension,yes,approved,Runlete founder,"Catalogue content and bounded generator selection; not medical diagnosis, rehabilitation or specialist certification"
REV-024,Single-Leg Romanian Deadlift,single_leg_romanian_deadlift,,exercise,single_leg_hinge,maximum_strength,eccentric_capacity;hamstring_capacity;trunk_force_transfer,primary,hamstrings;glutes,adductors;trunk;tibialis_anterior,dumbbells;kettlebell,field;gym;home,advanced,3,1,2,yes,sets;repetitions;load_kg;percentage_1rm;effort_rpe;rir;tempo_seconds;recovery_seconds,Reach the free leg long. Square the hips. Keep knee softly bent.,Reach the free leg long. Square the hips. Keep knee softly bent.,Opening the pelvis. Reaching weight to the floor instead of hinging. Standing leg knee collapsing.,"Stop or modify if pain, dizziness, numbness, unexpected weakness, loss of balance, or loss of controlled technique occurs. Exercise-specific limits: Balance prevents target loading. The athlete cannot control hip rotation. Acute hamstring symptoms are present.",,dumbbell_romanian_deadlift,step_up;bulgarian_split_squat,general,yes,approved,Runlete founder,"Catalogue content and bounded generator selection; not medical diagnosis, rehabilitation or specialist certification"
REV-025,Kettlebell Deadlift,kettlebell_deadlift,,exercise,hinge,maximum_strength,hamstring_capacity,primary,glutes;hamstrings;trunk,adductors;lats;traps;grip,kettlebell,field;gym;home,beginner,1,1,3,no,sets;repetitions;load_kg;percentage_1rm;effort_rpe;rir;tempo_seconds;recovery_seconds,Stand over the bell. Hinge to the handle. Pack shoulders.,Stand over the bell. Hinge to the handle. Pack shoulders.,Squatting too much. Letting the bell drift forward. Rounding to reach the handle.,"Stop or modify if pain, dizziness, numbness, unexpected weakness, loss of balance, or loss of controlled technique occurs. Exercise-specific limits: The bell is too low for safe setup. The athlete cannot maintain repeatable trunk position. Grip prevents safe control.",trap_bar_deadlift;conventional_barbell_deadlift;barbell_romanian_deadlift,,dumbbell_romanian_deadlift,general,yes,approved,Runlete founder,"Catalogue content and bounded generator selection; not medical diagnosis, rehabilitation or specialist certification"
EXT-025,Single-Cue Reactive Cut,single_cue_reactive_cut,,reactive_agility_drill,single_choice_reactive_change,reactive_agility,change_of_direction,primary,whole_body,trunk;supporting musculature,cones;visual_or_audio_cue,field;court,beginner,3,3,3,yes,sets;repetitions;bout_duration_seconds;approach_intensity_percent;stimulus_type;choice_count;recovery_seconds,Respond to one clearly defined external cue by selecting between a small number of previously practiced movement options.,"See the cue, brake, then act. Quality before speed.",Guessing before the cue. Too many choices. Using reactive work before planned control.,"Stop for pain, dizziness, chest pain, unusual breathlessness, neurological symptoms, loss of balance, acute illness, unsafe conditions, or clear loss of controlled technique.",,,partner_mirror_drill;multi_choice_reactive_cut,template_required_extension,yes,approved,Runlete founder,"Catalogue content and bounded generator selection; not medical diagnosis, rehabilitation or specialist certification"
REV-026,Barbell Hip Thrust,barbell_hip_thrust,,exercise,hip_extension,maximum_strength,trunk_force_transfer,primary,glutes,hamstrings;adductors;trunk;quadriceps,barbell;bench;plates,gym,intermediate,3,1,3,yes,sets;repetitions;load_kg;percentage_1rm;effort_rpe;rir;tempo_seconds;recovery_seconds,Set upper back on bench. Tuck pelvis slightly. Drive through midfoot and heel.,Set upper back on bench. Tuck pelvis slightly. Drive through midfoot and heel.,Overarching the low back. Feet too far causing hamstring dominance. Bar rolling on hips.,"Stop or modify if pain, dizziness, numbness, unexpected weakness, loss of balance, or loss of controlled technique occurs. Exercise-specific limits: Bench setup is unstable. Hip pressure from bar is not manageable. The athlete cannot control pelvic position.",single_leg_hip_thrust,dumbbell_hip_thrust,glute_biased_45_degree_back_extension,general,yes,approved,Runlete founder,"Catalogue content and bounded generator selection; not medical diagnosis, rehabilitation or specialist certification"
EXT-026,Multi-Choice Reactive Cut,multi_choice_reactive_cut,,reactive_agility_drill,multi_choice_reactive_change,reactive_agility,change_of_direction,primary,whole_body,trunk;supporting musculature,cones;visual_or_audio_cue,field;court,advanced,5,4,5,yes,sets;repetitions;bout_duration_seconds;approach_intensity_percent;stimulus_type;choice_count;recovery_seconds,React to an unpredictable external cue selecting among multiple previously competent movement solutions.,Read first. Control the brake. Choose and go.,Artificially complex cues. Excessive duration. Technique collapse under uncertainty.,"Stop for pain, dizziness, chest pain, unusual breathlessness, neurological symptoms, loss of balance, acute illness, unsafe conditions, or clear loss of controlled technique.",,single_cue_reactive_cut,partner_mirror_drill,template_required_extension,yes,approved,Runlete founder,"Catalogue content and bounded generator selection; not medical diagnosis, rehabilitation or specialist certification"
REV-027,Dumbbell Hip Thrust,dumbbell_hip_thrust,,exercise,hip_extension,maximum_strength,recovery_capacity,primary,glutes,hamstrings;adductors;trunk,dumbbells;bench,gym;home,beginner,1,1,2,no,sets;repetitions;load_kg;percentage_1rm;effort_rpe;rir;tempo_seconds;recovery_seconds,Hold dumbbell steady. Keep chin tucked. Reach full hip extension.,Hold dumbbell steady. Keep chin tucked. Reach full hip extension.,Letting the dumbbell slide. Arching through the low back. Feet too close causing quad dominance.,"Stop or modify if pain, dizziness, numbness, unexpected weakness, loss of balance, or loss of controlled technique occurs. Exercise-specific limits: Dumbbell pressure is painful. Load is too awkward to secure. Bench height does not fit.",barbell_hip_thrust,,glute_biased_45_degree_back_extension,general,yes,approved,Runlete founder,"Catalogue content and bounded generator selection; not medical diagnosis, rehabilitation or specialist certification"
EXT-027,Partner Mirror Drill,partner_mirror_drill,,reactive_agility_drill,partner_reactive_lateral_movement,reactive_agility,deceleration;lateral_power,primary,whole_body,trunk;supporting musculature,partner;marked_area,field;court;gym,intermediate,4,3,4,yes,sets;repetitions;bout_duration_seconds;approach_intensity_percent;stimulus_type;choice_count;recovery_seconds,One athlete leads inside a bounded area while the other mirrors for a short timed bout; switch roles after full recovery.,Watch the hips. Stay balanced. Short quality bouts.,Area too large. Bouts becoming conditioning. Contact or unsafe deception.,"Stop for pain, dizziness, chest pain, unusual breathlessness, neurological symptoms, loss of balance, acute illness, unsafe conditions, or clear loss of controlled technique.",,,partner_chase_drill,template_required_extension,yes,approved,Runlete founder,"Catalogue content and bounded generator selection; not medical diagnosis, rehabilitation or specialist certification"
EXT-028,Partner Chase Drill,partner_chase_drill,,reactive_agility_drill,partner_reactive_chase,reactive_agility,acceleration;change_of_direction,primary,whole_body,trunk;supporting musculature,partner;marked_area,field;court,advanced,5,4,5,yes,sets;repetitions;bout_duration_seconds;approach_intensity_percent;stimulus_type;choice_count;recovery_seconds,"A leader initiates within a bounded area and the chaser responds, using a short non-contact chase with a clear stop boundary.","React, accelerate, stay under control. End at the boundary.",Contact. Long fatigue bouts. Unsafe closing speed or poor space.,"Stop for pain, dizziness, chest pain, unusual breathlessness, neurological symptoms, loss of balance, acute illness, unsafe conditions, or clear loss of controlled technique.",,single_cue_reactive_cut,multi_choice_reactive_cut,template_required_extension,yes,approved,Runlete founder,"Catalogue content and bounded generator selection; not medical diagnosis, rehabilitation or specialist certification"
REV-028,Single-Leg Hip Thrust,single_leg_hip_thrust,,exercise,single_leg_hip_extension,hamstring_capacity,trunk_force_transfer,capacity,glutes,hamstrings;adductors;trunk,bench;dumbbells,gym;home,advanced,3,1,2,yes,sets;repetitions;load_kg;percentage_1rm;effort_rpe;rir;tempo_seconds;recovery_seconds,Keep pelvis level. Drive through working foot. Tuck ribs down.,Keep pelvis level. Drive through working foot. Tuck ribs down.,Hip dropping or rotating. Using low-back extension. Foot too far away.,"Stop or modify if pain, dizziness, numbness, unexpected weakness, loss of balance, or loss of controlled technique occurs. Exercise-specific limits: Pelvis cannot stay level. Hamstring cramping dominates. Bench setup feels unstable.",,,glute_ham_raise;nordic_hamstring_curl,general,yes,approved,Runlete founder,"Catalogue content and bounded generator selection; not medical diagnosis, rehabilitation or specialist certification"
REV-029,Glute Bridge,glute_bridge,,exercise,hip_extension,hamstring_capacity,trunk_force_transfer,capacity,hip;glutes;trunk;hamstrings,deep_core;adductors;calves,mat,field;gym;home,beginner,1,1,2,no,sets;repetitions;load_kg;percentage_1rm;effort_rpe;rir;tempo_seconds;recovery_seconds,Set the feet at a comfortable distance. Lift the hips through a controlled range. Keep the rib cage and pelvis controlled while breathing.,Set the feet at a comfortable distance. Lift the hips through a controlled range. Keep the rib cage and pelvis controlled while breathing.,Overextending through the low back. Pushing mainly through the toes. Chasing a muscle burn instead of controlled loading.,"Stop or modify if pain, dizziness, numbness, unexpected weakness, loss of balance, or loss of controlled technique occurs. Exercise-specific limits: Use as a low-load hip-extension option, not a treatment or back-protection guarantee. Shorten range or change foot position if back, hip, hamstring, or knee symptoms increase.",,,assisted_nordic_hamstring_curl;dumbbell_romanian_deadlift,general,yes,approved,Runlete founder,"Catalogue content and bounded generator selection; not medical diagnosis, rehabilitation or specialist certification"
EXT-029,Split-Squat Yielding Hold,split_squat_yielding_hold,,isometric,split_squat_isometric,isometric_force_capacity,adductor_capacity;trunk_force_transfer,capacity,quadriceps;glutes;adductors,trunk;supporting musculature,dumbbells_optional,gym;home;field,beginner,2,1,3,no,sets;duration_seconds;effort_rpe;joint_position;recovery_seconds,Hold a stable split-squat position at the prescribed joint depth while maintaining even foot pressure and trunk control.,Own the position. Front foot flat. Breathe behind the brace.,Drifting forward. Back knee collapsing inward. Holding breath or changing depth.,"Stop for pain, dizziness, chest pain, unusual breathlessness, neurological symptoms, loss of balance, acute illness, unsafe conditions, or clear loss of controlled technique.",,,spanish_squat_hold,template_required_extension,yes,approved,Runlete founder,"Catalogue content and bounded generator selection; not medical diagnosis, rehabilitation or specialist certification"
REV-030,Nordic Hamstring Curl,nordic_hamstring_curl,,exercise,knee_flexion,hamstring_capacity,,capacity,hamstrings,calves;glutes;trunk,bench;cable_machine,gym,advanced,3,1,2,yes,sets;repetitions;load_kg;percentage_1rm;effort_rpe;rir;tempo_seconds;recovery_seconds,"Secure the ankles. Keep hips extended. Lower slowly with hamstrings controlling as long as possible, then use the hands to assist the return.","Secure the ankles. Keep hips extended. Lower slowly with hamstrings controlling as long as possible, then use the hands to assist the return.",Starting with excessive volume. Folding at the hips. Losing control and dropping abruptly.,"Stop or modify if pain, dizziness, numbness, unexpected weakness, loss of balance, or loss of controlled technique occurs. Exercise-specific limits: Begin with low volume or assistance and allow for delayed soreness. Modify for acute hamstring or knee pain and verify the anchor before every set.",,assisted_nordic_hamstring_curl,seated_leg_curl;slider_hamstring_curl;barbell_romanian_deadlift,general,yes,approved,Runlete founder,"Catalogue content and bounded generator selection; not medical diagnosis, rehabilitation or specialist certification"
EXT-030,Standing Calf-Raise Hold,standing_calf_raise_hold,,isometric,straight_knee_plantar_flexion_isometric,calf_soleus_capacity,isometric_force_capacity,capacity,gastrocnemius;soleus,trunk;supporting musculature,wall_support_optional;dumbbells_optional,gym;home;field,beginner,2,1,2,no,sets;duration_seconds;effort_rpe;joint_position;recovery_seconds,Rise onto the forefoot with the knee straight and hold the prescribed height without rolling to the outside of the foot.,Stay tall. Big toe pressure. Hold the same height.,Ankle rolling out. Heel dropping. Using painful end range.,"Stop for pain, dizziness, chest pain, unusual breathlessness, neurological symptoms, loss of balance, acute illness, unsafe conditions, or clear loss of controlled technique.",,,standing_calf_raise,template_required_extension,yes,approved,Runlete founder,"Catalogue content and bounded generator selection; not medical diagnosis, rehabilitation or specialist certification"
REV-031,Assisted Nordic Hamstring Curl,assisted_nordic_hamstring_curl,,exercise,knee_flexion,hamstring_capacity,,capacity,hamstrings,calves;glutes;trunk,resistance_band;cable_machine,gym,intermediate,1,1,2,no,sets;repetitions;load_kg;percentage_1rm;effort_rpe;rir;tempo_seconds;recovery_seconds,Use band or partner assistance sufficient to control the full lowering phase. Keep hips extended. Reduce assistance only when tempo stays consistent.,Use band or partner assistance sufficient to control the full lowering phase. Keep hips extended. Reduce assistance only when tempo stays consistent.,Using too little assistance. Folding at the hips. Relying on band recoil instead of hamstring control.,"Stop or modify if pain, dizziness, numbness, unexpected weakness, loss of balance, or loss of controlled technique occurs. Exercise-specific limits: Confirm the assistance anchor and recoil path. Start with conservative volume and modify for acute hamstring or knee symptoms.",nordic_hamstring_curl;glute_ham_raise,,seated_leg_curl;barbell_romanian_deadlift;slider_hamstring_curl,general,yes,approved,Runlete founder,"Catalogue content and bounded generator selection; not medical diagnosis, rehabilitation or specialist certification"
EXT-031,Bent-Knee Soleus Hold,bent_knee_soleus_hold,,isometric,bent_knee_plantar_flexion_isometric,calf_soleus_capacity,isometric_force_capacity,capacity,soleus;calves,trunk;supporting musculature,wall_support_optional;dumbbells_optional,gym;home;field,beginner,2,1,2,no,sets;duration_seconds;effort_rpe;joint_position;recovery_seconds,"Maintain a bent-knee stance, raise the heel and hold with the knee position and heel height unchanged.",Knee stays bent. Heel stays high. Pressure through the forefoot.,Straightening the knee. Heel drifting down. Foot rolling outward.,"Stop for pain, dizziness, chest pain, unusual breathlessness, neurological symptoms, loss of balance, acute illness, unsafe conditions, or clear loss of controlled technique.",,,seated_calf_raise,template_required_extension,yes,approved,Runlete founder,"Catalogue content and bounded generator selection; not medical diagnosis, rehabilitation or specialist certification"
EXT-032,Hamstring Bridge Hold,hamstring_bridge_hold,,isometric,hip_extension_knee_flexion_isometric,hamstring_capacity,isometric_force_capacity;trunk_force_transfer,capacity,hamstrings;glutes,trunk;supporting musculature,mat,gym;home;field,beginner,2,1,3,no,sets;duration_seconds;effort_rpe;joint_position;recovery_seconds,"Place heels at the prescribed distance, lift the hips and hold without arching the back or losing heel pressure.",Dig heels down. Hips level. Ribs controlled.,Cramping from excessive effort. Back arching. Hips dropping or feet slipping.,"Stop for pain, dizziness, chest pain, unusual breathlessness, neurological symptoms, loss of balance, acute illness, unsafe conditions, or clear loss of controlled technique.",,,slider_hamstring_curl,template_required_extension,yes,approved,Runlete founder,"Catalogue content and bounded generator selection; not medical diagnosis, rehabilitation or specialist certification"
REV-032,Slider Hamstring Curl,slider_hamstring_curl,,exercise,knee_flexion,hamstring_capacity,maximum_strength;local_muscular_endurance;trunk_force_transfer,capacity,hamstrings,glutes;calves;trunk,bodyweight,field;gym;home,intermediate,1,1,2,no,sets;repetitions;load_kg;percentage_1rm;effort_rpe;rir;tempo_seconds;recovery_seconds,Start in a bridge. Keep hips lifted while the heels slide away under control. Shorten the range before pelvic position or hamstring control is lost.,Start in a bridge. Keep hips lifted while the heels slide away under control. Shorten the range before pelvic position or hamstring control is lost.,Letting the hips drop. Extending the knees too quickly. Using a surface with unpredictable friction.,"Stop or modify if pain, dizziness, numbness, unexpected weakness, loss of balance, or loss of controlled technique occurs. Exercise-specific limits: Use a clear, consistent sliding surface. Reduce range or use bilateral reps if cramping, posterior-knee pain, or loss of hip control occurs.",nordic_hamstring_curl,,seated_leg_curl;barbell_romanian_deadlift;assisted_nordic_hamstring_curl,general,yes,approved,Runlete founder,"Catalogue content and bounded generator selection; not medical diagnosis, rehabilitation or specialist certification"
EXT-033,Overcoming Mid-Thigh Pull,overcoming_mid_thigh_pull,,isometric,hinge_overcoming_isometric,isometric_force_capacity,maximum_strength;explosive_strength,primary,glutes;quadriceps;hamstrings;trunk,trunk;supporting musculature,immovable_bar;power_rack;straps_optional,gym,intermediate,5,1,4,yes,sets;duration_seconds;effort_rpe;joint_position;recovery_seconds,"Set a securely fixed bar at the reviewed mid-thigh position, brace, ramp force and pull maximally against the immovable setup for the prescribed duration.",Set position first. Ramp hard. Push the floor and pull the bar.,Unsafe rack setup. Jerking before bracing. Changing joint position during the effort.,"Stop for pain, dizziness, chest pain, unusual breathlessness, neurological symptoms, loss of balance, acute illness, unsafe conditions, or clear loss of controlled technique. Requires a verified immovable setup, clear rack instructions and competent supervision.",,,overcoming_split_squat_push;spanish_squat_hold,template_required_extension,yes,approved,Runlete founder,"Catalogue content and bounded generator selection; not medical diagnosis, rehabilitation or specialist certification"
REV-033,Seated Leg Curl,seated_leg_curl,,exercise,knee_flexion,maximum_strength,local_muscular_endurance,primary,hamstrings,calves,machine,gym,beginner,1,1,2,no,sets;repetitions;load_kg;percentage_1rm;effort_rpe;rir;tempo_seconds;recovery_seconds,Set thigh pad snug. Keep hips back. Curl through full controlled range.,Set thigh pad snug. Keep hips back. Curl through full controlled range.,Hips sliding forward. Jerking the first rep. Partial range only.,"Stop or modify if pain, dizziness, numbness, unexpected weakness, loss of balance, or loss of controlled technique occurs. Exercise-specific limits: Align the machine axis with the knee as closely as the equipment permits. Use controlled knee flexion through a symptom-tolerant range and avoid abrupt load changes.",nordic_hamstring_curl,,slider_hamstring_curl;glute_ham_raise,general,yes,approved,Runlete founder,"Catalogue content and bounded generator selection; not medical diagnosis, rehabilitation or specialist certification"
REV-034,Leg Extension,leg_extension,,exercise,knee_extension,maximum_strength,,primary,quadriceps,,machine,gym,beginner,1,1,2,no,sets;repetitions;load_kg;percentage_1rm;effort_rpe;rir;tempo_seconds;recovery_seconds,Align machine axis with knee. Secure the thigh pad. Extend smoothly.,Align machine axis with knee. Secure the thigh pad. Extend smoothly.,Using momentum. Letting hips lift. Setting pad too high on the shin.,"Stop or modify if pain, dizziness, numbness, unexpected weakness, loss of balance, or loss of controlled technique occurs. Exercise-specific limits: Open-chain knee extension is painful. Machine alignment cannot be set correctly. Heavy lockout aggravates symptoms.",single_leg_leg_press,,leg_press,general,yes,approved,Runlete founder,"Catalogue content and bounded generator selection; not medical diagnosis, rehabilitation or specialist certification"
EXT-034,Overcoming Split-Squat Push,overcoming_split_squat_push,,isometric,split_squat_overcoming_isometric,isometric_force_capacity,maximum_strength;acceleration,primary,quadriceps;glutes;adductors,trunk;supporting musculature,immovable_bar;power_rack,gym,intermediate,5,1,4,yes,sets;duration_seconds;effort_rpe;joint_position;recovery_seconds,Assume a reviewed split stance beneath an immovable bar or support and push maximally without changing position.,Stable feet. Brace first. Push hard without rising.,Insecure setup. Painful joint angle. Shifting stance or twisting under effort.,"Stop for pain, dizziness, chest pain, unusual breathlessness, neurological symptoms, loss of balance, acute illness, unsafe conditions, or clear loss of controlled technique. Requires a secure immovable setup and reviewed joint position.",,,overcoming_mid_thigh_pull;spanish_squat_hold,template_required_extension,yes,approved,Runlete founder,"Catalogue content and bounded generator selection; not medical diagnosis, rehabilitation or specialist certification"
EXT-035,Run-Walk Intervals,run_walk_intervals,,conditioning_modality,intermittent_running,aerobic_capacity,recovery_capacity,primary,cardiorespiratory_system;whole_body,trunk;supporting musculature,timer;safe_route,road;track;field;treadmill,beginner,1,2,2,no,sets;repetitions;duration_seconds;duration_minutes;distance_m;distance_km;intensity_system;pace;heart_rate_zone;power_watts;recovery_seconds;set_recovery_seconds,"Alternate prescribed easy running and walking bouts, keeping effort conversational and finishing before form deteriorates.","Easy means easy. Walk early, not after failure. Keep the same safe route.",Running bouts too hard. Removing walk recoveries prematurely. Increasing duration and speed together.,"Stop for pain, dizziness, chest pain, unusual breathlessness, neurological symptoms, loss of balance, acute illness, unsafe conditions, or clear loss of controlled technique. End the interval set when output falls beyond the prescribed limit or the athlete cannot maintain the intended intensity domain.",,,easy_continuous_cycle;easy_continuous_run,template_required_extension,yes,approved,Runlete founder,"Catalogue content and bounded generator selection; not medical diagnosis, rehabilitation or specialist certification"
REV-035,Standing Calf Raise,standing_calf_raise,,exercise,calf_raise,calf_soleus_capacity,mobility_preparation;maximum_strength;local_muscular_endurance,capacity,calves;soleus,tibialis_anterior,machine;dumbbells;smith_machine,gym,beginner,1,1,2,no,sets;repetitions;load_kg;percentage_1rm;effort_rpe;rir;tempo_seconds;recovery_seconds,Use full stretch and full raise. Keep knees softly straight. Pause at the top.,Use full stretch and full raise. Keep knees softly straight. Pause at the top.,Bouncing from the Achilles. Partial range only. Rolling ankles outward.,"Stop or modify if pain, dizziness, numbness, unexpected weakness, loss of balance, or loss of controlled technique occurs. Exercise-specific limits: Achilles pain worsens. The athlete cannot control the bottom stretch. Balance is unsafe with free weights.",single_leg_calf_raise,,seated_calf_raise,general,yes,approved,Runlete founder,"Catalogue content and bounded generator selection; not medical diagnosis, rehabilitation or specialist certification"
EXT-036,Easy Continuous Run,easy_continuous_run,,conditioning_modality,continuous_running,aerobic_capacity,recovery_capacity,primary,cardiorespiratory_system;whole_body,trunk;supporting musculature,safe_route_or_treadmill,road;track;field;treadmill,beginner,1,2,2,no,sets;repetitions;duration_seconds;duration_minutes;distance_m;distance_km;intensity_system;pace;heart_rate_zone;power_watts;recovery_seconds;set_recovery_seconds,Run continuously at an easy talk-test or prescribed low-intensity zone on a safe route.,Relaxed rhythm. Full sentences. Finish with reserve.,Moderate-hard drift. Chasing pace in heat or hills. Extending duration despite pain.,"Stop for pain, dizziness, chest pain, unusual breathlessness, neurological symptoms, loss of balance, acute illness, unsafe conditions, or clear loss of controlled technique. End the interval set when output falls beyond the prescribed limit or the athlete cannot maintain the intended intensity domain.",,low_impact_recovery_session,run_walk_intervals,template_required_extension,yes,approved,Runlete founder,"Catalogue content and bounded generator selection; not medical diagnosis, rehabilitation or specialist certification"
REV-036,Seated Calf Raise,seated_calf_raise,,exercise,calf_raise,calf_soleus_capacity,mobility_preparation;maximum_strength;local_muscular_endurance,capacity,soleus,calves,machine;dumbbells;plates,gym,beginner,1,1,2,no,sets;repetitions;load_kg;percentage_1rm;effort_rpe;rir;tempo_seconds;recovery_seconds,Set knees around 90 degrees. Let heels drop with control. Raise through big toe and second toe.,Set knees around 90 degrees. Let heels drop with control. Raise through big toe and second toe.,Short range. Bouncing at the bottom. Feet turning out excessively.,"Stop or modify if pain, dizziness, numbness, unexpected weakness, loss of balance, or loss of controlled technique occurs. Exercise-specific limits: Machine pressure irritates knees. Achilles symptoms flare in stretch. The athlete cannot control ankle alignment.",,,tibialis_raise;standing_calf_raise;single_leg_calf_raise,general,yes,approved,Runlete founder,"Catalogue content and bounded generator selection; not medical diagnosis, rehabilitation or specialist certification"
EXT-037,Long Aerobic Run,long_aerobic_run,,conditioning_modality,long_continuous_running,aerobic_capacity,local_muscular_endurance;recovery_capacity,primary,cardiorespiratory_system;whole_body,trunk;supporting musculature,safe_route;hydration_as_needed,road;track;trail_supported,intermediate,2,3,4,no,sets;repetitions;duration_seconds;duration_minutes;distance_m;distance_km;intensity_system;pace;heart_rate_zone;power_watts;recovery_seconds;set_recovery_seconds,"Run at a controlled easy intensity for the prescribed duration, using an established history-based long-run progression.",Start easier than expected. Fuel and hydrate to plan. Keep late pace controlled.,"Large duration jump. Turning the finish into a race. Ignoring heat, terrain or fueling needs.","Stop for pain, dizziness, chest pain, unusual breathlessness, neurological symptoms, loss of balance, acute illness, unsafe conditions, or clear loss of controlled technique. End the interval set when output falls beyond the prescribed limit or the athlete cannot maintain the intended intensity domain. Long duration requires prior training history and environmental planning.",,,easy_continuous_cycle;easy_continuous_run,template_required_extension,yes,approved,Runlete founder,"Catalogue content and bounded generator selection; not medical diagnosis, rehabilitation or specialist certification"
REV-037,Single-Leg Calf Raise,single_leg_calf_raise,,exercise,single_leg_plantar_flexion,calf_soleus_capacity,mobility_preparation,capacity,calves;soleus,tibialis_anterior,bench;dumbbells,gym;home,intermediate,1,1,3,no,sets;repetitions;load_kg;percentage_1rm;effort_rpe;rir;tempo_seconds;recovery_seconds,Use support for balance if needed. Rise through the first two toes. Control the stretch.,Use support for balance if needed. Rise through the first two toes. Control the stretch.,Twisting the foot. Bouncing. Shrinking range as reps continue.,"Stop or modify if pain, dizziness, numbness, unexpected weakness, loss of balance, or loss of controlled technique occurs. Exercise-specific limits: Balance makes reps unsafe. Achilles symptoms flare. The athlete cannot maintain foot tripod.",,seated_calf_raise,tibialis_raise;standing_calf_raise,general,yes,approved,Runlete founder,"Catalogue content and bounded generator selection; not medical diagnosis, rehabilitation or specialist certification"
EXT-038,Steady/Tempo Run,steady_tempo_run,,conditioning_modality,continuous_moderate_running,threshold_capacity,aerobic_capacity,primary,cardiorespiratory_system;whole_body,trunk;supporting musculature,safe_route_or_treadmill,road;track;treadmill,beginner,2,2,3,no,sets;repetitions;duration_seconds;duration_minutes;distance_m;distance_km;intensity_system;pace;heart_rate_zone;power_watts;recovery_seconds;set_recovery_seconds,"Run continuously at a controlled steady intensity below all-out effort, using the prescribed RPE or validated pace anchor.",Controlled pressure. Even effort. Stop before racing.,Starting at threshold or faster. Pace chasing on hills. Unplanned progression to exhaustion.,"Stop for pain, dizziness, chest pain, unusual breathlessness, neurological symptoms, loss of balance, acute illness, unsafe conditions, or clear loss of controlled technique. End the interval set when output falls beyond the prescribed limit or the athlete cannot maintain the intended intensity domain.",,easy_continuous_run,cycling_threshold_intervals;threshold_run_intervals,template_required_extension,yes,approved,Runlete founder,"Catalogue content and bounded generator selection; not medical diagnosis, rehabilitation or specialist certification"
REV-038,Tibialis Raise,tibialis_raise,,exercise,ankle_dorsiflexion,calf_soleus_capacity,mobility_preparation,capacity,tibialis_anterior,toe_extensors,machine,gym,beginner,1,1,3,no,sets;repetitions;load_kg;percentage_1rm;effort_rpe;rir;tempo_seconds;recovery_seconds,Keep heels planted. Lift the forefoot through a controlled range. Pause briefly without rocking the whole body.,Keep heels planted. Lift the forefoot through a controlled range. Pause briefly without rocking the whole body.,Bouncing. Shifting the hips to create range. Progressing load faster than the front of the shin tolerates.,"Stop or modify if pain, dizziness, numbness, unexpected weakness, loss of balance, or loss of controlled technique occurs. Exercise-specific limits: Direct sport-injury prevention is not established. Progress volume gradually and modify for acute anterior-ankle pain or worsening shin symptoms.",single_leg_calf_raise;box_jump,seated_calf_raise,seated_calf_raise;standing_calf_raise,general,yes,approved,Runlete founder,"Catalogue content and bounded generator selection; not medical diagnosis, rehabilitation or specialist certification"
REV-039,Negative Push-Up,negative_push_up,,exercise,horizontal_push,maximum_strength,eccentric_capacity;trunk_force_transfer,primary,chest;triceps;anterior_deltoids,trunk;serratus_anterior,bodyweight,field;gym;home,beginner,1,1,3,no,sets;repetitions;load_kg;percentage_1rm;effort_rpe;rir;tempo_seconds;recovery_seconds,Start in a strong plank. Lower slower than a normal push-up. Keep elbows controlled and body tension high.,Start in a strong plank. Lower slower than a normal push-up. Keep elbows controlled and body tension high.,Dropping quickly to the floor. Letting hips sag. Losing elbow control.,"Stop or modify if pain, dizziness, numbness, unexpected weakness, loss of balance, or loss of controlled technique occurs. Exercise-specific limits: Shoulder pain at bottom range. Wrist pain without modification.",,,push_up,general,yes,approved,Runlete founder,"Catalogue content and bounded generator selection; not medical diagnosis, rehabilitation or specialist certification"
EXT-039,Threshold Running Intervals,threshold_run_intervals,,conditioning_modality,running_intervals,threshold_capacity,aerobic_capacity,primary,cardiorespiratory_system;whole_body,trunk;supporting musculature,timer;safe_route_or_track,road;track;treadmill,intermediate,2,3,4,no,sets;repetitions;duration_seconds;duration_minutes;distance_m;distance_km;intensity_system;pace;heart_rate_zone;power_watts;recovery_seconds;set_recovery_seconds,Complete controlled work intervals near the validated threshold anchor with prescribed easy recoveries and stable output.,"Settle early. Repeat, do not race. Keep the final interval comparable.",Using guessed pace as exact truth. First repetition too fast. Shortening recovery to increase difficulty.,"Stop for pain, dizziness, chest pain, unusual breathlessness, neurological symptoms, loss of balance, acute illness, unsafe conditions, or clear loss of controlled technique. End the interval set when output falls beyond the prescribed limit or the athlete cannot maintain the intended intensity domain.",,,cycling_threshold_intervals,template_required_extension,yes,approved,Runlete founder,"Catalogue content and bounded generator selection; not medical diagnosis, rehabilitation or specialist certification"
EXT-040,Long Aerobic-Power Intervals,long_aerobic_power_intervals,,conditioning_modality,long_high_intensity_intervals,high_intensity_aerobic_power,aerobic_capacity,primary,cardiorespiratory_system;whole_body,trunk;supporting musculature,timer;mode_specific_equipment,field;track;road;treadmill;gym,intermediate,2,3,4,no,sets;repetitions;duration_seconds;duration_minutes;distance_m;distance_km;intensity_system;pace;heart_rate_zone;power_watts;recovery_seconds;set_recovery_seconds,Perform 2–5 minute high-aerobic intervals at the prescribed mode-specific anchor with sufficient recovery to keep output inside range.,Hard but repeatable. Match the target. Protect the final interval.,All-out first repetition. Unregistered intensity anchor. Continuing through excessive output loss.,"Stop for pain, dizziness, chest pain, unusual breathlessness, neurological symptoms, loss of balance, acute illness, unsafe conditions, or clear loss of controlled technique. End the interval set when output falls beyond the prescribed limit or the athlete cannot maintain the intended intensity domain.",,,cycling_aerobic_power_intervals;shuttle_aerobic_power_intervals,template_required_extension,yes,approved,Runlete founder,"Catalogue content and bounded generator selection; not medical diagnosis, rehabilitation or specialist certification"
REV-040,Push-Up,push_up,,exercise,horizontal_push,maximum_strength,trunk_force_transfer,primary,chest;triceps;anterior_deltoids,trunk;serratus_anterior;quadriceps,bodyweight,field;gym;home,beginner,1,1,3,no,sets;repetitions;load_kg;percentage_1rm;effort_rpe;rir;tempo_seconds;recovery_seconds,Set hands around shoulder width and brace like a plank. Lower with control while keeping elbows close enough to stay strong. Keep the forearm close to vertical near the bottom.,Set hands around shoulder width and brace like a plank. Lower with control while keeping elbows close enough to stay strong. Keep the forearm close to vertical near the bottom.,Relying too much on shoulders. Letting the chest or hips collapse. Flaring elbows excessively.,"Stop or modify if pain, dizziness, numbness, unexpected weakness, loss of balance, or loss of controlled technique occurs. Exercise-specific limits: Painful shoulder range. Wrist pain without handles or incline option.",,,negative_push_up,general,yes,approved,Runlete founder,"Catalogue content and bounded generator selection; not medical diagnosis, rehabilitation or specialist certification"
REV-041,Dumbbell Floor Press,dumbbell_floor_press,,exercise,horizontal_push,maximum_strength,shoulder_capacity,primary,chest;triceps,shoulders;rotator_cuff,dumbbells,field;gym;home,beginner,1,1,3,no,sets;repetitions;load_kg;percentage_1rm;effort_rpe;rir;tempo_seconds;recovery_seconds,Start with upper arms on the floor and forearms vertical. Press dumbbells straight up without shrugging. Lower until triceps touch lightly before the next rep.,Start with upper arms on the floor and forearms vertical. Press dumbbells straight up without shrugging. Lower until triceps touch lightly before the next rep.,Resting completely between reps without tension. Letting elbows flare wide. Rolling wrists inward or outward under load.,"Stop or modify if pain, dizziness, numbness, unexpected weakness, loss of balance, or loss of controlled technique occurs. Exercise-specific limits: Getting up and down from the floor is not tolerated. Elbow contact with the floor is painful.",dumbbell_bench_press,,neutral_grip_dumbbell_bench_press;machine_chest_press;cable_chest_press,general,yes,approved,Runlete founder,"Catalogue content and bounded generator selection; not medical diagnosis, rehabilitation or specialist certification"
EXT-041,Short Aerobic-Power Intervals,short_aerobic_power_intervals,,conditioning_modality,short_high_intensity_intervals,high_intensity_aerobic_power,aerobic_capacity,primary,cardiorespiratory_system;whole_body,trunk;supporting musculature,timer;mode_specific_equipment,field;track;road;treadmill;gym,beginner,2,2,3,no,sets;repetitions;duration_seconds;duration_minutes;distance_m;distance_km;intensity_system;pace;heart_rate_zone;power_watts;recovery_seconds;set_recovery_seconds,"Repeat short hard bouts with prescribed recovery, accumulating high-aerobic work without turning every effort into a maximal sprint.",Hard and repeatable. Stay on the clock. Preserve movement quality.,Confusing with sprint training. Too little recovery. Adding repetitions after form or output fails.,"Stop for pain, dizziness, chest pain, unusual breathlessness, neurological symptoms, loss of balance, acute illness, unsafe conditions, or clear loss of controlled technique. End the interval set when output falls beyond the prescribed limit or the athlete cannot maintain the intended intensity domain.",,,cycling_aerobic_power_intervals;long_aerobic_power_intervals,template_required_extension,yes,approved,Runlete founder,"Catalogue content and bounded generator selection; not medical diagnosis, rehabilitation or specialist certification"
REV-042,Barbell Bench Press,barbell_bench_press,,exercise,horizontal_push,maximum_strength,,primary,chest;triceps;shoulders,lats;upper_back,barbell;bench;squat_rack;plates,gym,intermediate,3,1,3,yes,sets;repetitions;load_kg;percentage_1rm;effort_rpe;rir;tempo_seconds;recovery_seconds,Set shoulder blades down and back before unracking. Keep wrists stacked over elbows and press the bar in a controlled path. Use a stable foot position and maintain whole-body tension.,Set shoulder blades down and back before unracking. Keep wrists stacked over elbows and press the bar in a controlled path. Use a stable foot position and maintain whole-body tension.,Flaring elbows aggressively at the bottom. Losing scapular position or bouncing off the chest. Letting wrists fold back under load.,"Stop or modify if pain, dizziness, numbness, unexpected weakness, loss of balance, or loss of controlled technique occurs. Exercise-specific limits: Current chest, shoulder, elbow, or wrist pain that worsens with pressing. Inability to control the bottom position without compensation. No spotter or safety setup is available for challenging loads.",,dumbbell_bench_press;machine_chest_press,dumbbell_bench_press;machine_chest_press,general,yes,approved,Runlete founder,"Catalogue content and bounded generator selection; not medical diagnosis, rehabilitation or specialist certification"
EXT-042,Shuttle Aerobic-Power Intervals,shuttle_aerobic_power_intervals,,conditioning_modality,shuttle_running_intervals,high_intensity_aerobic_power,change_of_direction;repeated_high_intensity_ability,primary,cardiorespiratory_system;whole_body,trunk;supporting musculature,cones;timer,field;court,intermediate,3,3,4,no,sets;repetitions;duration_seconds;duration_minutes;distance_m;distance_km;intensity_system;pace;heart_rate_zone;power_watts;recovery_seconds;set_recovery_seconds,"Run prescribed shuttle bouts at controlled high-aerobic effort, using known turn technique and enough recovery to maintain the target.","Control the turns. Even work bouts. Conditioning, not max sprinting.",Too-sharp turns for level. Racing early. Ignoring accumulated COD load.,"Stop for pain, dizziness, chest pain, unusual breathlessness, neurological symptoms, loss of balance, acute illness, unsafe conditions, or clear loss of controlled technique. End the interval set when output falls beyond the prescribed limit or the athlete cannot maintain the intended intensity domain. Count direction-change load and do not use when braking competence or surface safety is inadequate.",,,cycling_aerobic_power_intervals;long_aerobic_power_intervals,template_required_extension,yes,approved,Runlete founder,"Catalogue content and bounded generator selection; not medical diagnosis, rehabilitation or specialist certification"
REV-043,Dumbbell Bench Press,dumbbell_bench_press,,exercise,horizontal_push,maximum_strength,shoulder_capacity,primary,chest;triceps;shoulders,rotator_cuff,dumbbells;bench,gym;home,intermediate,1,1,3,no,sets;repetitions;load_kg;percentage_1rm;effort_rpe;rir;tempo_seconds;recovery_seconds,Set the dumbbells over the elbows before the first rep. Lower until upper arms are controlled below or near torso level. Press without letting the dumbbells collide at the top.,Set the dumbbells over the elbows before the first rep. Lower until upper arms are controlled below or near torso level. Press without letting the dumbbells collide at the top.,Dropping too deep and losing shoulder position. Letting one dumbbell drift ahead of the other. Failing to control the setup and exit from the bench.,"Stop or modify if pain, dizziness, numbness, unexpected weakness, loss of balance, or loss of controlled technique occurs. Exercise-specific limits: Current chest, shoulder, elbow, or wrist pain that worsens with pressing. Inability to control the bottom position without compensation. The athlete cannot safely get dumbbells into position.",,machine_chest_press;dumbbell_floor_press,barbell_bench_press;cable_chest_press;machine_chest_press,general,yes,approved,Runlete founder,"Catalogue content and bounded generator selection; not medical diagnosis, rehabilitation or specialist certification"
EXT-043,Maximal Short Sprint Repeats,maximal_short_sprint_repeats,,conditioning_modality,maximal_short_efforts,anaerobic_power,acceleration;speed_endurance,primary,cardiorespiratory_system;whole_body,trunk;supporting musculature,timer;safe_lane,track;field;court;cycle_ergometer,intermediate,4,3,4,no,sets;repetitions;duration_seconds;duration_minutes;distance_m;distance_km;intensity_system;pace;heart_rate_zone;power_watts;recovery_seconds;set_recovery_seconds,"Perform very short maximal or near-maximal efforts with long recovery, ending the set before meaningful output decline.","Explode, then recover fully. Every repetition is quality.",Short recovery. Excess volume. Confusing power with fatigue tolerance.,"Stop for pain, dizziness, chest pain, unusual breathlessness, neurological symptoms, loss of balance, acute illness, unsafe conditions, or clear loss of controlled technique. End the interval set when output falls beyond the prescribed limit or the athlete cannot maintain the intended intensity domain.",,,cycling_sprint_repeats,template_required_extension,yes,approved,Runlete founder,"Catalogue content and bounded generator selection; not medical diagnosis, rehabilitation or specialist certification"
EXT-044,Anaerobic-Capacity Intervals,anaerobic_capacity_intervals,,conditioning_modality,severe_short_intervals,anaerobic_capacity,anaerobic_power,primary,cardiorespiratory_system;whole_body,trunk;supporting musculature,timer;mode_specific_equipment,track;field;gym;pool,beginner,3,3,5,no,sets;repetitions;duration_seconds;duration_minutes;distance_m;distance_km;intensity_system;pace;heart_rate_zone;power_watts;recovery_seconds;set_recovery_seconds,"Complete severe but bounded intervals with the prescribed work-to-recovery ratio, stopping when output loss exceeds the template limit.","Hard, controlled start. Respect recovery. Finish within the output boundary.",All-out pacing when not prescribed. Adding rounds after severe decline. Mixing with another hard conditioning block.,"Stop for pain, dizziness, chest pain, unusual breathlessness, neurological symptoms, loss of balance, acute illness, unsafe conditions, or clear loss of controlled technique. End the interval set when output falls beyond the prescribed limit or the athlete cannot maintain the intended intensity domain.",,steady_tempo_run,swimming_anaerobic_capacity_set,template_required_extension,yes,approved,Runlete founder,"Catalogue content and bounded generator selection; not medical diagnosis, rehabilitation or specialist certification"
REV-044,Incline Dumbbell Bench Press,incline_dumbbell_bench_press,,exercise,horizontal_push,maximum_strength,shoulder_capacity,primary,chest;shoulders;triceps,rotator_cuff,dumbbells;bench,gym;home,intermediate,1,1,2,no,sets;repetitions;load_kg;percentage_1rm;effort_rpe;rir;tempo_seconds;recovery_seconds,Use a moderate incline and set the shoulder blades against the pad. Lower dumbbells beside the upper chest under control. Press to a strong finish without losing rib position.,Use a moderate incline and set the shoulder blades against the pad. Lower dumbbells beside the upper chest under control. Press to a strong finish without losing rib position.,Using excessive bench angle. Letting the dumbbells drift too wide. Overarching the low back to finish reps.,"Stop or modify if pain, dizziness, numbness, unexpected weakness, loss of balance, or loss of controlled technique occurs. Exercise-specific limits: Current chest, shoulder, elbow, or wrist pain that worsens with pressing. Inability to control the bottom position without compensation. The athlete cannot stabilize dumbbells overhead of the chest.",,neutral_grip_dumbbell_bench_press;machine_chest_press,landmine_press;cable_chest_press,general,yes,approved,Runlete founder,"Catalogue content and bounded generator selection; not medical diagnosis, rehabilitation or specialist certification"
EXT-045,Linear Repeated-Sprint Protocol,linear_repeated_sprints,,conditioning_modality,repeated_linear_sprinting,repeated_sprint_ability,anaerobic_power;speed_endurance,primary,cardiorespiratory_system;whole_body,trunk;supporting musculature,cones;timer,field;track;court,beginner,3,3,5,no,sets;repetitions;duration_seconds;duration_minutes;distance_m;distance_km;intensity_system;pace;heart_rate_zone;power_watts;recovery_seconds;set_recovery_seconds,"Complete short linear sprints separated by incomplete but prescribed recovery, with full set recovery and a defined output-loss limit.","Fast repeats, controlled set. Hit the line. Stop at the loss limit.",Starting without sprint competence. No output criterion. Turning every conditioning session into RSA.,"Stop for pain, dizziness, chest pain, unusual breathlessness, neurological symptoms, loss of balance, acute illness, unsafe conditions, or clear loss of controlled technique. End the interval set when output falls beyond the prescribed limit or the athlete cannot maintain the intended intensity domain.",,,cod_repeated_sprints,template_required_extension,yes,approved,Runlete founder,"Catalogue content and bounded generator selection; not medical diagnosis, rehabilitation or specialist certification"
REV-045,Neutral-Grip Dumbbell Bench Press,neutral_grip_dumbbell_bench_press,,exercise,horizontal_push,maximum_strength,,primary,chest;triceps,shoulders;rotator_cuff,dumbbells;bench,gym;home,beginner,1,1,3,no,sets;repetitions;load_kg;percentage_1rm;effort_rpe;rir;tempo_seconds;recovery_seconds,Keep palms facing each other throughout the rep. Track elbows about 30 to 45 degrees from the torso. Finish with arms long without overreaching the shoulders.,Keep palms facing each other throughout the rep. Track elbows about 30 to 45 degrees from the torso. Finish with arms long without overreaching the shoulders.,Letting dumbbells rotate into an unstable grip. Pressing too narrow and losing chest contribution. Shrugging at the top.,"Stop or modify if pain, dizziness, numbness, unexpected weakness, loss of balance, or loss of controlled technique occurs. Exercise-specific limits: Current chest, shoulder, elbow, or wrist pain that worsens with pressing. Inability to control the bottom position without compensation.",dumbbell_bench_press,,dumbbell_floor_press;machine_chest_press;cable_chest_press,general,yes,approved,Runlete founder,"Catalogue content and bounded generator selection; not medical diagnosis, rehabilitation or specialist certification"
REV-046,Barbell Overhead Press,barbell_overhead_press,,exercise,vertical_push,maximum_strength,shoulder_capacity;trunk_force_transfer,primary,shoulders;triceps,traps;trunk,barbell;squat_rack;plates,gym,intermediate,3,1,2,yes,sets;repetitions;load_kg;percentage_1rm;effort_rpe;rir;tempo_seconds;recovery_seconds,Brace ribs down before the press. Press slightly back so the load finishes over mid-foot. Keep forearms vertical and avoid shrugging early.,Brace ribs down before the press. Press slightly back so the load finishes over mid-foot. Keep forearms vertical and avoid shrugging early.,Leaning back to turn the lift into an incline press. Pressing around the head instead of moving the head through. Losing rib and pelvis position near lockout.,"Stop or modify if pain, dizziness, numbness, unexpected weakness, loss of balance, or loss of controlled technique occurs. Exercise-specific limits: Overhead range is painful or limited. The athlete cannot press without lumbar extension. Recent shoulder irritation is aggravated by vertical pressing.",push_press,dumbbell_shoulder_press;landmine_press;machine_shoulder_press,dumbbell_shoulder_press;landmine_press;machine_shoulder_press,general,yes,approved,Runlete founder,"Catalogue content and bounded generator selection; not medical diagnosis, rehabilitation or specialist certification"
EXT-046,COD Repeated-Sprint Protocol,cod_repeated_sprints,,conditioning_modality,repeated_change_of_direction_sprinting,repeated_sprint_ability,change_of_direction;deceleration,primary,cardiorespiratory_system;whole_body,trunk;supporting musculature,cones;timer,field;court,intermediate,4,4,5,no,sets;repetitions;duration_seconds;duration_minutes;distance_m;distance_km;intensity_system;pace;heart_rate_zone;power_watts;recovery_seconds;set_recovery_seconds,"Repeat short sprints containing a previously competent planned turn, using prescribed incomplete recovery and full set recovery.","Sprint, control the turn, reaccelerate. Keep every cut recognizable.",Using unfamiliar cuts. Excessive angles or distance. Ignoring COD and sprint load together.,"Stop for pain, dizziness, chest pain, unusual breathlessness, neurological symptoms, loss of balance, acute illness, unsafe conditions, or clear loss of controlled technique. End the interval set when output falls beyond the prescribed limit or the athlete cannot maintain the intended intensity domain. Requires planned COD competence and a safe surface.",,linear_repeated_sprints,linear_repeated_sprints,template_required_extension,yes,approved,Runlete founder,"Catalogue content and bounded generator selection; not medical diagnosis, rehabilitation or specialist certification"
REV-047,Dumbbell Shoulder Press,dumbbell_shoulder_press,,exercise,vertical_push,maximum_strength,shoulder_capacity,primary,shoulders;triceps,traps;rotator_cuff,dumbbells,field;gym;home,intermediate,1,1,3,no,sets;repetitions;load_kg;percentage_1rm;effort_rpe;rir;tempo_seconds;recovery_seconds,Start dumbbells near shoulder height with forearms vertical. Brace and press to a balanced overhead finish. Lower under control without crashing into the shoulders.,Start dumbbells near shoulder height with forearms vertical. Brace and press to a balanced overhead finish. Lower under control without crashing into the shoulders.,Letting dumbbells drift forward. Overarching to complete reps. Pressing from wrists that are bent backward.,"Stop or modify if pain, dizziness, numbness, unexpected weakness, loss of balance, or loss of controlled technique occurs. Exercise-specific limits: Overhead range is painful. The athlete cannot stabilize dumbbells above the shoulder.",barbell_overhead_press,machine_shoulder_press;landmine_press,landmine_press;machine_shoulder_press,general,yes,approved,Runlete founder,"Catalogue content and bounded generator selection; not medical diagnosis, rehabilitation or specialist certification"
EXT-047,Repeated High-Intensity Cluster,repeated_high_intensity_cluster,,conditioning_modality,mixed_repeated_high_intensity,repeated_high_intensity_ability,anaerobic_capacity;local_muscular_endurance,primary,cardiorespiratory_system;whole_body,trunk;supporting musculature,cones;medicine_ball_optional;sled_optional,field;court;gym,beginner,4,3,5,no,sets;repetitions;duration_seconds;duration_minutes;distance_m;distance_km;intensity_system;pace;heart_rate_zone;power_watts;recovery_seconds;set_recovery_seconds,"Repeat a fixed nontechnical cluster of approved locomotor or loaded efforts with defined work, transition, recovery and output criteria.",Same actions every round. Smooth transitions. Stop before technique unravels.,Random circuits. Adding sport skills. Too many exercises or unbounded fatigue.,"Stop for pain, dizziness, chest pain, unusual breathlessness, neurological symptoms, loss of balance, acute illness, unsafe conditions, or clear loss of controlled technique. End the interval set when output falls beyond the prescribed limit or the athlete cannot maintain the intended intensity domain.",,,,template_required_extension,yes,approved,Runlete founder,"Catalogue content and bounded generator selection; not medical diagnosis, rehabilitation or specialist certification"
EXT-048,Easy Continuous Cycling,easy_continuous_cycle,,conditioning_modality,continuous_cycling,aerobic_capacity,recovery_capacity,primary,cardiorespiratory_system;whole_body,trunk;supporting musculature,bicycle_or_cycle_ergometer,road;gym;home,beginner,1,1,2,no,sets;repetitions;duration_seconds;duration_minutes;distance_m;distance_km;intensity_system;pace;heart_rate_zone;power_watts;recovery_seconds;set_recovery_seconds,Cycle continuously at easy talk-test or prescribed low-intensity power/heart-rate range with comfortable cadence.,Easy pressure. Smooth cadence. Finish fresher than hard work.,Grinding a heavy gear. Intensity drift. Unsafe road conditions.,"Stop for pain, dizziness, chest pain, unusual breathlessness, neurological symptoms, loss of balance, acute illness, unsafe conditions, or clear loss of controlled technique. End the interval set when output falls beyond the prescribed limit or the athlete cannot maintain the intended intensity domain.",easy_continuous_run,low_impact_recovery_session,easy_continuous_run;run_walk_intervals,template_required_extension,yes,approved,Runlete founder,"Catalogue content and bounded generator selection; not medical diagnosis, rehabilitation or specialist certification"
REV-048,Half-Kneeling Landmine Press,half_kneeling_landmine_press,,exercise,diagonal_push,maximum_strength,trunk_force_transfer;shoulder_capacity,accessory,shoulders;triceps;chest,obliques;glutes,barbell;landmine;plates,gym,intermediate,3,1,2,yes,sets;repetitions;load_kg;percentage_1rm;effort_rpe;rir;tempo_seconds;recovery_seconds,Set the down-knee side glute and keep ribs stacked over pelvis. Press the bar without rotating away from it. Finish tall with the biceps near the ear line.,Set the down-knee side glute and keep ribs stacked over pelvis. Press the bar without rotating away from it. Finish tall with the biceps near the ear line.,Arching the back to finish the rep. Letting the front knee cave or hips shift. Pressing across the body instead of along the bar.,"Stop or modify if pain, dizziness, numbness, unexpected weakness, loss of balance, or loss of controlled technique occurs. Exercise-specific limits: Kneeling position bothers the knee or hip. The athlete cannot maintain stacked ribs and pelvis.",,landmine_press;machine_shoulder_press,dumbbell_shoulder_press;landmine_press;barbell_overhead_press,general,yes,approved,Runlete founder,"Catalogue content and bounded generator selection; not medical diagnosis, rehabilitation or specialist certification"
EXT-049,Cycling Threshold Intervals,cycling_threshold_intervals,,conditioning_modality,cycling_intervals,threshold_capacity,aerobic_capacity,primary,cardiorespiratory_system;whole_body,trunk;supporting musculature,bicycle_or_cycle_ergometer;power_meter_optional,road;gym;home,intermediate,2,1,4,no,sets;repetitions;duration_seconds;duration_minutes;distance_m;distance_km;intensity_system;pace;heart_rate_zone;power_watts;recovery_seconds;set_recovery_seconds,Complete controlled cycling intervals near the validated threshold anchor with prescribed easy spinning recovery.,"Even power. Sustainable cadence. Repeat, do not time-trial the first interval.",Using FTP estimate without validation. Power spikes. Recovery resistance too high.,"Stop for pain, dizziness, chest pain, unusual breathlessness, neurological symptoms, loss of balance, acute illness, unsafe conditions, or clear loss of controlled technique. End the interval set when output falls beyond the prescribed limit or the athlete cannot maintain the intended intensity domain.",,,threshold_run_intervals,template_required_extension,yes,approved,Runlete founder,"Catalogue content and bounded generator selection; not medical diagnosis, rehabilitation or specialist certification"
REV-049,Landmine Press,landmine_press,,exercise,diagonal_push,maximum_strength,shoulder_capacity,accessory,shoulders;chest;triceps,traps;trunk,barbell;landmine;plates,gym,beginner,3,1,2,yes,sets;repetitions;load_kg;percentage_1rm;effort_rpe;rir;tempo_seconds;recovery_seconds,Stand tall with the bar close to the shoulder. Press up and forward along the bar path. Let the shoulder blade rotate upward without shrugging excessively.,Stand tall with the bar close to the shoulder. Press up and forward along the bar path. Let the shoulder blade rotate upward without shrugging excessively.,Turning the press into a chest shove with torso lean. Overarching the low back at lockout. Starting with the elbow flared away from the bar.,"Stop or modify if pain, dizziness, numbness, unexpected weakness, loss of balance, or loss of controlled technique occurs. Exercise-specific limits: The angled path still creates shoulder pinching. The athlete cannot brace against lumbar extension.",half_kneeling_landmine_press;barbell_overhead_press,machine_shoulder_press,half_kneeling_landmine_press;dumbbell_shoulder_press;cable_chest_press,general,yes,approved,Runlete founder,"Catalogue content and bounded generator selection; not medical diagnosis, rehabilitation or specialist certification"
EXT-050,Cycling Aerobic-Power Intervals,cycling_aerobic_power_intervals,,conditioning_modality,high_intensity_cycling_intervals,high_intensity_aerobic_power,aerobic_capacity,primary,cardiorespiratory_system;whole_body,trunk;supporting musculature,cycle_ergometer_or_bicycle;power_meter_optional,road;gym;home,intermediate,2,1,4,no,sets;repetitions;duration_seconds;duration_minutes;distance_m;distance_km;intensity_system;pace;heart_rate_zone;power_watts;recovery_seconds;set_recovery_seconds,"Perform high-aerobic cycling intervals at the prescribed power, heart-rate or RPE anchor with controlled cadence and recovery.",Hard and repeatable. Hold cadence. Keep output inside range.,All-out first bout. Low-cadence grinding unless prescribed. Continuing after excessive power loss.,"Stop for pain, dizziness, chest pain, unusual breathlessness, neurological symptoms, loss of balance, acute illness, unsafe conditions, or clear loss of controlled technique. End the interval set when output falls beyond the prescribed limit or the athlete cannot maintain the intended intensity domain.",,steady_tempo_run,swimming_aerobic_power_intervals,template_required_extension,yes,approved,Runlete founder,"Catalogue content and bounded generator selection; not medical diagnosis, rehabilitation or specialist certification"
REV-050,Machine Chest Press,machine_chest_press,,exercise,horizontal_push,maximum_strength,,primary,chest;triceps;shoulders,,machine,gym,beginner,1,1,3,no,sets;repetitions;load_kg;percentage_1rm;effort_rpe;rir;tempo_seconds;recovery_seconds,Adjust the seat so handles start around mid-chest. Keep shoulder blades against the pad. Press evenly through both handles and control the return.,Adjust the seat so handles start around mid-chest. Keep shoulder blades against the pad. Press evenly through both handles and control the return.,Setting the handles too far behind the torso. Letting shoulders round forward at the start. Locking out aggressively and losing tension.,"Stop or modify if pain, dizziness, numbness, unexpected weakness, loss of balance, or loss of controlled technique occurs. Exercise-specific limits: Machine dimensions do not fit the athlete. The fixed handle path irritates the shoulder or wrist.",dumbbell_bench_press;barbell_bench_press,,dumbbell_bench_press;cable_chest_press,general,yes,approved,Runlete founder,"Catalogue content and bounded generator selection; not medical diagnosis, rehabilitation or specialist certification"
EXT-051,Cycling Sprint Repeats,cycling_sprint_repeats,,conditioning_modality,maximal_cycling_sprints,anaerobic_power,anaerobic_capacity,primary,cardiorespiratory_system;whole_body,trunk;supporting musculature,cycle_ergometer_or_bicycle,road;track;gym;home,beginner,3,1,4,no,sets;repetitions;duration_seconds;duration_minutes;distance_m;distance_km;intensity_system;pace;heart_rate_zone;power_watts;recovery_seconds;set_recovery_seconds,Perform very short maximal or near-maximal cycling efforts with long recovery and a consistent starting protocol.,"Explode, spin through, recover fully. Repeat the same setup.",Unsafe outdoor sprinting. Inconsistent resistance. Short rest or excessive repetitions.,"Stop for pain, dizziness, chest pain, unusual breathlessness, neurological symptoms, loss of balance, acute illness, unsafe conditions, or clear loss of controlled technique. End the interval set when output falls beyond the prescribed limit or the athlete cannot maintain the intended intensity domain.",,,maximal_short_sprint_repeats,template_required_extension,yes,approved,Runlete founder,"Catalogue content and bounded generator selection; not medical diagnosis, rehabilitation or specialist certification"
REV-051,Machine Shoulder Press,machine_shoulder_press,,exercise,vertical_push,maximum_strength,,primary,shoulders;triceps,traps,machine,gym,beginner,1,1,3,no,sets;repetitions;load_kg;percentage_1rm;effort_rpe;rir;tempo_seconds;recovery_seconds,Adjust the seat so handles begin near shoulder height. Keep the back and head supported as designed. Press smoothly without locking out violently.,Adjust the seat so handles begin near shoulder height. Keep the back and head supported as designed. Press smoothly without locking out violently.,Starting too low for available shoulder range. Shrugging immediately at the start. Using a machine path that does not fit the athlete.,"Stop or modify if pain, dizziness, numbness, unexpected weakness, loss of balance, or loss of controlled technique occurs. Exercise-specific limits: The fixed path causes shoulder pinching. The athlete lacks pain-free overhead range even on the machine.",barbell_overhead_press,,landmine_press;dumbbell_shoulder_press,general,yes,approved,Runlete founder,"Catalogue content and bounded generator selection; not medical diagnosis, rehabilitation or specialist certification"
REV-052,Cable Chest Press,cable_chest_press,,exercise,horizontal_push,maximum_strength,trunk_force_transfer,primary,chest;triceps;shoulders,obliques,cable_machine,gym,intermediate,1,1,3,no,sets;repetitions;load_kg;percentage_1rm;effort_rpe;rir;tempo_seconds;recovery_seconds,Set the cable near chest height. Use a stable split or square stance. Press along the cable line while the trunk stays controlled.,Set the cable near chest height. Use a stable split or square stance. Press along the cable line while the trunk stays controlled.,Leaning into the cables instead of pressing. Letting cables pull shoulders into excessive extension. Finishing with rounded shoulders.,"Stop or modify if pain, dizziness, numbness, unexpected weakness, loss of balance, or loss of controlled technique occurs. Exercise-specific limits: The athlete cannot resist cable pull without spinal extension. Standing pressing irritates the shoulder.",,machine_chest_press,machine_chest_press;dumbbell_bench_press,general,yes,approved,Runlete founder,"Catalogue content and bounded generator selection; not medical diagnosis, rehabilitation or specialist certification"
EXT-052,Swimming Threshold Intervals,swimming_threshold_intervals,,conditioning_modality,swimming_intervals,threshold_capacity,aerobic_capacity,primary,cardiorespiratory_system;whole_body,trunk;supporting musculature,pool;pace_clock,pool,intermediate,3,1,4,no,sets;repetitions;duration_seconds;duration_minutes;distance_m;distance_km;intensity_system;pace;heart_rate_zone;power_watts;recovery_seconds;set_recovery_seconds;pool_length_m;stroke_code;send_off_seconds,"Swim repeated distances at a controlled threshold-related pace with specified stroke, pool length, send-off and rest.",Even splits. Hold stroke quality. Know the send-off.,Missing pool length or stroke. Racing early repeats. Rest too short to preserve form.,"Stop for pain, dizziness, chest pain, unusual breathlessness, neurological symptoms, loss of balance, acute illness, unsafe conditions, or clear loss of controlled technique. End the interval set when output falls beyond the prescribed limit or the athlete cannot maintain the intended intensity domain. Stop for distress in water and follow pool supervision rules.",,easy_aerobic_swim,cycling_threshold_intervals,template_required_extension,yes,approved,Runlete founder,"Catalogue content and bounded generator selection; not medical diagnosis, rehabilitation or specialist certification"
REV-053,Band-Assisted Pull-Up,band_assisted_pull_up,,exercise,vertical_pull,maximum_strength,,primary,latissimus_dorsi;biceps;upper_back;lats,grip;trunk;mid_back;forearms,pull_up_bar;resistance_band,gym;home,beginner,1,1,3,no,sets;repetitions;load_kg;percentage_1rm;effort_rpe;rir;tempo_seconds;recovery_seconds,Secure the band to the bar. Keep hips and knees straight for steady assistance. Drive elbows down toward the hips.,Secure the band to the bar. Keep hips and knees straight for steady assistance. Drive elbows down toward the hips.,Using a band that provides too much bounce. Losing body line. Stopping short of full range.,"Stop or modify if pain, dizziness, numbness, unexpected weakness, loss of balance, or loss of controlled technique occurs. Exercise-specific limits: Unsafe band setup. Band snaps or slips. Band setup is unsafe or unstable.",pull_up,,lat_pulldown;neutral_grip_lat_pulldown,general,yes,approved,Runlete founder,"Catalogue content and bounded generator selection; not medical diagnosis, rehabilitation or specialist certification"
EXT-053,Swimming Sprint Repeats,swimming_sprint_repeats,,conditioning_modality,maximal_swimming_sprints,anaerobic_power,upper_body_power;anaerobic_capacity,primary,cardiorespiratory_system;whole_body,trunk;supporting musculature,pool;pace_clock,pool,intermediate,4,2,4,no,sets;repetitions;duration_seconds;duration_minutes;distance_m;distance_km;intensity_system;pace;heart_rate_zone;power_watts;recovery_seconds;set_recovery_seconds;pool_length_m;stroke_code;send_off_seconds,Swim short maximal or near-maximal repetitions with complete recovery and a specified stroke/start condition.,Explosive but clean. Hold water. Recover fully.,Too many repetitions. Unsafe starts. Stroke collapse or shoulder pain.,"Stop for pain, dizziness, chest pain, unusual breathlessness, neurological symptoms, loss of balance, acute illness, unsafe conditions, or clear loss of controlled technique. End the interval set when output falls beyond the prescribed limit or the athlete cannot maintain the intended intensity domain. Requires appropriate water safety and supervision.",,easy_aerobic_swim,cycling_sprint_repeats,template_required_extension,yes,approved,Runlete founder,"Catalogue content and bounded generator selection; not medical diagnosis, rehabilitation or specialist certification"
REV-054,Pull-Up,pull_up,,exercise,vertical_pull,maximum_strength,upper_body_power,primary,latissimus_dorsi;biceps;rhomboids;lats,trunk;grip;lower_trapezius;mid_back;upper_back;forearms,pull_up_bar,gym;home,intermediate,1,1,3,no,sets;repetitions;load_kg;percentage_1rm;effort_rpe;rir;tempo_seconds;recovery_seconds,Start from a dead hang. Set the shoulders before pulling. Drive elbows down and keep the trunk tight.,Start from a dead hang. Set the shoulders before pulling. Drive elbows down and keep the trunk tight.,Kipping unintentionally. Cutting range short. Losing shoulder control at the bottom.,"Stop or modify if pain, dizziness, numbness, unexpected weakness, loss of balance, or loss of controlled technique occurs. Exercise-specific limits: Shoulder or elbow pain under full bodyweight. Insufficient grip capacity. Shoulder or elbow pain appears during hanging or pulling.",,band_assisted_pull_up,lat_pulldown;chin_up,general,yes,approved,Runlete founder,"Catalogue content and bounded generator selection; not medical diagnosis, rehabilitation or specialist certification"
EXT-054,Swimming Anaerobic-Capacity Set,swimming_anaerobic_capacity_set,,conditioning_modality,severe_swimming_intervals,anaerobic_capacity,anaerobic_power;shoulder_capacity,primary,cardiorespiratory_system;whole_body,trunk;supporting musculature,pool;pace_clock,pool,intermediate,4,2,5,no,sets;repetitions;duration_seconds;duration_minutes;distance_m;distance_km;intensity_system;pace;heart_rate_zone;power_watts;recovery_seconds;set_recovery_seconds;pool_length_m;stroke_code;send_off_seconds,"Complete severe swimming repetitions with defined distance, stroke, send-off, recovery and acceptable pace loss.",Controlled first repeat. Hold stroke. Respect the pace-loss limit.,Unspecified rest. Racing the opening rep. Continuing with severe stroke breakdown.,"Stop for pain, dizziness, chest pain, unusual breathlessness, neurological symptoms, loss of balance, acute illness, unsafe conditions, or clear loss of controlled technique. End the interval set when output falls beyond the prescribed limit or the athlete cannot maintain the intended intensity domain. Account for total shoulder and swim volume.",,,anaerobic_capacity_intervals,template_required_extension,yes,approved,Runlete founder,"Catalogue content and bounded generator selection; not medical diagnosis, rehabilitation or specialist certification"
REV-055,Chin-Up,chin_up,,exercise,vertical_pull,maximum_strength,,primary,lats;biceps,upper_back;forearms,pull_up_bar,gym;home,intermediate,1,1,3,no,sets;repetitions;load_kg;percentage_1rm;effort_rpe;rir;tempo_seconds;recovery_seconds,Grip with palms facing you and shoulders set. Drive elbows down toward the ribs. Lower to controlled arm extension without relaxing into pain.,Grip with palms facing you and shoulders set. Drive elbows down toward the ribs. Lower to controlled arm extension without relaxing into pain.,Pulling only with the arms and losing scapular control. Kicking or cycling the legs. Letting elbows or wrists become irritated from excessive supination.,"Stop or modify if pain, dizziness, numbness, unexpected weakness, loss of balance, or loss of controlled technique occurs. Exercise-specific limits: Supinated grip provokes elbow or wrist symptoms. The athlete cannot control the hang position.",,band_assisted_pull_up,pull_up,general,yes,approved,Runlete founder,"Catalogue content and bounded generator selection; not medical diagnosis, rehabilitation or specialist certification"
EXT-055,Very Easy Active Cooldown,very_easy_active_cooldown,,conditioning_modality,post_session_easy_movement,recovery_capacity,mobility_preparation,recovery,whole_body,trunk;supporting musculature,mode_specific,field;gym;home;road;track;court;pool,beginner,1,1,1,no,sets;repetitions;duration_seconds;duration_minutes;distance_m;distance_km;intensity_system;pace;heart_rate_zone;power_watts;recovery_seconds;set_recovery_seconds,"After the source session, perform very easy walking or mode-specific movement for the prescribed short duration, then finish normally.","Very easy. Comfortable breathing. This is transition, not extra training.",Claiming it clears lactate for next-day recovery. Extending duration. Continuing despite dizziness or heat illness signs.,"Stop for pain, dizziness, chest pain, unusual breathlessness, neurological symptoms, loss of balance, acute illness, unsafe conditions, or clear loss of controlled technique.",,,passive_rest,template_required_extension,yes,approved,Runlete founder,"Catalogue content and bounded generator selection; not medical diagnosis, rehabilitation or specialist certification"
REV-056,Inverted Row,inverted_row,,exercise,horizontal_pull,maximum_strength,recovery_capacity,primary,upper_back;mid_back;lats,rear_delts;biceps;trunk,barbell;squat_rack;smith_machine,gym,beginner,3,1,3,yes,sets;repetitions;load_kg;percentage_1rm;effort_rpe;rir;tempo_seconds;recovery_seconds,"Set the body angle to match current strength. Keep the body controlled as one unit. Pull the chest toward the support, then lower fully.","Set the body angle to match current strength. Keep the body controlled as one unit. Pull the chest toward the support, then lower fully.",Letting hips sag. Shortening reps by reaching the chin instead of chest. Setting the bar too low for current strength.,"Stop or modify if pain, dizziness, numbness, unexpected weakness, loss of balance, or loss of controlled technique occurs. Exercise-specific limits: Hanging grip or shoulder position is painful. Setup cannot be secured.",pull_up,machine_row,seated_cable_row;machine_row,general,yes,approved,Runlete founder,"Catalogue content and bounded generator selection; not medical diagnosis, rehabilitation or specialist certification"
EXT-056,Low-Impact Recovery Session,low_impact_recovery_session,,conditioning_modality,low_impact_easy_movement,recovery_capacity,aerobic_capacity,recovery,whole_body,trunk;supporting musculature,cycle_ergometer;pool;rower_optional,gym;home;pool,beginner,1,1,1,no,sets;repetitions;duration_seconds;duration_minutes;distance_m;distance_km;intensity_system;pace;heart_rate_zone;power_watts;recovery_seconds;set_recovery_seconds,Perform easy low-impact movement for a short prescribed duration only when it leaves the athlete feeling the same or better.,Easy enough to recover. No pace target. Stop if it becomes work.,Turning it into conditioning. Adding it during congestion. Using a painful modality.,"Stop for pain, dizziness, chest pain, unusual breathlessness, neurological symptoms, loss of balance, acute illness, unsafe conditions, or clear loss of controlled technique.",,,passive_rest,template_required_extension,yes,approved,Runlete founder,"Catalogue content and bounded generator selection; not medical diagnosis, rehabilitation or specialist certification"
REV-057,Lat Pulldown,lat_pulldown,,exercise,vertical_pull,maximum_strength,recovery_capacity,primary,lats,biceps;upper_back;mid_back;rear_delts,machine;cable_machine,gym,beginner,1,1,3,no,sets;repetitions;load_kg;percentage_1rm;effort_rpe;rir;tempo_seconds;recovery_seconds,Anchor thighs and sit tall. Pull elbows down toward the sides rather than behind the body. Control the handle up without losing shoulder position.,Anchor thighs and sit tall. Pull elbows down toward the sides rather than behind the body. Control the handle up without losing shoulder position.,Pulling the bar behind the neck. Leaning back excessively to turn it into a row. Yanking the handle with the arms before setting the shoulders.,"Stop or modify if pain, dizziness, numbness, unexpected weakness, loss of balance, or loss of controlled technique occurs. Exercise-specific limits: Use a front-of-body pulldown path and a shoulder-tolerant grip and range. Avoid behind-neck pulling and modify if pain, numbness, or loss of control occurs.",pull_up,,neutral_grip_lat_pulldown;seated_cable_row,general,yes,approved,Runlete founder,"Catalogue content and bounded generator selection; not medical diagnosis, rehabilitation or specialist certification"
EXT-057,Optional Symptom-Free Foam Rolling,optional_foam_rolling,,mobility,self_massage,mobility_range_capacity,recovery_capacity,recovery,selected_soft_tissue_region,trunk;supporting musculature,foam_roller,gym;home;field,beginner,1,1,1,no,sets;repetitions;duration_seconds;range_of_motion;effort_rpe;recovery_seconds,"Roll one approved region slowly for the prescribed time at comfortable pressure, avoiding joints, acute injury and neurological symptoms.",Comfortable pressure. Slow passes. Stop before pain or numbness.,Aggressive painful pressure. Rolling acute injury. Claiming to break adhesions or permanently change fascia.,"Stop for pain, dizziness, chest pain, unusual breathlessness, neurological symptoms, loss of balance, acute illness, unsafe conditions, or clear loss of controlled technique. Do not roll areas with acute trauma, unexplained swelling, vascular concern or altered sensation without professional clearance.",,,deep_squat_pry;knee_to_wall_ankle_rocks,template_required_extension,yes,approved,Runlete founder,"Catalogue content and bounded generator selection; not medical diagnosis, rehabilitation or specialist certification"
REV-058,Neutral-Grip Lat Pulldown,neutral_grip_lat_pulldown,,exercise,vertical_pull,maximum_strength,recovery_capacity,primary,lats;biceps,upper_back;mid_back,machine;cable_machine,gym,beginner,1,1,2,no,sets;repetitions;load_kg;percentage_1rm;effort_rpe;rir;tempo_seconds;recovery_seconds,Keep palms facing each other and chest tall. Drive elbows toward the front of the ribs. Let the shoulder blades upwardly rotate as the handle returns.,Keep palms facing each other and chest tall. Drive elbows toward the front of the ribs. Let the shoulder blades upwardly rotate as the handle returns.,Leaning far back to shorten the pull. Pulling the handle below useful range. Shrugging at the top of each rep.,"Stop or modify if pain, dizziness, numbness, unexpected weakness, loss of balance, or loss of controlled technique occurs. Exercise-specific limits: The close handle causes wrist or elbow irritation. The athlete cannot keep a tall torso.",pull_up,,lat_pulldown;seated_cable_row,general,yes,approved,Runlete founder,"Catalogue content and bounded generator selection; not medical diagnosis, rehabilitation or specialist certification"
EXT-058,Passive Rest / No Modality,passive_rest,,conditioning_modality,rest,recovery_capacity,,recovery,whole_body,trunk;supporting musculature,bodyweight,home;field;gym;travel,beginner,1,1,1,no,duration_minutes,"Do not add a recovery exercise or modality. Protect ordinary rest, sleep opportunity, nutrition, hydration and the next-session schedule.",Nothing extra is required. Recover through time and appropriate load management.,Treating rest as failure. Stacking optional modalities without a defined outcome. Replacing medical care with rest.,"Stop for pain, dizziness, chest pain, unusual breathlessness, neurological symptoms, loss of balance, acute illness, unsafe conditions, or clear loss of controlled technique.",,,very_easy_active_cooldown,template_required_extension,yes,approved,Runlete founder,"Catalogue content and bounded generator selection; not medical diagnosis, rehabilitation or specialist certification"
EXT-059,A-March,a_march,marching sprint drill,speed_drill,upright_sprint_preparation,movement_coordination,maximum_velocity;mobility_preparation,preparation,hip_flexors;calves;glutes,trunk,bodyweight,field;track;court;gym,beginner,2,1,1,no,sets;repetitions;distance_m;duration_seconds;intensity_percent;recovery_seconds,"March forward with a tall posture, lifting one thigh while the opposite foot remains active under the body. Place each foot beneath the hips and keep a steady rhythm.",Stay tall. Step down beneath you. Keep the rhythm controlled.,Reaching the foot forward; leaning back; forcing excessive knee height; rushing before posture is stable.,"Stop for pain, dizziness, loss of balance, unsafe footing or inability to maintain controlled posture.",a_skip,,wall_march,shared_training_domain_extension,yes,approved,Runlete founder,"Catalogue content and bounded generator selection; not medical diagnosis, rehabilitation or specialist certification"
REV-059,One-Arm Dumbbell Row,one_arm_dumbbell_row,,exercise,horizontal_pull,maximum_strength,,primary,lats;upper_back;mid_back,rear_delts;biceps;forearms;trunk,dumbbells;bench,gym;home,beginner,1,1,3,no,sets;repetitions;load_kg;percentage_1rm;effort_rpe;rir;tempo_seconds;recovery_seconds,Place the support hand under the shoulder and keep the spine long. Row the elbow toward the hip or rib cage. Lower until the shoulder reaches forward without twisting the torso.,Place the support hand under the shoulder and keep the spine long. Row the elbow toward the hip or rib cage. Lower until the shoulder reaches forward without twisting the torso.,Rotating the torso open to finish reps. Shrugging the working shoulder. Pulling the dumbbell straight up to the armpit regardless of goal.,"Stop or modify if pain, dizziness, numbness, unexpected weakness, loss of balance, or loss of controlled technique occurs. Exercise-specific limits: Bench support position bothers the wrist or shoulder. The athlete cannot keep torso rotation controlled.",barbell_bent_over_row,,machine_row;chest_supported_dumbbell_row;seated_cable_row,general,yes,approved,Runlete founder,"Catalogue content and bounded generator selection; not medical diagnosis, rehabilitation or specialist certification"
REV-060,Barbell Bent-Over Row,barbell_bent_over_row,,exercise,horizontal_pull,maximum_strength,trunk_force_transfer,primary,lats;mid_back;upper_back,rear_delts;biceps;trunk;forearms,barbell;plates,gym,advanced,3,1,2,yes,sets;repetitions;load_kg;percentage_1rm;effort_rpe;rir;tempo_seconds;recovery_seconds,"Brace first, then row the elbow toward the hip or rib cage. Pause briefly with shoulder blades controlled. Return the weight without reaching into a rounded upper-back position.","Brace first, then row the elbow toward the hip or rib cage. Pause briefly with shoulder blades controlled. Return the weight without reaching into a rounded upper-back position.",Turning the row into a torso swing. Shrugging the shoulder toward the ear. Pulling past usable range and losing rib position.,"Stop or modify if pain, dizziness, numbness, unexpected weakness, loss of balance, or loss of controlled technique occurs. Exercise-specific limits: Low-back fatigue or symptoms limit hinge tolerance. The athlete cannot prevent torso swing.",,chest_supported_dumbbell_row;seated_cable_row,seated_cable_row,general,yes,approved,Runlete founder,"Catalogue content and bounded generator selection; not medical diagnosis, rehabilitation or specialist certification"
EXT-060,Hill Acceleration,hill_acceleration,uphill acceleration,speed_drill,incline_linear_acceleration,acceleration,horizontal_power;explosive_strength,primary,glutes;quadriceps;hamstrings;calves,trunk,safe_moderate_hill,field;road;trail,intermediate,3,2,4,yes,sets;repetitions;distance_m;duration_seconds;intensity_percent;recovery_seconds,"Accelerate up a safe, consistent moderate incline for the prescribed distance. Use full recovery and stop the repetition before posture or step rhythm deteriorates.",Push the ground back. Rise gradually. Keep steps forceful and rhythmic.,Using a hill that is too steep; turning the sprint into a slow grind; short recovery; running on traffic-exposed or uneven ground.,"Stop for pain, dizziness, unusual breathlessness, unsafe traffic or surface, slipping, or clear loss of sprint mechanics.",,falling_start_acceleration,light_sled_acceleration;two_point_start_acceleration,shared_training_domain_extension,yes,approved,Runlete founder,"Catalogue content and bounded generator selection; not medical diagnosis, rehabilitation or specialist certification"
REV-061,Chest-Supported Dumbbell Row,chest_supported_dumbbell_row,,exercise,horizontal_pull,maximum_strength,shoulder_capacity;recovery_capacity,primary,upper_back;mid_back;lats,rear_delts;biceps;forearms,dumbbells;bench,gym;home,beginner,1,1,2,no,sets;repetitions;load_kg;percentage_1rm;effort_rpe;rir;tempo_seconds;recovery_seconds,Lie chest-down with feet planted. Pull elbows toward the chosen line without lifting the chest off the pad. Pause briefly at the top and lower fully.,Lie chest-down with feet planted. Pull elbows toward the chosen line without lifting the chest off the pad. Pause briefly at the top and lower fully.,Driving the chest off the bench to move more load. Shrugging instead of rowing. Using a bench angle that crowds shoulder range.,"Stop or modify if pain, dizziness, numbness, unexpected weakness, loss of balance, or loss of controlled technique occurs. Exercise-specific limits: Prone bench pressure is uncomfortable. Shoulder range is pinched by the bench angle.",barbell_bent_over_row,,seated_cable_row;one_arm_dumbbell_row;machine_row,general,yes,approved,Runlete founder,"Catalogue content and bounded generator selection; not medical diagnosis, rehabilitation or specialist certification"
EXT-061,Easy Aerobic Swim,easy_aerobic_swim,easy continuous swim,conditioning_modality,continuous_swimming,aerobic_capacity,economy_efficiency;recovery_capacity,primary,cardiorespiratory_system;whole_body,shoulders;trunk,pool;pace_clock,pool,beginner,2,1,2,yes,sets;repetitions;duration_seconds;duration_minutes;distance_m;distance_km;intensity_system;pace;heart_rate_zone;power_watts;recovery_seconds;set_recovery_seconds;pool_length_m;stroke_code;send_off_seconds,"Only prescribe this method to an athlete with demonstrated independent water competency in a supervised pool. Swim continuously or in short easy repeats using a familiar stroke, comfortable breathing and an intensity that permits controlled technique throughout.",Easy rhythm. Relaxed breathing. Finish with the same stroke quality you started with.,Turning the session into threshold work; using an unfamiliar stroke; ignoring pool length or water-safety rules; continuing with shoulder pain.,"Do not prescribe without demonstrated independent water competency and appropriate pool supervision. Stop for distress in water, chest pain, dizziness, shoulder pain, unusual breathlessness or loss of safe stroke control.",swimming_threshold_intervals,low_impact_recovery_session,easy_continuous_cycle;easy_continuous_run,shared_training_domain_extension,yes,approved,Runlete founder,"Catalogue content and bounded generator selection; not medical diagnosis, rehabilitation or specialist certification"
REV-062,Seated Cable Row,seated_cable_row,,exercise,horizontal_pull,maximum_strength,shoulder_capacity,primary,lats;upper_back;mid_back,rear_delts;biceps;forearms,machine;cable_machine,gym,beginner,1,1,3,no,sets;repetitions;load_kg;percentage_1rm;effort_rpe;rir;tempo_seconds;recovery_seconds,"Sit tall with knees slightly bent. Start the pull by bringing shoulder blades toward control, then elbows back. Return until arms are long without collapsing the spine.","Sit tall with knees slightly bent. Start the pull by bringing shoulder blades toward control, then elbows back. Return until arms are long without collapsing the spine.",Rocking the torso back and forth for momentum. Shrugging the handle to the chest. Rounding aggressively at the start.,"Stop or modify if pain, dizziness, numbness, unexpected weakness, loss of balance, or loss of controlled technique occurs. Exercise-specific limits: The athlete cannot sit upright without lumbar rounding. Cable setup causes shoulder discomfort.",barbell_bent_over_row,,machine_row;one_arm_dumbbell_row;chest_supported_dumbbell_row,general,yes,approved,Runlete founder,"Catalogue content and bounded generator selection; not medical diagnosis, rehabilitation or specialist certification"
EXT-062,Swimming Aerobic-Power Intervals,swimming_aerobic_power_intervals,swim aerobic power intervals,conditioning_modality,high_intensity_swimming_intervals,high_intensity_aerobic_power,aerobic_capacity;economy_efficiency,primary,cardiorespiratory_system;whole_body,shoulders;trunk,pool;pace_clock,pool,intermediate,3,1,4,yes,sets;repetitions;duration_seconds;duration_minutes;distance_m;distance_km;intensity_system;pace;heart_rate_zone;power_watts;recovery_seconds;set_recovery_seconds;pool_length_m;stroke_code;send_off_seconds,"Only prescribe this method to an athlete with demonstrated independent water competency and established repeat-swimming ability in a supervised pool. Swim repeated work bouts in the prescribed high-aerobic domain with a specified stroke, distance, pool length, send-off and easy recovery.",Hard and repeatable. Hold stroke length. Respect the send-off.,Racing the first repeat; unspecified rest or pool length; continuing after substantial pace or stroke deterioration.,"Do not prescribe without demonstrated independent water competency and appropriate pool supervision. Stop for distress in water, chest pain, dizziness, shoulder pain, unusual breathlessness or inability to maintain the prescribed stroke and pace range.",swimming_anaerobic_capacity_set,,cycling_aerobic_power_intervals;long_aerobic_power_intervals;swimming_threshold_intervals,shared_training_domain_extension,yes,approved,Runlete founder,"Catalogue content and bounded generator selection; not medical diagnosis, rehabilitation or specialist certification"
EXT-063,Easy Rowing-Ergometer Session,easy_rower_session,easy erg row,conditioning_modality,continuous_rowing_ergometer,aerobic_capacity,recovery_capacity;local_muscular_endurance,primary,cardiorespiratory_system;whole_body,trunk;posterior_chain,rowing_ergometer,gym;home,beginner,2,1,2,no,sets;repetitions;duration_seconds;duration_minutes;distance_m;distance_km;intensity_system;pace;heart_rate_zone;power_watts;recovery_seconds;set_recovery_seconds,"Row continuously at conversational effort using a familiar stroke rate and damper setting that allow smooth, repeatable technique.",Easy pressure. Smooth sequence. Keep breathing comfortable.,High damper and low-rate grinding; racing the monitor; excessive spinal rounding; using an unfamiliar setup unsupervised.,"Stop for pain, dizziness, chest pain, unusual breathlessness or inability to maintain controlled rowing mechanics.",,low_impact_recovery_session,easy_continuous_cycle;easy_aerobic_swim,shared_training_domain_extension,yes,approved,Runlete founder,"Catalogue content and bounded generator selection; not medical diagnosis, rehabilitation or specialist certification"
REV-063,Machine Row,machine_row,,exercise,horizontal_pull,maximum_strength,,primary,lats;upper_back;mid_back,rear_delts;biceps;forearms,machine,gym,beginner,1,1,3,no,sets;repetitions;load_kg;percentage_1rm;effort_rpe;rir;tempo_seconds;recovery_seconds,Adjust the chest pad and handles to fit the torso. Pull elbows back without letting shoulders roll forward. Control the return until arms are long.,Adjust the chest pad and handles to fit the torso. Pull elbows back without letting shoulders roll forward. Control the return until arms are long.,Setting the chest pad too far away. Leaning away from the pad to finish reps. Shrugging instead of retracting and depressing.,"Stop or modify if pain, dizziness, numbness, unexpected weakness, loss of balance, or loss of controlled technique occurs. Exercise-specific limits: Machine dimensions force poor shoulder or wrist angles. The athlete needs more trunk control challenge.",barbell_bent_over_row,,seated_cable_row;chest_supported_dumbbell_row,general,yes,approved,Runlete founder,"Catalogue content and bounded generator selection; not medical diagnosis, rehabilitation or specialist certification"
EXT-064,Hip-Flexor Isometric Hold,hip_flexor_isometric_hold,standing hip flexion hold,isometric,hip_flexion_isometric,isometric_force_capacity,movement_coordination;trunk_force_transfer,capacity,hip_flexors,trunk;stance_leg_glutes,wall_optional;resistance_band_optional,home;gym;field;track,beginner,2,1,2,no,sets;duration_seconds;effort_rpe;joint_position;recovery_seconds,Lift one thigh to the prescribed position and hold without leaning back or losing pelvic control. Use support or light resistance only when specified.,Stay tall. Hold the thigh without leaning. Keep the stance foot active.,Leaning back; rotating the pelvis; holding the breath; choosing resistance that changes the position.,"Stop for hip or back pain, cramping that does not settle, numbness, dizziness or loss of balance.",,,,shared_training_domain_extension,yes,approved,Runlete founder,"Catalogue content and bounded generator selection; not medical diagnosis, rehabilitation or specialist certification"
REV-064,Landmine Row,landmine_row,,exercise,horizontal_pull,maximum_strength,trunk_force_transfer,primary,lats;upper_back;rear_delts,biceps;mid_back;trunk;forearms,barbell;landmine;plates,gym,intermediate,3,1,3,yes,sets;repetitions;load_kg;percentage_1rm;effort_rpe;rir;tempo_seconds;recovery_seconds,Hinge with the working shoulder close to the bar sleeve. Pull the elbow back along the bar angle. Keep hips and ribs from rotating open.,Hinge with the working shoulder close to the bar sleeve. Pull the elbow back along the bar angle. Keep hips and ribs from rotating open.,Twisting the torso to finish. Dragging the shoulder forward at the bottom. Using plates too large for a useful range.,"Stop or modify if pain, dizziness, numbness, unexpected weakness, loss of balance, or loss of controlled technique occurs. Exercise-specific limits: The athlete cannot stabilize the hinge. The landmine setup is unstable.",barbell_bent_over_row,one_arm_dumbbell_row,one_arm_dumbbell_row;seated_cable_row,general,yes,approved,Runlete founder,"Catalogue content and bounded generator selection; not medical diagnosis, rehabilitation or specialist certification"
REV-065,Face Pull,face_pull,,exercise,horizontal_pull,shoulder_capacity,local_muscular_endurance;maximum_strength,capacity,rear_delts;upper_back;traps;mid_back,rotator_cuff;biceps,cable_machine;resistance_band,gym,beginner,1,1,3,no,sets;repetitions;load_kg;percentage_1rm;effort_rpe;rir;tempo_seconds;recovery_seconds,Set cable near face height. Pull rope toward eyes or nose. Drive elbows back without leaning.,Set cable near face height. Pull rope toward eyes or nose. Drive elbows back without leaning.,Leaning back to move load. Elbows dropping too low. Neck jutting forward.,"Stop or modify if pain, dizziness, numbness, unexpected weakness, loss of balance, or loss of controlled technique occurs. Exercise-specific limits: Shoulder pain with external rotation. Cannot keep ribs and neck controlled. Cable setup pulls too high or low.",,band_pull_apart,prone_y_t_w_raise;band_pull_apart,general,yes,approved,Runlete founder,"Catalogue content and bounded generator selection; not medical diagnosis, rehabilitation or specialist certification"
EXT-065,Shoulder External-Rotation Isometric Hold,shoulder_external_rotation_hold,external rotation hold,isometric,shoulder_external_rotation_isometric,shoulder_capacity,isometric_force_capacity,capacity,rotator_cuff,scapular_stabilizers,resistance_band_or_immovable_support,home;gym;field,beginner,2,1,2,no,sets;duration_seconds;effort_rpe;joint_position;recovery_seconds,Hold the upper arm in the prescribed supported position and produce controlled external-rotation force without moving the shoulder or trunk.,Keep the shoulder quiet. Hold steady pressure. Do not twist the trunk.,Using excessive effort; moving the elbow; shrugging; rotating the torso; working through shoulder pain.,"Stop for shoulder pain, instability, numbness, tingling, unexpected weakness or loss of controlled position.",cable_90_90_external_rotation,band_external_rotation_at_side,side_lying_dumbbell_external_rotation;band_external_rotation_at_side,shared_training_domain_extension,yes,approved,Runlete founder,"Catalogue content and bounded generator selection; not medical diagnosis, rehabilitation or specialist certification"
REV-066,Band Pull-Apart,band_pull_apart,,exercise,shoulder_horizontal_abduction,shoulder_capacity,,capacity,rear_deltoids;middle_trapezius;rhomboids,rotator_cuff,resistance_band,field;gym;home,beginner,1,1,2,no,sets;repetitions;load_kg;percentage_1rm;effort_rpe;rir;tempo_seconds;recovery_seconds,Use a light band and straight or softly bent elbows. Pull apart without shrugging. Return slowly while the rib cage stays controlled.,Use a light band and straight or softly bent elbows. Pull apart without shrugging. Return slowly while the rib cage stays controlled.,Using excessive band tension. Flaring the ribs. Turning the drill into a forceful end-range stretch.,"Stop or modify if pain, dizziness, numbness, unexpected weakness, loss of balance, or loss of controlled technique occurs. Exercise-specific limits: Use as low-load strengthening, not as a posture correction or injury-prevention guarantee. Modify for shoulder pain or neurologic symptoms.",face_pull,,face_pull,general,yes,approved,Runlete founder,"Catalogue content and bounded generator selection; not medical diagnosis, rehabilitation or specialist certification"
REV-067,Push-Up Plus (full push-up),push_up_plus_full_push_up,,exercise,horizontal_push,shoulder_capacity,,capacity,chest;triceps;serratus_anterior,shoulders;trunk,floor;bench_or_wall,gym;home,beginner,1,1,2,no,sets;repetitions;load_kg;percentage_1rm;effort_rpe;rir;tempo_seconds;recovery_seconds,"Complete a controlled push-up, then keep the elbows straight and reach the upper back slightly toward the ceiling. Allow the shoulder blades to move around the rib cage.","Complete a controlled push-up, then keep the elbows straight and reach the upper back slightly toward the ceiling. Allow the shoulder blades to move around the rib cage.",Bending the elbows during the plus phase. Shrugging. Losing trunk position to create extra reach.,"Stop or modify if pain, dizziness, numbness, unexpected weakness, loss of balance, or loss of controlled technique occurs. Exercise-specific limits: Regress to an incline or wall if wrist, shoulder, or trunk control limits the movement. Scapular protraction is intended and should be pain free.",,,serratus_cable_punch,general,yes,approved,Runlete founder,"Catalogue content and bounded generator selection; not medical diagnosis, rehabilitation or specialist certification"
REV-068,Scapular Pull-Up,scapular_pull_up,,exercise,scapular_control,shoulder_capacity,recovery_capacity;local_muscular_endurance,capacity,traps;lats,shoulders;upper_back;forearms,pull_up_bar,gym;home,beginner,1,1,2,no,sets;repetitions;load_kg;percentage_1rm;effort_rpe;rir;tempo_seconds;recovery_seconds,Start in a controlled hang with ribs quiet. Pull shoulder blades down without bending elbows much. Lower back to the hang slowly instead of dropping.,Start in a controlled hang with ribs quiet. Pull shoulder blades down without bending elbows much. Lower back to the hang slowly instead of dropping.,Turning each rep into a partial elbow-bent pull-up. Swinging the body to move the shoulders. Hanging into painful end range.,"Stop or modify if pain, dizziness, numbness, unexpected weakness, loss of balance, or loss of controlled technique occurs. Exercise-specific limits: Hanging irritates the shoulder, elbow, or grip. The athlete cannot control body swing.",band_assisted_pull_up;pull_up,,band_pull_apart,general,yes,approved,Runlete founder,"Catalogue content and bounded generator selection; not medical diagnosis, rehabilitation or specialist certification"
REV-069,Band External Rotation at Side,band_external_rotation_at_side,,exercise,shoulder_external_rotation,shoulder_capacity,maximum_strength,capacity,rotator_cuff,rear_delts;upper_back,resistance_band,field;gym;home,beginner,1,1,2,no,sets;repetitions;load_kg;percentage_1rm;effort_rpe;rir;tempo_seconds;recovery_seconds,Keep elbow at the side with a small towel if helpful. Rotate the forearm outward without moving the elbow. Use light band tension and slow tempo.,Keep elbow at the side with a small towel if helpful. Rotate the forearm outward without moving the elbow. Use light band tension and slow tempo.,Letting the elbow drift away from the ribs. Rotating the trunk instead of the shoulder. Using a band too heavy to isolate the cuff.,"Stop or modify if pain, dizziness, numbness, unexpected weakness, loss of balance, or loss of controlled technique occurs. Exercise-specific limits: External rotation causes pain or clicking. The athlete cannot isolate shoulder rotation.",cable_90_90_external_rotation,,side_lying_dumbbell_external_rotation;face_pull,general,yes,approved,Runlete founder,"Catalogue content and bounded generator selection; not medical diagnosis, rehabilitation or specialist certification"
REV-070,Side-Lying Dumbbell External Rotation,side_lying_dumbbell_external_rotation,,exercise,shoulder_external_rotation,shoulder_capacity,maximum_strength;recovery_capacity,capacity,rotator_cuff,rear_delts,dumbbells;bench,gym;home,beginner,1,1,2,no,sets;repetitions;load_kg;percentage_1rm;effort_rpe;rir;tempo_seconds;recovery_seconds,Lie on the side with the working elbow against the ribs. Rotate the dumbbell upward without rolling the torso back. Lower slowly to the start.,Lie on the side with the working elbow against the ribs. Rotate the dumbbell upward without rolling the torso back. Lower slowly to the start.,Using a dumbbell too heavy for clean rotation. Rolling the body open to finish reps. Letting the elbow slide away from the torso.,"Stop or modify if pain, dizziness, numbness, unexpected weakness, loss of balance, or loss of controlled technique occurs. Exercise-specific limits: Side-lying position or external rotation is painful. The athlete cannot keep the elbow supported.",cable_90_90_external_rotation,,band_external_rotation_at_side;face_pull,general,yes,approved,Runlete founder,"Catalogue content and bounded generator selection; not medical diagnosis, rehabilitation or specialist certification"
REV-071,Prone Y-T-W Raise,prone_y_t_w_raise,,exercise,scapular_control,shoulder_capacity,local_muscular_endurance;maximum_strength,capacity,upper_back;rear_delts;traps,rotator_cuff;shoulders;mid_back,bench;dumbbells,gym;home,beginner,1,1,3,no,sets;repetitions;load_kg;percentage_1rm;effort_rpe;rir;tempo_seconds;recovery_seconds,"Brace lightly before lifting. Move arms, not chest. Keep neck long.","Brace lightly before lifting. Move arms, not chest. Keep neck long.",Shrugging into upper traps. Lifting too high with lumbar extension. Using heavy dumbbells.,"Stop or modify if pain, dizziness, numbness, unexpected weakness, loss of balance, or loss of controlled technique occurs. Exercise-specific limits: Shoulder pinching in overhead angles. Cannot keep neck relaxed. Prone position is uncomfortable.",overhead_carry,band_pull_apart;wall_slide,face_pull,general,yes,approved,Runlete founder,"Catalogue content and bounded generator selection; not medical diagnosis, rehabilitation or specialist certification"
REV-072,Wall Slide with Lift-Off,wall_slide_with_lift_off,,mobility,shoulder_elevation,mobility_preparation,shoulder_capacity,preparation,shoulders;traps,rotator_cuff;rear_delts,bodyweight,field;gym;home,beginner,1,1,2,no,sets;repetitions;duration_seconds;range_of_motion;effort_rpe;recovery_seconds,Stand with ribs down and forearms on the wall. Slide upward without arching the low back. Lift hands lightly from the wall only if shoulder blades stay controlled.,Stand with ribs down and forearms on the wall. Slide upward without arching the low back. Lift hands lightly from the wall only if shoulder blades stay controlled.,Arching the back to create overhead range. Shrugging hard near the top. Forcing lift-off when the wall slide is not controlled.,"Stop or modify if pain, dizziness, numbness, unexpected weakness, loss of balance, or loss of controlled technique occurs. Exercise-specific limits: Overhead motion causes pain or tingling. The athlete cannot keep ribs down against the wall.",,,incline_y_raise;wall_slide,general,yes,approved,Runlete founder,"Catalogue content and bounded generator selection; not medical diagnosis, rehabilitation or specialist certification"
REV-073,Dead Bug,dead_bug,,exercise,anti_extension,trunk_force_transfer,mobility_preparation,capacity,trunk;hip;deep_core;rectus_abdominis,obliques;shoulders;glutes,mat,field;gym;home,beginner,1,1,3,no,sets;repetitions;load_kg;percentage_1rm;effort_rpe;rir;tempo_seconds;recovery_seconds,Exhale and keep the trunk controlled. Move the opposite arm and leg only as far as the pelvis and rib cage remain steady. Return slowly.,Exhale and keep the trunk controlled. Move the opposite arm and leg only as far as the pelvis and rib cage remain steady. Return slowly.,Extending the limbs beyond controllable range. Holding the breath. Creating movement from the low back instead of the hip and shoulder.,"Stop or modify if pain, dizziness, numbness, unexpected weakness, loss of balance, or loss of controlled technique occurs. Exercise-specific limits: This is a trunk-control option, not a stand-alone treatment or guarantee of back protection. Shorten the lever or range if symptoms increase.",,,bird_dog;front_plank;pallof_press_iso_hold,general,yes,approved,Runlete founder,"Catalogue content and bounded generator selection; not medical diagnosis, rehabilitation or specialist certification"
REV-074,Bird Dog,bird_dog,,exercise,anti_rotation,trunk_force_transfer,mobility_preparation,capacity,trunk;hip;shoulder;deep_core;glutes,obliques;shoulders;upper_back,mat,field;gym;home,beginner,1,1,3,no,sets;repetitions;load_kg;percentage_1rm;effort_rpe;rir;tempo_seconds;recovery_seconds,Set hands under shoulders and knees under hips. Reach the opposite arm and leg without rotating the pelvis. Move slowly and breathe.,Set hands under shoulders and knees under hips. Reach the opposite arm and leg without rotating the pelvis. Move slowly and breathe.,Rotating or shifting the pelvis. Overreaching. Loading painful wrists or knees without support.,"Stop or modify if pain, dizziness, numbness, unexpected weakness, loss of balance, or loss of controlled technique occurs. Exercise-specific limits: Use as a coordination and trunk-control drill, not as proof of spinal protection. Reduce lever length or use padding if symptoms increase.",bear_crawl;plank_shoulder_tap,,dead_bug;pallof_press_iso_hold;bear_plank_hold,general,yes,approved,Runlete founder,"Catalogue content and bounded generator selection; not medical diagnosis, rehabilitation or specialist certification"
REV-075,Bear Plank Hold,bear_plank_hold,,isometric,quadruped_hover,trunk_force_transfer,shoulder_capacity,capacity,deep_core;trunk;shoulders,quadriceps;glutes;obliques,bodyweight,field;gym;home,beginner,1,1,3,no,sets;duration_seconds;effort_rpe;joint_position;recovery_seconds,Knees hover close to floor. Spread fingers and push down. Keep back flat.,Knees hover close to floor. Spread fingers and push down. Keep back flat.,Knees too high. Rounding heavily. Rocking back into the hips.,"Stop or modify if pain, dizziness, numbness, unexpected weakness, loss of balance, or loss of controlled technique occurs. Exercise-specific limits: Wrist loading is not tolerated. Knee pain during setup. Shoulders cannot support bodyweight.",bear_crawl;lateral_bear_crawl;plank_shoulder_tap,,front_plank;bird_dog;dead_bug,general,yes,approved,Runlete founder,"Catalogue content and bounded generator selection; not medical diagnosis, rehabilitation or specialist certification"
REV-076,Front Plank,front_plank,,exercise,anti_extension,trunk_force_transfer,local_muscular_endurance;maximum_strength,capacity,trunk;rectus_abdominis;deep_core,obliques;glutes;shoulders,bodyweight,field;gym;home,beginner,1,1,3,no,sets;repetitions;load_kg;percentage_1rm;effort_rpe;rir;tempo_seconds;recovery_seconds,Elbows under shoulders. Brace as if preparing for contact. Squeeze glutes and quads.,Elbows under shoulders. Brace as if preparing for contact. Squeeze glutes and quads.,Hips sagging. Hips piked too high. Holding the breath.,"Stop or modify if pain, dizziness, numbness, unexpected weakness, loss of balance, or loss of controlled technique occurs. Exercise-specific limits: Shoulder pain in forearm support. Low back discomfort that appears immediately. Athlete cannot hold neutral pelvis.",long_lever_plank;stability_ball_stir_the_pot,,dead_bug;pallof_press_iso_hold;side_plank_from_knees,general,yes,approved,Runlete founder,"Catalogue content and bounded generator selection; not medical diagnosis, rehabilitation or specialist certification"
REV-077,Side Plank from Knees,side_plank_from_knees,,exercise,anti_lateral_flexion,trunk_force_transfer,recovery_capacity,capacity,obliques;deep_core;trunk,glutes;shoulders;adductors,bodyweight,field;gym;home,beginner,1,1,3,no,sets;repetitions;load_kg;percentage_1rm;effort_rpe;rir;tempo_seconds;recovery_seconds,Knees bent and stacked. Lift bottom hip away from floor. Make a straight line from knee to shoulder.,Knees bent and stacked. Lift bottom hip away from floor. Make a straight line from knee to shoulder.,Hips drifting backward. Bottom shoulder jammed up. Twisting toward the floor.,"Stop or modify if pain, dizziness, numbness, unexpected weakness, loss of balance, or loss of controlled technique occurs. Exercise-specific limits: Knee contact is painful. Shoulder cannot support the position. Athlete cannot find a straight side line.",suitcase_carry,,pallof_press;dead_bug;bear_plank_hold,general,yes,approved,Runlete founder,"Catalogue content and bounded generator selection; not medical diagnosis, rehabilitation or specialist certification"
REV-078,Side Plank,side_plank,,exercise,anti_lateral_flexion,trunk_force_transfer,local_muscular_endurance,capacity,obliques;deep_core;trunk,glutes;shoulders;adductors,bodyweight,field;gym;home,beginner,1,1,3,no,sets;repetitions;load_kg;percentage_1rm;effort_rpe;rir;tempo_seconds;recovery_seconds,"Elbow under shoulder. Stack ribs, hips, and ankles. Push the floor away.","Elbow under shoulder. Stack ribs, hips, and ankles. Push the floor away.",Hips sagging. Rolling torso open or closed. Neck tension.,"Stop or modify if pain, dizziness, numbness, unexpected weakness, loss of balance, or loss of controlled technique occurs. Exercise-specific limits: Shoulder pain in side support. Cannot maintain neck comfort. Immediate low back or hip pain.",copenhagen_plank;suitcase_carry,,suitcase_carry;pallof_press_iso_hold;bear_plank_hold,general,yes,approved,Runlete founder,"Catalogue content and bounded generator selection; not medical diagnosis, rehabilitation or specialist certification"
REV-079,Long-Lever Plank,long_lever_plank,,exercise,anti_extension,trunk_force_transfer,local_muscular_endurance;maximum_strength,capacity,rectus_abdominis;deep_core;trunk,obliques;glutes;shoulders,bodyweight,field;gym;home,intermediate,1,1,3,no,sets;repetitions;load_kg;percentage_1rm;effort_rpe;rir;tempo_seconds;recovery_seconds,Reach elbows slightly forward. Tuck pelvis only enough to remove back arch. Pull ribs down.,Reach elbows slightly forward. Tuck pelvis only enough to remove back arch. Pull ribs down.,Chasing time after position breaks. Over-tucking into spinal flexion. Shrugging.,"Stop or modify if pain, dizziness, numbness, unexpected weakness, loss of balance, or loss of controlled technique occurs. Exercise-specific limits: Front plank mechanics are not stable. Shoulder irritation from the longer lever. Low back extension sensitivity.",stability_ball_stir_the_pot,front_plank;dead_bug,stability_ball_rollout,general,yes,approved,Runlete founder,"Catalogue content and bounded generator selection; not medical diagnosis, rehabilitation or specialist certification"
REV-080,Plank Shoulder Tap,plank_shoulder_tap,,exercise,anti_rotation,trunk_force_transfer,shoulder_capacity,capacity,deep_core;obliques;shoulders,rectus_abdominis;triceps;glutes,bodyweight,field;gym;home,intermediate,1,1,3,no,sets;repetitions;load_kg;percentage_1rm;effort_rpe;rir;tempo_seconds;recovery_seconds,Set feet wider than hips at first. Tap slowly across to the shoulder. Keep belt buckle quiet.,Set feet wider than hips at first. Tap slowly across to the shoulder. Keep belt buckle quiet.,Hips rocking side to side. Fast sloppy taps. Shoulder blade collapse.,"Stop or modify if pain, dizziness, numbness, unexpected weakness, loss of balance, or loss of controlled technique occurs. Exercise-specific limits: Wrist pain. Shoulder instability. Cannot maintain high plank alignment.",plank_drag_through,bear_plank_hold;pallof_press,bird_dog;bear_crawl,general,yes,approved,Runlete founder,"Catalogue content and bounded generator selection; not medical diagnosis, rehabilitation or specialist certification"
REV-081,Plank Drag-Through,plank_drag_through,,exercise,anti_rotation,trunk_force_transfer,shoulder_capacity;local_muscular_endurance,capacity,obliques;deep_core;trunk,shoulders;lats;grip,dumbbells;kettlebell;medicine_ball,field;gym,intermediate,3,1,3,yes,sets;repetitions;load_kg;percentage_1rm;effort_rpe;rir;tempo_seconds;recovery_seconds,Use a wide stable base. Drag slowly under the chest. Keep hips facing the floor.,Use a wide stable base. Drag slowly under the chest. Keep hips facing the floor.,Twisting to reach the weight. Dragging too heavy. Feet too narrow too soon.,"Stop or modify if pain, dizziness, numbness, unexpected weakness, loss of balance, or loss of controlled technique occurs. Exercise-specific limits: Wrist or shoulder pain. Cannot hold a high plank. Weight catches on the floor and forces rotation.",,plank_shoulder_tap;pallof_press_iso_hold,bird_dog;suitcase_carry,general,yes,approved,Runlete founder,"Catalogue content and bounded generator selection; not medical diagnosis, rehabilitation or specialist certification"
REV-082,Stability Ball Stir-the-Pot,stability_ball_stir_the_pot,,exercise,anti_extension,trunk_force_transfer,local_muscular_endurance;shoulder_capacity,capacity,deep_core;rectus_abdominis;obliques,shoulders;lats;glutes,stability_ball,gym;home,advanced,5,1,2,yes,sets;repetitions;load_kg;percentage_1rm;effort_rpe;rir;tempo_seconds;recovery_seconds,Set a strong plank first. Make small circles. Keep hips quiet.,Set a strong plank first. Make small circles. Keep hips quiet.,Circles too large. Hips swaying. Ball drifting away from shoulders.,"Stop or modify if pain, dizziness, numbness, unexpected weakness, loss of balance, or loss of controlled technique occurs. Exercise-specific limits: Use only after a stable forearm plank and ball rollout are controlled. Keep the circles small, use a clear non-slip area, and regress immediately if the trunk sags or shoulder/back symptoms increase.",,stability_ball_rollout;front_plank;long_lever_plank,plank_drag_through;long_lever_plank,general,yes,approved,Runlete founder,"Catalogue content and bounded generator selection; not medical diagnosis, rehabilitation or specialist certification"
REV-083,Stability Ball Rollout,stability_ball_rollout,,exercise,anti_extension,trunk_force_transfer,shoulder_capacity;maximum_strength,capacity,rectus_abdominis;deep_core;trunk,lats;shoulders;obliques,stability_ball,gym;home,intermediate,1,1,3,no,sets;repetitions;load_kg;percentage_1rm;effort_rpe;rir;tempo_seconds;recovery_seconds,Start tall on knees. Brace before the ball moves. Roll only as far as ribs stay down.,Start tall on knees. Brace before the ball moves. Roll only as far as ribs stay down.,Dropping hips. Reaching beyond control. Letting shoulders shrug.,"Stop or modify if pain, dizziness, numbness, unexpected weakness, loss of balance, or loss of controlled technique occurs. Exercise-specific limits: Shoulder flexion is limited or painful. Low back arches during the first reps. Kneeling is uncomfortable.",stability_ball_stir_the_pot,front_plank;dead_bug;bear_plank_hold,long_lever_plank,general,yes,approved,Runlete founder,"Catalogue content and bounded generator selection; not medical diagnosis, rehabilitation or specialist certification"
REV-084,Pallof Press,pallof_press,,exercise,anti_rotation,trunk_force_transfer,maximum_strength;recovery_capacity,capacity,obliques;deep_core;trunk,glutes;shoulders;chest,cable_machine;resistance_band,gym,beginner,1,1,3,no,sets;repetitions;load_kg;percentage_1rm;effort_rpe;rir;tempo_seconds;recovery_seconds,Stand side-on to the anchor. Brace before pressing. Press straight out from sternum.,Stand side-on to the anchor. Brace before pressing. Press straight out from sternum.,Rotating toward the anchor. Leaning away from the load. Pressing too fast.,"Stop or modify if pain, dizziness, numbness, unexpected weakness, loss of balance, or loss of controlled technique occurs. Exercise-specific limits: Anchor setup is unsafe. Athlete cannot keep a neutral pelvis. Shoulder pain during pressing.",half_kneeling_pallof_press,,bird_dog;plank_shoulder_tap;suitcase_carry,general,yes,approved,Runlete founder,"Catalogue content and bounded generator selection; not medical diagnosis, rehabilitation or specialist certification"
REV-085,Pallof Press Iso Hold,pallof_press_iso_hold,,isometric,anti_rotation,trunk_force_transfer,local_muscular_endurance;maximum_strength,capacity,obliques;deep_core;trunk,shoulders;glutes;forearms,cable_machine;resistance_band,gym,beginner,1,1,3,no,sets;duration_seconds;effort_rpe;joint_position;recovery_seconds,Press and pause fully extended. Do not let the cable pull you open. Keep shoulders down.,Press and pause fully extended. Do not let the cable pull you open. Keep shoulders down.,Holding too heavy and leaning. Soft elbows drifting back. Rib flare.,"Stop or modify if pain, dizziness, numbness, unexpected weakness, loss of balance, or loss of controlled technique occurs. Exercise-specific limits: Cannot breathe while braced. Shoulder fatigue changes posture. Anchor height causes wrist discomfort.",suitcase_carry,,front_plank;side_plank;bird_dog,general,yes,approved,Runlete founder,"Catalogue content and bounded generator selection; not medical diagnosis, rehabilitation or specialist certification"
REV-086,Half-Kneeling Pallof Press,half_kneeling_pallof_press,,exercise,anti_rotation,trunk_force_transfer,,capacity,obliques;deep_core;trunk,glutes;adductors;shoulders,cable_machine;resistance_band,gym,intermediate,1,1,3,no,sets;repetitions;load_kg;percentage_1rm;effort_rpe;rir;tempo_seconds;recovery_seconds,Stack ribs over pelvis. Squeeze the down-side glute. Keep front foot rooted.,Stack ribs over pelvis. Squeeze the down-side glute. Keep front foot rooted.,Arching through the low back. Front knee drifting inward. Torso leaning away.,"Stop or modify if pain, dizziness, numbness, unexpected weakness, loss of balance, or loss of controlled technique occurs. Exercise-specific limits: Knee pressure is not tolerated. Hip flexor position causes symptoms. Athlete cannot balance in half kneeling.",,dead_bug,half_kneeling_cable_chop;bird_dog;side_plank,general,yes,approved,Runlete founder,"Catalogue content and bounded generator selection; not medical diagnosis, rehabilitation or specialist certification"
REV-087,Cable Wood Chop,cable_wood_chop,,exercise,controlled_rotation,trunk_force_transfer,maximum_strength,capacity,obliques;trunk;deep_core,shoulders;lats;glutes,cable_machine;resistance_band,gym,intermediate,1,1,2,no,sets;repetitions;load_kg;percentage_1rm;effort_rpe;rir;tempo_seconds;recovery_seconds,Set cable high. Brace before pulling. Rotate through hips and trunk together.,Set cable high. Brace before pulling. Rotate through hips and trunk together.,Arms doing all the work. Rounding through the spine. Letting the cable yank the return.,"Stop or modify if pain, dizziness, numbness, unexpected weakness, loss of balance, or loss of controlled technique occurs. Exercise-specific limits: Acute back pain with rotation. Cannot control the eccentric return. Cable path causes shoulder symptoms.",,pallof_press;dead_bug,cable_lift;landmine_rotation;half_kneeling_cable_chop,general,yes,approved,Runlete founder,"Catalogue content and bounded generator selection; not medical diagnosis, rehabilitation or specialist certification"
REV-088,Half-Kneeling Cable Chop,half_kneeling_cable_chop,,exercise,controlled_rotation,trunk_force_transfer,maximum_strength,capacity,obliques;deep_core;trunk,glutes;adductors;shoulders,cable_machine;resistance_band,gym,intermediate,1,1,2,no,sets;repetitions;load_kg;percentage_1rm;effort_rpe;rir;tempo_seconds;recovery_seconds,Set a tall half-kneeling posture. Own the down-side glute. Chop across without tipping.,Set a tall half-kneeling posture. Own the down-side glute. Chop across without tipping.,Leaning into the cable. Front foot losing contact. Low back arching.,"Stop or modify if pain, dizziness, numbness, unexpected weakness, loss of balance, or loss of controlled technique occurs. Exercise-specific limits: Knee pressure is painful. Cannot stay tall in half kneeling. Rotation provokes back pain.",half_kneeling_cable_lift,pallof_press,cable_wood_chop;half_kneeling_pallof_press,general,yes,approved,Runlete founder,"Catalogue content and bounded generator selection; not medical diagnosis, rehabilitation or specialist certification"
REV-089,Cable Lift,cable_lift,,exercise,rotation_control,trunk_force_transfer,maximum_strength,capacity,obliques;trunk;deep_core,shoulders;glutes;lats,cable_machine;resistance_band,gym,intermediate,1,1,2,no,sets;repetitions;load_kg;percentage_1rm;effort_rpe;rir;tempo_seconds;recovery_seconds,Set cable low. Start near outside hip. Lift along a diagonal path.,Set cable low. Start near outside hip. Lift along a diagonal path.,Yanking with arms. Overextending at the top. Knees collapsing during rotation.,"Stop or modify if pain, dizziness, numbness, unexpected weakness, loss of balance, or loss of controlled technique occurs. Exercise-specific limits: Shoulder pain overhead or across body. Back pain with rotation. Poor control at end range.",half_kneeling_cable_lift,pallof_press;dead_bug,landmine_rotation;cable_wood_chop,general,yes,approved,Runlete founder,"Catalogue content and bounded generator selection; not medical diagnosis, rehabilitation or specialist certification"
REV-090,Half-Kneeling Cable Lift,half_kneeling_cable_lift,,exercise,rotation_control,trunk_force_transfer,shoulder_capacity,capacity,obliques;deep_core;trunk,shoulders;glutes;adductors,cable_machine;resistance_band,gym,intermediate,1,1,3,no,sets;repetitions;load_kg;percentage_1rm;effort_rpe;rir;tempo_seconds;recovery_seconds,Start from the low outside hip. Move diagonally up without leaning. Keep ribs down at the finish.,Start from the low outside hip. Move diagonally up without leaning. Keep ribs down at the finish.,Lumbar extension at the top. Front knee drifting. Over-rotating instead of controlling.,"Stop or modify if pain, dizziness, numbness, unexpected weakness, loss of balance, or loss of controlled technique occurs. Exercise-specific limits: Shoulder pain in the diagonal reach. Kneeling discomfort. Back pain with rotation or extension.",,dead_bug,cable_lift;half_kneeling_pallof_press,general,yes,approved,Runlete founder,"Catalogue content and bounded generator selection; not medical diagnosis, rehabilitation or specialist certification"
REV-091,Landmine Rotation,landmine_rotation,,exercise,rotation_control,trunk_force_transfer,maximum_strength,capacity,obliques;trunk;deep_core,shoulders;lats;glutes,landmine;barbell;plates,gym,intermediate,3,1,3,yes,sets;repetitions;load_kg;percentage_1rm;effort_rpe;rir;tempo_seconds;recovery_seconds,Hold the bar end close. Rotate feet and hips with the bar. Keep ribs down.,Hold the bar end close. Rotate feet and hips with the bar. Keep ribs down.,Turning it into an arm swing. Overextending the low back. Letting the bar pull shoulders forward.,"Stop or modify if pain, dizziness, numbness, unexpected weakness, loss of balance, or loss of controlled technique occurs. Exercise-specific limits: Shoulder pain in cross-body arc. Back pain with rotation. No secure landmine setup.",,cable_wood_chop;pallof_press,cable_wood_chop,general,yes,approved,Runlete founder,"Catalogue content and bounded generator selection; not medical diagnosis, rehabilitation or specialist certification"
REV-092,Farmer's Carry,farmer_s_carry,,exercise,carry,grip_capacity,trunk_force_transfer;local_muscular_endurance,capacity,grip;forearms;trunk,traps;upper_back;glutes,dumbbells;kettlebell,field;gym;home,beginner,1,1,3,no,sets;distance_m;duration_seconds;load_kg;effort_rpe;recovery_seconds,Stand tall before walking. Crush the handles. Short controlled steps.,Stand tall before walking. Crush the handles. Short controlled steps.,Rounding shoulders. Rushing with long steps. Weights banging thighs.,"Stop or modify if pain, dizziness, numbness, unexpected weakness, loss of balance, or loss of controlled technique occurs. Exercise-specific limits: Grip injury or severe elbow irritation. Cannot pick weights up safely. Posture collapses immediately.",suitcase_carry,,bear_hug_carry,general,yes,approved,Runlete founder,"Catalogue content and bounded generator selection; not medical diagnosis, rehabilitation or specialist certification"
REV-093,Suitcase Carry,suitcase_carry,,exercise,carry,trunk_force_transfer,local_muscular_endurance,capacity,obliques;grip;trunk,traps;glutes;forearms,dumbbells;kettlebell,field;gym;home,intermediate,1,1,3,no,sets;distance_m;duration_seconds;load_kg;effort_rpe;recovery_seconds,Zip ribs over pelvis. Do not lean away from the weight. Walk quietly.,Zip ribs over pelvis. Do not lean away from the weight. Walk quietly.,Leaning or hiking one hip. Weight swinging. Over-gripping into neck tension.,"Stop or modify if pain, dizziness, numbness, unexpected weakness, loss of balance, or loss of controlled technique occurs. Exercise-specific limits: Active low back irritation from lateral loading. Grip cannot hold safely. Athlete cannot walk without trunk lean.",,farmer_s_carry;side_plank;pallof_press_iso_hold,side_plank;single_arm_front_rack_carry,general,yes,approved,Runlete founder,"Catalogue content and bounded generator selection; not medical diagnosis, rehabilitation or specialist certification"
REV-094,Single-Arm Front Rack Carry,single_arm_front_rack_carry,,exercise,carry,trunk_force_transfer,shoulder_capacity,capacity,obliques;trunk;upper_back,biceps;forearms;glutes,kettlebell;dumbbells,field;gym;home,intermediate,1,1,3,no,sets;distance_m;duration_seconds;load_kg;effort_rpe;recovery_seconds,Keep elbow connected to the ribcage. Walk tall and square. Do not lean back from the bell.,Keep elbow connected to the ribcage. Walk tall and square. Do not lean back from the bell.,Torso twisted toward the loaded side. Overextending the low back. Bell drifting away.,"Stop or modify if pain, dizziness, numbness, unexpected weakness, loss of balance, or loss of controlled technique occurs. Exercise-specific limits: Rack position irritates wrist, elbow, or shoulder. Cannot control rib flare. Balance is compromised under load.",,pallof_press,suitcase_carry,general,yes,approved,Runlete founder,"Catalogue content and bounded generator selection; not medical diagnosis, rehabilitation or specialist certification"
REV-095,Double Kettlebell Front Rack Carry,double_kettlebell_front_rack_carry,,exercise,bilateral_loaded_carry,trunk_force_transfer,shoulder_capacity;maximum_strength,capacity,trunk;upper_back;deep_core,biceps;forearms;glutes,kettlebell,field;gym;home,intermediate,1,1,3,no,sets;distance_m;duration_seconds;load_kg;effort_rpe;recovery_seconds,Use two kettlebells in a stable front rack. Walk with controlled breathing and an even gait. End the set before rack position or posture deteriorates.,Use two kettlebells in a stable front rack. Walk with controlled breathing and an even gait. End the set before rack position or posture deteriorates.,Overarching to support the bells. Elbows flared wide. Wrists extended.,"Stop or modify if pain, dizziness, numbness, unexpected weakness, loss of balance, or loss of controlled technique occurs. Exercise-specific limits: Wrist or elbow rack position is painful. Cannot avoid rib flare. Breathing is overly restricted by load.",,farmer_s_carry;pallof_press_iso_hold,bear_hug_carry;single_arm_front_rack_carry,general,yes,approved,Runlete founder,"Catalogue content and bounded generator selection; not medical diagnosis, rehabilitation or specialist certification"
REV-096,Overhead Carry,overhead_carry,,exercise,carry,shoulder_capacity,trunk_force_transfer;maximum_strength,capacity,shoulders;trunk;upper_back,rotator_cuff;triceps;deep_core,dumbbells;kettlebell,field;gym;home,advanced,3,1,2,yes,sets;distance_m;duration_seconds;load_kg;effort_rpe;recovery_seconds,Press to a stacked overhead position. Keep ribs down. Walk slowly with quiet steps.,Press to a stacked overhead position. Keep ribs down. Walk slowly with quiet steps.,Compensating with lumbar extension. Weights drifting forward. Shrugging and neck tension.,"Stop or modify if pain, dizziness, numbness, unexpected weakness, loss of balance, or loss of controlled technique occurs. Exercise-specific limits: Approve only for athletes with pain-free overhead control and a secure implement path. Use a clear walking lane, conservative load, and stop before grip, trunk, or shoulder position deteriorates.",,,single_arm_front_rack_carry;prone_y_t_w_raise,general,yes,approved,Runlete founder,"Catalogue content and bounded generator selection; not medical diagnosis, rehabilitation or specialist certification"
REV-097,Bear Hug Carry,bear_hug_carry,,exercise,carry,trunk_force_transfer,maximum_strength;local_muscular_endurance,capacity,trunk;upper_back;deep_core,biceps;forearms;glutes,medicine_ball;plates,gym,beginner,3,1,3,yes,sets;distance_m;duration_seconds;load_kg;effort_rpe;recovery_seconds,Hug the load high against the chest. Stay tall through the crown. Breathe behind the load.,Hug the load high against the chest. Stay tall through the crown. Breathe behind the load.,Leaning back to counter the load. Letting the implement slide down. Rounded upper back beyond control.,"Stop or modify if pain, dizziness, numbness, unexpected weakness, loss of balance, or loss of controlled technique occurs. Exercise-specific limits: Cannot breathe comfortably under the load. Low back arches to support the implement. Object cannot be held securely.",,farmer_s_carry;pallof_press_iso_hold,banded_clamshell;banded_lateral_walk,general,yes,approved,Runlete founder,"Catalogue content and bounded generator selection; not medical diagnosis, rehabilitation or specialist certification"
REV-098,Adductor Squeeze,adductor_squeeze,,isometric,hip_adduction_isometric,adductor_capacity,isometric_force_capacity,capacity,adductors,trunk;deep_core,medicine_ball;stability_ball,gym,beginner,1,1,2,no,sets;duration_seconds;effort_rpe;joint_position;recovery_seconds,Squeeze gradually. Keep breathing. Hold steady tension.,Squeeze gradually. Keep breathing. Hold steady tension.,Max squeezing too soon. Holding breath. Letting pelvis twist.,"Stop or modify if pain, dizziness, numbness, unexpected weakness, loss of balance, or loss of controlled technique occurs. Exercise-specific limits: Squeezing reproduces sharp pain. The athlete cannot relax after holds. Medical clearance is needed for injury.",short_lever_copenhagen_adduction,,cable_hip_adduction,general,yes,approved,Runlete founder,"Catalogue content and bounded generator selection; not medical diagnosis, rehabilitation or specialist certification"
REV-099,Short-Lever Copenhagen Plank,short_lever_copenhagen_plank,,exercise,adductor,adductor_capacity,trunk_force_transfer,capacity,adductors;obliques;deep_core,glutes;shoulders;trunk,bench,gym;home,intermediate,1,1,3,no,sets;repetitions;load_kg;percentage_1rm;effort_rpe;rir;tempo_seconds;recovery_seconds,Place top knee on the bench. Lift hips into a straight side plank. Pull the lower leg up lightly.,Place top knee on the bench. Lift hips into a straight side plank. Pull the lower leg up lightly.,Using a bench that is too high. Letting hips rotate. Too much volume too soon.,"Stop or modify if pain, dizziness, numbness, unexpected weakness, loss of balance, or loss of controlled technique occurs. Exercise-specific limits: Current groin pain without clearance. Adductor soreness is already high. Side plank support is not controlled.",copenhagen_plank,side_plank;banded_clamshell;side_plank_from_knees,cable_hip_adduction;short_lever_copenhagen_adduction,general,yes,approved,Runlete founder,"Catalogue content and bounded generator selection; not medical diagnosis, rehabilitation or specialist certification"
REV-100,Copenhagen Plank,copenhagen_plank,,exercise,adductor,adductor_capacity,trunk_force_transfer,capacity,adductors;obliques;deep_core,glutes;shoulders;trunk,bench,gym;home,advanced,3,1,2,yes,sets;repetitions;load_kg;percentage_1rm;effort_rpe;rir;tempo_seconds;recovery_seconds,Top leg straight on the bench. Lift hips without twisting. Bring bottom leg toward the bench if controlled.,Top leg straight on the bench. Lift hips without twisting. Bring bottom leg toward the bench if controlled.,Jumping to long-lever too soon. Groin pain ignored. Pelvis rotating open.,"Stop or modify if pain, dizziness, numbness, unexpected weakness, loss of balance, or loss of controlled technique occurs. Exercise-specific limits: Acute groin symptoms. Cannot perform short-lever version cleanly. High adductor soreness or fixture congestion.",,short_lever_copenhagen_plank;side_plank;banded_lateral_walk,copenhagen_adduction;cable_hip_adduction,general,yes,approved,Runlete founder,"Catalogue content and bounded generator selection; not medical diagnosis, rehabilitation or specialist certification"
REV-101,Short-Lever Copenhagen Adduction,short_lever_copenhagen_adduction,,exercise,adductor,adductor_capacity,local_muscular_endurance;trunk_force_transfer,capacity,adductors,obliques;glutes;trunk,bench,gym;home,intermediate,1,1,3,no,sets;repetitions;load_kg;percentage_1rm;effort_rpe;rir;tempo_seconds;recovery_seconds,Support at the knee. Stack shoulders and hips. Lift smoothly.,Support at the knee. Stack shoulders and hips. Lift smoothly.,Using too long a lever. Twisting toward the floor. Holding breath the whole set.,"Stop or modify if pain, dizziness, numbness, unexpected weakness, loss of balance, or loss of controlled technique occurs. Exercise-specific limits: Groin symptoms increase. Bench pressure is painful. The athlete cannot maintain side-plank alignment.",copenhagen_adduction,adductor_squeeze,cable_hip_adduction,general,yes,approved,Runlete founder,"Catalogue content and bounded generator selection; not medical diagnosis, rehabilitation or specialist certification"
REV-102,Copenhagen Adduction,copenhagen_adduction,,exercise,adductor,adductor_capacity,local_muscular_endurance;trunk_force_transfer,capacity,adductors,obliques;glutes;trunk;quadriceps,bench,gym;home,advanced,3,1,2,yes,sets;repetitions;load_kg;percentage_1rm;effort_rpe;rir;tempo_seconds;recovery_seconds,Support top leg securely. Keep body in a straight line. Lift hips without twisting.,Support top leg securely. Keep body in a straight line. Lift hips without twisting.,Sagging at hips. Using an unstable bench edge. Letting the top knee bend unintentionally.,"Stop or modify if pain, dizziness, numbness, unexpected weakness, loss of balance, or loss of controlled technique occurs. Exercise-specific limits: Current groin pain is not cleared. The athlete cannot hold a side plank. Support setup is unsafe.",,short_lever_copenhagen_adduction,cable_hip_adduction;adductor_squeeze,general,yes,approved,Runlete founder,"Catalogue content and bounded generator selection; not medical diagnosis, rehabilitation or specialist certification"
REV-103,Banded Clamshell,banded_clamshell,,exercise,hip_abduction,trunk_force_transfer,local_muscular_endurance;recovery_capacity,capacity,glutes,deep_core;adductors,mini_band,field;gym;home,beginner,1,1,2,no,sets;repetitions;load_kg;percentage_1rm;effort_rpe;rir;tempo_seconds;recovery_seconds,Stack hips and shoulders. Keep feet together. Open the top knee without rolling pelvis.,Stack hips and shoulders. Keep feet together. Open the top knee without rolling pelvis.,Rolling backward to fake range. Band too heavy. Moving too fast.,"Stop or modify if pain, dizziness, numbness, unexpected weakness, loss of balance, or loss of controlled technique occurs. Exercise-specific limits: Lateral hip pain increases. Athlete cannot stop pelvic rolling. Exercise causes hip pinching.",hip_airplane,,banded_lateral_walk,general,yes,approved,Runlete founder,"Catalogue content and bounded generator selection; not medical diagnosis, rehabilitation or specialist certification"
REV-104,Banded Lateral Walk,banded_lateral_walk,,exercise,hip_abduction,trunk_force_transfer,mobility_preparation;local_muscular_endurance,capacity,glutes;trunk,adductors;quadriceps;deep_core,mini_band;resistance_band,field;gym;home,beginner,1,1,2,no,sets;repetitions;load_kg;percentage_1rm;effort_rpe;rir;tempo_seconds;recovery_seconds,Soft knees and hips. Step wide enough to keep band tension. Keep toes mostly forward.,Soft knees and hips. Step wide enough to keep band tension. Keep toes mostly forward.,Feet snapping together. Knees collapsing inward. Torso leaning side to side.,"Stop or modify if pain, dizziness, numbness, unexpected weakness, loss of balance, or loss of controlled technique occurs. Exercise-specific limits: Lateral hip pain worsens. Knee control gets worse under band tension. Athlete cannot keep a stable pelvis.",hip_airplane;lateral_bear_crawl,,banded_clamshell,general,yes,approved,Runlete founder,"Catalogue content and bounded generator selection; not medical diagnosis, rehabilitation or specialist certification"
REV-105,Hip Airplane,hip_airplane,,exercise,hinge,balance_postural_control,trunk_force_transfer;hamstring_capacity,primary,glutes;deep_core;trunk,hamstrings;adductors;calves,bodyweight,field;gym;home,advanced,3,1,2,yes,sets;repetitions;load_kg;percentage_1rm;effort_rpe;rir;tempo_seconds;recovery_seconds,"Hinge first, rotate second. Use a wall or rack for support if needed. Move from the hip, not the low back.","Hinge first, rotate second. Use a wall or rack for support if needed. Move from the hip, not the low back.",Turning through the spine instead of hip. Losing balance every rep. Knee collapsing inward.,"Stop or modify if pain, dizziness, numbness, unexpected weakness, loss of balance, or loss of controlled technique occurs. Exercise-specific limits: Balance risk is high. Hip pinching or groin pain. Athlete cannot hinge on one leg safely.",,banded_lateral_walk,,general,yes,approved,Runlete founder,"Catalogue content and bounded generator selection; not medical diagnosis, rehabilitation or specialist certification"
REV-106,Spanish Squat Hold,spanish_squat_hold,,isometric,squat_isometric,isometric_force_capacity,,capacity,quadriceps,glutes;calves;trunk,resistance_band;squat_rack,gym,beginner,1,1,2,no,sets;duration_seconds;effort_rpe;joint_position;recovery_seconds,Anchor band behind knees. Sit back into band tension. Keep torso tall.,Anchor band behind knees. Sit back into band tension. Keep torso tall.,Band placed too high or low. Letting knees collapse. Relaxing into the band.,"Stop or modify if pain, dizziness, numbness, unexpected weakness, loss of balance, or loss of controlled technique occurs. Exercise-specific limits: Band setup is unstable. Knee pain increases during holds. The athlete cannot maintain foot pressure.",,,hip_flexor_isometric_hold;split_squat_yielding_hold,general,yes,approved,Runlete founder,"Catalogue content and bounded generator selection; not medical diagnosis, rehabilitation or specialist certification"
REV-107,Glute-Ham Raise,glute_ham_raise,,exercise,knee_flexion,hamstring_capacity,maximum_strength;local_muscular_endurance,capacity,hamstrings;glutes,calves;trunk,machine,gym,advanced,3,1,2,yes,sets;repetitions;load_kg;percentage_1rm;effort_rpe;rir;tempo_seconds;recovery_seconds,Set knees just behind pad. Stay long through torso. Control the lowering.,Set knees just behind pad. Stay long through torso. Control the lowering.,Bending at the hips excessively. Dropping into the bottom. Using lumbar extension to finish.,"Stop or modify if pain, dizziness, numbness, unexpected weakness, loss of balance, or loss of controlled technique occurs. Exercise-specific limits: Machine fit is poor. Hamstring cramps or strains are present. The athlete lacks eccentric control.",,assisted_nordic_hamstring_curl,seated_leg_curl;barbell_romanian_deadlift;nordic_hamstring_curl,general,yes,approved,Runlete founder,"Catalogue content and bounded generator selection; not medical diagnosis, rehabilitation or specialist certification"
REV-108,Glute-Biased 45-Degree Back Extension,glute_biased_45_degree_back_extension,,exercise,hinge,maximum_strength,hamstring_capacity,primary,glutes;hamstrings,trunk;adductors,machine;plates;dumbbells,gym,intermediate,1,1,2,no,sets;repetitions;load_kg;percentage_1rm;effort_rpe;rir;tempo_seconds;recovery_seconds,Set pad below hip crease. Slightly round upper back if glute bias is desired. Push hips into pad.,Set pad below hip crease. Slightly round upper back if glute bias is desired. Push hips into pad.,Hyperextending the spine. Setting pad too high. Swinging for momentum.,"Stop or modify if pain, dizziness, numbness, unexpected weakness, loss of balance, or loss of controlled technique occurs. Exercise-specific limits: Extension-based back pain is provoked. Pad setup cannot fit the athlete. Hamstring cramping dominates every rep.",barbell_romanian_deadlift,,reverse_hyperextension;barbell_hip_thrust;seated_leg_curl,general,yes,approved,Runlete founder,"Catalogue content and bounded generator selection; not medical diagnosis, rehabilitation or specialist certification"
REV-109,Reverse Hyperextension,reverse_hyperextension,,exercise,hip_extension,maximum_strength,trunk_force_transfer;hamstring_capacity;local_muscular_endurance,primary,glutes;hamstrings,trunk;adductors,machine;bench;cable_machine,gym,intermediate,1,1,3,no,sets;repetitions;load_kg;percentage_1rm;effort_rpe;rir;tempo_seconds;recovery_seconds,Anchor torso to pad. Lift legs with glutes. Control the swing.,Anchor torso to pad. Lift legs with glutes. Control the swing.,Using excessive momentum. Hyperextending the low back. Letting hips slide on the pad.,"Stop or modify if pain, dizziness, numbness, unexpected weakness, loss of balance, or loss of controlled technique occurs. Exercise-specific limits: Extension-based back pain is provoked. Machine setup is unstable. The athlete cannot separate hip motion from lumbar motion.",barbell_romanian_deadlift,glute_biased_45_degree_back_extension,barbell_hip_thrust;seated_leg_curl,general,yes,approved,Runlete founder,"Catalogue content and bounded generator selection; not medical diagnosis, rehabilitation or specialist certification"
REV-110,Cable Hip Abduction,cable_hip_abduction,,exercise,hip_abduction,mobility_preparation,trunk_force_transfer,accessory,gluteus_medius;gluteus_minimus,trunk;stance_leg_hip_muscles,cable_machine,gym,intermediate,1,1,3,no,sets;repetitions;load_kg;percentage_1rm;effort_rpe;rir;tempo_seconds;recovery_seconds,Stand tall with light support. Lead with the heel or outer thigh. Keep pelvis quiet.,Stand tall with light support. Lead with the heel or outer thigh. Keep pelvis quiet.,Leaning away from the machine. Swinging the leg. Turning toes up excessively.,"Stop or modify if pain, dizziness, numbness, unexpected weakness, loss of balance, or loss of controlled technique occurs. Exercise-specific limits: Balance prevents clean reps. Hip pinching occurs. The cable line pulls the athlete out of position.",,,,general,yes,approved,Runlete founder,"Catalogue content and bounded generator selection; not medical diagnosis, rehabilitation or specialist certification"
REV-111,Cable Hip Adduction,cable_hip_adduction,,exercise,hip_adduction,adductor_capacity,,capacity,adductors,glutes;trunk;tibialis_anterior,cable_machine,gym,intermediate,1,1,3,no,sets;repetitions;load_kg;percentage_1rm;effort_rpe;rir;tempo_seconds;recovery_seconds,Stand tall with light support. Move from the hip. Keep pelvis square.,Stand tall with light support. Move from the hip. Keep pelvis square.,Swinging the leg. Leaning the torso. Using too much range.,"Stop or modify if pain, dizziness, numbness, unexpected weakness, loss of balance, or loss of controlled technique occurs. Exercise-specific limits: Balance prevents clean reps. Cable line pulls the pelvis out of position. Groin pain appears.",copenhagen_adduction,adductor_squeeze,short_lever_copenhagen_adduction,general,yes,approved,Runlete founder,"Catalogue content and bounded generator selection; not medical diagnosis, rehabilitation or specialist certification"
REV-112,Incline Y Raise,incline_y_raise,,exercise,shoulder_elevation,shoulder_capacity,,capacity,traps,shoulders;rear_delts;rotator_cuff,bench;dumbbells,gym;home,beginner,1,1,2,no,sets;repetitions;load_kg;percentage_1rm;effort_rpe;rir;tempo_seconds;recovery_seconds,Lie chest-down on a low incline. Raise arms in a Y shape with thumbs slightly up. Keep the range smooth and neck relaxed.,Lie chest-down on a low incline. Raise arms in a Y shape with thumbs slightly up. Keep the range smooth and neck relaxed.,Using heavy dumbbells and shrugging. Arching the low back off the bench. Turning the Y into a straight front raise.,"Stop or modify if pain, dizziness, numbness, unexpected weakness, loss of balance, or loss of controlled technique occurs. Exercise-specific limits: Shoulder flexion is painful. The athlete cannot avoid neck tension even unloaded.",,,wall_slide_with_lift_off;face_pull;wall_slide,general,yes,approved,Runlete founder,"Catalogue content and bounded generator selection; not medical diagnosis, rehabilitation or specialist certification"
REV-113,Cable 90/90 External Rotation,cable_90_90_external_rotation,,exercise,shoulder_external_rotation,shoulder_capacity,maximum_strength,capacity,rotator_cuff,rear_delts;traps;shoulders,cable_machine,gym,advanced,3,1,2,yes,sets;repetitions;load_kg;percentage_1rm;effort_rpe;rir;tempo_seconds;recovery_seconds,Set the elbow around shoulder height and keep ribs down. Rotate the forearm back without arching or shrugging. Use very light load and strict control.,Set the elbow around shoulder height and keep ribs down. Rotate the forearm back without arching or shrugging. Use very light load and strict control.,Choosing too much weight. Letting the elbow drop below shoulder level. Extending the spine to find range.,"Stop or modify if pain, dizziness, numbness, unexpected weakness, loss of balance, or loss of controlled technique occurs. Exercise-specific limits: Use very light load and only a pain-free, non-apprehensive 90/90 position. This is a contextual shoulder-strength exercise, not a generic rehabilitation prescription. Regress the arm angle if control or symptoms are unacceptable.",,band_external_rotation_at_side,side_lying_dumbbell_external_rotation;face_pull,general,yes,approved,Runlete founder,"Catalogue content and bounded generator selection; not medical diagnosis, rehabilitation or specialist certification"
REV-114,Serratus Cable Punch,serratus_cable_punch,,exercise,scapular_protraction,shoulder_capacity,,capacity,serratus_anterior,shoulder_flexors;trunk,cable_machine,gym,beginner,1,1,2,no,sets;repetitions;load_kg;percentage_1rm;effort_rpe;rir;tempo_seconds;recovery_seconds,Set the cable near chest height. Keep the elbow softly extended. Reach the shoulder blade around the rib cage without rotating the trunk.,Set the cable near chest height. Keep the elbow softly extended. Reach the shoulder blade around the rib cage without rotating the trunk.,Turning the drill into a chest press. Shrugging. Rotating the torso to create range.,"Stop or modify if pain, dizziness, numbness, unexpected weakness, loss of balance, or loss of controlled technique occurs. Exercise-specific limits: Protraction range causes shoulder pain. The athlete cannot resist trunk rotation.",,,band_external_rotation_at_side;band_pull_apart,general,yes,approved,Runlete founder,"Catalogue content and bounded generator selection; not medical diagnosis, rehabilitation or specialist certification"
REV-115,Four-Direction Cervical Isometrics,four_direction_cervical_isometrics,,isometric,cervical_flexion,neck_capacity,isometric_force_capacity,capacity,neck,traps;upper_back;deep_core,resistance_band,field;gym;home,beginner,1,1,3,no,sets;duration_seconds;effort_rpe;joint_position;recovery_seconds,"Apply light resistance separately to the front, back, left side, and right side of the head. Keep the head still and build tension gradually. Breathe throughout.","Apply light resistance separately to the front, back, left side, and right side of the head. Keep the head still and build tension gradually. Breathe throughout.",Using maximal effort. Moving the neck instead of holding. Holding the breath or continuing through headache or dizziness.,"Stop or modify if pain, dizziness, numbness, unexpected weakness, loss of balance, or loss of controlled technique occurs. Exercise-specific limits: Neck-strength gains are plausible, but concussion prevention is unproven. Stop for headache, dizziness, visual change, numbness, tingling, or radiating pain. Obtain clinical clearance after neck injury.",,,,general,yes,approved,Runlete founder,"Catalogue content and bounded generator selection; not medical diagnosis, rehabilitation or specialist certification"
REV-116,Controlled Hang,controlled_hang,,exercise,hang,grip_capacity,shoulder_capacity;local_muscular_endurance,capacity,forearms;grip,shoulders;upper_back,pull_up_bar,gym;home,beginner,1,1,2,no,sets;duration_seconds;effort_rpe;recovery_seconds,Use a secure grip and a pain-free amount of bodyweight support. Keep enough shoulder control to avoid an abrupt end-range drop. Step down before grip fails.,Use a secure grip and a pain-free amount of bodyweight support. Keep enough shoulder control to avoid an abrupt end-range drop. Step down before grip fails.,Forcing a fully passive end range. Hanging to grip failure. Using an unsafe dismount.,"Stop or modify if pain, dizziness, numbness, unexpected weakness, loss of balance, or loss of controlled technique occurs. Exercise-specific limits: Do not claim shoulder decompression. Use partial unloading or an active hang for instability, and avoid during acute shoulder, elbow, wrist, or neurologic symptoms.",,,farmer_s_carry,general,yes,approved,Runlete founder,"Catalogue content and bounded generator selection; not medical diagnosis, rehabilitation or specialist certification"
REV-117,Kettlebell Swing,kettlebell_swing,,exercise,hinge,explosive_strength,local_muscular_endurance;hamstring_capacity,primary,glutes;hamstrings,trunk;lats;grip;calves,kettlebell,field;gym;home,intermediate,3,1,3,yes,sets;repetitions;load_kg;percentage_1rm;effort_rpe;rir;tempo_seconds;recovery_seconds,"Hike the bell back. Snap hips through. Let arms guide, not lift.","Hike the bell back. Snap hips through. Let arms guide, not lift.",Squatting the swing. Lifting with shoulders. Overextending at lockout.,"Stop or modify if pain, dizziness, numbness, unexpected weakness, loss of balance, or loss of controlled technique occurs. Exercise-specific limits: Hinge pattern is not learned. Back position changes under speed. Grip or shoulder control is unsafe.",box_jump,kettlebell_deadlift,sled_push;trap_bar_deadlift,general,yes,approved,Runlete founder,"Catalogue content and bounded generator selection; not medical diagnosis, rehabilitation or specialist certification"
REV-118,Push Press,push_press,,exercise,vertical_push,upper_body_power,explosive_strength;maximum_strength,primary,quadriceps;shoulders;triceps;glutes,trunk;upper_back;traps,barbell;plates;squat_rack,gym,advanced,3,1,2,yes,sets;repetitions;load_kg;percentage_1rm;effort_rpe;rir;tempo_seconds;recovery_seconds,"Set a stable front rack. Dip a few centimetres with the torso controlled. Drive through the legs, then finish the bar overhead and lower under control.","Set a stable front rack. Dip a few centimetres with the torso controlled. Drive through the legs, then finish the bar overhead and lower under control.",Dip shifting onto the toes. Pressing before leg drive transfers to the bar. Excessive trunk extension or an unstable overhead finish.,"Stop or modify if pain, dizziness, numbness, unexpected weakness, loss of balance, or loss of controlled technique occurs. Exercise-specific limits: Use as a coached power derivative after front-rack, dip-drive, and overhead control are established. Modify for shoulder, wrist, back, or knee symptoms and use a safe rack and clear lifting area.",,barbell_overhead_press;dumbbell_shoulder_press,barbell_overhead_press,general,yes,approved,Runlete founder,"Catalogue content and bounded generator selection; not medical diagnosis, rehabilitation or specialist certification"
REV-119,Squat Jump,squat_jump,,plyometric,squat,vertical_power,explosive_strength;maximum_strength;mobility_preparation,primary,quadriceps;glutes;calves,hamstrings;trunk,bodyweight,field;gym;home,intermediate,1,5,3,yes,sets;repetitions;contacts;distance_m;height_cm;intensity_percent;effort_rpe;recovery_seconds,Use a controlled countermovement. Jump vertically with maximal intent. Land quietly in a stable squat and reset before the next repetition.,Use a controlled countermovement. Jump vertically with maximal intent. Land quietly in a stable squat and reset before the next repetition.,Turning the set into conditioning. Landing stiff or unstable. Continuing after jump height declines.,"Stop or modify if pain, dizziness, numbness, unexpected weakness, loss of balance, or loss of controlled technique occurs. Exercise-specific limits: Use low-repetition quality sets and an appropriate landing surface. Stop when pain, landing control, or jump height deteriorates.",box_jump,goblet_squat;sled_push,box_jump;standing_jump_and_reach,general,yes,approved,Runlete founder,"Catalogue content and bounded generator selection; not medical diagnosis, rehabilitation or specialist certification"
REV-120,Box Jump,box_jump,,plyometric,box_jump,vertical_power,landing_capacity,primary,quadriceps;glutes;calves,hamstrings;trunk,bench,gym;home,intermediate,3,5,2,yes,sets;repetitions;contacts;distance_m;height_cm;intensity_percent;effort_rpe;recovery_seconds,"Choose a box that permits a quiet, balanced landing without excessive knee tuck. Jump with intent. Stand fully, then step down for the next repetition.","Choose a box that permits a quiet, balanced landing without excessive knee tuck. Jump with intent. Stand fully, then step down for the next repetition.",Selecting height based on knee tuck rather than takeoff ability. Landing near the edge. Repeatedly jumping down when landing exposure should be limited.,"Stop or modify if pain, dizziness, numbness, unexpected weakness, loss of balance, or loss of controlled technique occurs. Exercise-specific limits: Use a stable, non-slip box and clear area. Step down when reducing landing load. Stop for pain, unstable landings, or fatigue-related loss of control.",,step_up;sled_push,squat_jump,general,yes,approved,Runlete founder,"Catalogue content and bounded generator selection; not medical diagnosis, rehabilitation or specialist certification"
REV-121,Standing Jump-and-reach,standing_jump_and_reach,,plyometric,vertical_power,vertical_power,explosive_strength;reactive_elastic_strength,primary,quadriceps;glutes;hamstrings;calves,trunk;shoulders,soft_landing_surface,field;gym;home,beginner,1,5,2,yes,sets;repetitions;contacts;distance_m;height_cm;intensity_percent;effort_rpe;recovery_seconds,Use a controlled countermovement and coordinated arm swing. Jump vertically to a consistent target. Land quietly and reset before repeating.,Use a controlled countermovement and coordinated arm swing. Jump vertically to a consistent target. Land quietly and reset before repeating.,Drifting forward. Reaching early instead of completing takeoff. Continuing after height or landing quality falls.,"Stop or modify if pain, dizziness, numbness, unexpected weakness, loss of balance, or loss of controlled technique occurs. Exercise-specific limits: Use a clear overhead space and suitable landing surface. Stop for pain, unstable landings, or material loss of jump height.",,,squat_jump;box_jump,general,yes,approved,Runlete founder,"Catalogue content and bounded generator selection; not medical diagnosis, rehabilitation or specialist certification"
REV-122,Standing Long Jump,standing_long_jump,,plyometric,horizontal_power,horizontal_power,explosive_strength;vertical_power;reactive_elastic_strength,primary,quadriceps;glutes;hamstrings;calves,trunk;shoulders,soft_landing_surface,field;gym;home,beginner,1,5,2,yes,sets;repetitions;contacts;distance_m;height_cm;intensity_percent;effort_rpe;recovery_seconds,Use a coordinated countermovement and arm swing. Project forward with both feet. Land on both feet and hold a balanced finish.,Use a coordinated countermovement and arm swing. Project forward with both feet. Land on both feet and hold a balanced finish.,Jumping mostly upward. Landing with feet uneven. Chasing distance after landing control deteriorates.,"Stop or modify if pain, dizziness, numbness, unexpected weakness, loss of balance, or loss of controlled technique occurs. Exercise-specific limits: Provide a clear runway and non-slip landing area. Progress distance only while a controlled two-foot landing is repeatable.",,,alternate_bounding_with_single_arm_action,general,yes,approved,Runlete founder,"Catalogue content and bounded generator selection; not medical diagnosis, rehabilitation or specialist certification"
REV-123,Two-foot Ankle Hops,two_foot_ankle_hops,,plyometric,ankle_stiffness,reactive_elastic_strength,mobility_preparation,primary,quadriceps;glutes;calves,hamstrings;trunk,bodyweight,field;gym;home,beginner,1,5,2,yes,sets;repetitions;contacts;distance_m;height_cm;intensity_percent;effort_rpe;recovery_seconds,"Use small bilateral hops from the ankles. Keep contacts brief and quiet. Maintain a tall, rhythmic posture for a defined number of contacts.","Use small bilateral hops from the ankles. Keep contacts brief and quiet. Maintain a tall, rhythmic posture for a defined number of contacts.",Excessive knee bend. Chasing height. Losing rhythm or continuing after contacts become heavy.,"Stop or modify if pain, dizziness, numbness, unexpected weakness, loss of balance, or loss of controlled technique occurs. Exercise-specific limits: Start with conservative contact counts and a low amplitude. Modify for active foot, ankle, Achilles, or calf symptoms.",,,side_to_side_ankle_hop;diagonal_cone_hop,general,yes,approved,Runlete founder,"Catalogue content and bounded generator selection; not medical diagnosis, rehabilitation or specialist certification"
REV-124,Side-to-side Ankle Hop,side_to_side_ankle_hop,,plyometric,ankle_stiffness,reactive_elastic_strength,mobility_preparation,primary,quadriceps;glutes;calves,hamstrings;trunk,cones,field;gym;home,beginner,1,5,2,yes,sets;repetitions;contacts;distance_m;height_cm;intensity_percent;effort_rpe;recovery_seconds,Use small two-foot hops across a line or between close markers. Keep the ankles springy and contacts rhythmic. Maintain spacing and direction.,Use small two-foot hops across a line or between close markers. Keep the ankles springy and contacts rhythmic. Maintain spacing and direction.,Markers set too far apart. Feet separating unpredictably. Losing cadence or frontal-plane control.,"Stop or modify if pain, dizziness, numbness, unexpected weakness, loss of balance, or loss of controlled technique occurs. Exercise-specific limits: Begin bilaterally with short distance and defined contacts. Progress amplitude only when foot, ankle, knee, and landing control remain consistent.",,,two_foot_ankle_hops;diagonal_cone_hop,general,yes,approved,Runlete founder,"Catalogue content and bounded generator selection; not medical diagnosis, rehabilitation or specialist certification"
REV-125,Single-foot Side-to-side Ankle Hop,single_foot_side_to_side_ankle_hop,,plyometric,ankle_stiffness,reactive_elastic_strength,mobility_preparation,primary,quadriceps;glutes;calves,hamstrings;trunk,cones,field;gym;home,intermediate,1,5,2,yes,sets;repetitions;contacts;distance_m;height_cm;intensity_percent;effort_rpe;recovery_seconds,"Balance on one foot, then use small lateral ankle hops across a line. Keep contacts brief and the pelvis controlled. Stop before rhythm or foot position deteriorates.","Balance on one foot, then use small lateral ankle hops across a line. Keep contacts brief and the pelvis controlled. Stop before rhythm or foot position deteriorates.",Starting before single-leg landing capacity is established. Hopping too far. Collapsing through the foot or knee.,"Stop or modify if pain, dizziness, numbness, unexpected weakness, loss of balance, or loss of controlled technique occurs. Exercise-specific limits: Require pain-free single-leg balance, calf loading, and landing control first. Use low contact counts and regress to bilateral hops when needed.",,,diagonal_cone_hop;front_cone_hop,general,yes,approved,Runlete founder,"Catalogue content and bounded generator selection; not medical diagnosis, rehabilitation or specialist certification"
REV-126,Single-leg Lateral Jump,single_leg_lateral_jump,,plyometric,lateral_power,lateral_power,landing_capacity,primary,quadriceps;glutes;hamstrings;calves,trunk;shoulders,hurdles_or_barriers;soft_landing_surface,field;gym,advanced,3,5,2,yes,sets;repetitions;contacts;distance_m;height_cm;intensity_percent;effort_rpe;recovery_seconds,"Define the intent before the set: either jump laterally and stick the landing, or rebound only after stable stick landings are consistent. Use clear distance markers.","Define the intent before the set: either jump laterally and stick the landing, or rebound only after stable stick landings are consistent. Use clear distance markers.",Mixing stick and rebound intent. Chasing distance. Losing foot-knee-hip control on landing.,"Stop or modify if pain, dizziness, numbness, unexpected weakness, loss of balance, or loss of controlled technique occurs. Exercise-specific limits: High-impact unilateral plyometric. Require progressive single-leg strength and landing exposure, use low volumes, and stop for pain or loss of control.",,,,general,yes,approved,Runlete founder,"Catalogue content and bounded generator selection; not medical diagnosis, rehabilitation or specialist certification"
REV-127,Front Cone Hop,front_cone_hop,,plyometric,barrier_clearance,reactive_elastic_strength,explosive_strength,primary,calves;quadriceps;glutes;hamstrings,trunk;hip_stabilizers,cones;hurdles_or_barriers;soft_landing_surface,field;gym,intermediate,1,5,2,yes,sets;repetitions;contacts;distance_m;height_cm;intensity_percent;effort_rpe;recovery_seconds,"Set a low barrier and defined contact count. Hop forward with small, rhythmic contacts. Keep the barrier height low enough to preserve stiffness and cadence.","Set a low barrier and defined contact count. Hop forward with small, rhythmic contacts. Keep the barrier height low enough to preserve stiffness and cadence.",Barrier too high. Pausing between contacts. Landing heavily or continuing after cadence falls.,"Stop or modify if pain, dizziness, numbness, unexpected weakness, loss of balance, or loss of controlled technique occurs. Exercise-specific limits: Progress barrier height and contacts gradually. Modify for active foot, ankle, Achilles, calf, or knee symptoms.",,,diagonal_cone_hop;lateral_cone_hop,general,yes,approved,Runlete founder,"Catalogue content and bounded generator selection; not medical diagnosis, rehabilitation or specialist certification"
REV-128,Lateral Cone Hop,lateral_cone_hop,,plyometric,barrier_clearance,reactive_elastic_strength,explosive_strength,primary,calves;quadriceps;glutes;hamstrings,trunk;hip_stabilizers,cones,field;gym;home,intermediate,1,5,2,yes,sets;repetitions;contacts;distance_m;height_cm;intensity_percent;effort_rpe;recovery_seconds,"Set low, evenly spaced barriers. Perform repeated bilateral lateral hops with brief contacts. Keep the trunk and pelvis controlled.","Set low, evenly spaced barriers. Perform repeated bilateral lateral hops with brief contacts. Keep the trunk and pelvis controlled.",Unclear foot-contact pattern. Barriers too far apart. Losing rhythm or frontal-plane control.,"Stop or modify if pain, dizziness, numbness, unexpected weakness, loss of balance, or loss of controlled technique occurs. Exercise-specific limits: Use bilateral contacts before unilateral variants and progress spacing only when landings remain quiet and consistent.",,,diagonal_cone_hop;front_cone_hop,general,yes,approved,Runlete founder,"Catalogue content and bounded generator selection; not medical diagnosis, rehabilitation or specialist certification"
REV-129,Diagonal Cone Hop,diagonal_cone_hop,,plyometric,barrier_clearance,reactive_elastic_strength,explosive_strength,primary,calves;quadriceps;glutes;hamstrings,trunk;hip_stabilizers,cones;hurdles_or_barriers;soft_landing_surface,field;gym,intermediate,1,5,2,yes,sets;repetitions;contacts;distance_m;height_cm;intensity_percent;effort_rpe;recovery_seconds,Arrange low markers on a diagonal. Use controlled bilateral hops with a consistent direction and contact count. Keep amplitude modest.,Arrange low markers on a diagonal. Use controlled bilateral hops with a consistent direction and contact count. Keep amplitude modest.,Markers too far apart. Twisting on landing. Continuing after rhythm or alignment changes.,"Stop or modify if pain, dizziness, numbness, unexpected weakness, loss of balance, or loss of controlled technique occurs. Exercise-specific limits: Regress to straight or lateral bilateral hops. Progress only when ankle and landing control are stable and symptoms remain acceptable.",,,front_cone_hop;lateral_cone_hop,general,yes,approved,Runlete founder,"Catalogue content and bounded generator selection; not medical diagnosis, rehabilitation or specialist certification"
REV-130,Hurdle (barrier) Hop,hurdle_barrier_hop,,plyometric,barrier_clearance,reactive_elastic_strength,explosive_strength,primary,calves;quadriceps;glutes;hamstrings,trunk;hip_stabilizers,hurdles_or_barriers,field;gym,advanced,3,5,2,yes,sets;repetitions;contacts;distance_m;height_cm;intensity_percent;effort_rpe;recovery_seconds,"Specify barrier height, spacing, and whether each landing is a stick or rebound. Keep contacts crisp without sacrificing alignment. End the set when rhythm changes.","Specify barrier height, spacing, and whether each landing is a stick or rebound. Keep contacts crisp without sacrificing alignment. End the set when rhythm changes.",Excessive barrier height. Mixing rebound and reset repetitions. Chasing speed after landing quality falls.,"Stop or modify if pain, dizziness, numbness, unexpected weakness, loss of balance, or loss of controlled technique occurs. Exercise-specific limits: Advanced, high-impact work. Use low volumes, adequate spacing, and progressive bilateral exposure. Stop for pain or loss of landing control.",,,diagonal_cone_hop;front_cone_hop,general,yes,approved,Runlete founder,"Catalogue content and bounded generator selection; not medical diagnosis, rehabilitation or specialist certification"
REV-131,Zigzag Pogo Hop,zigzag_pogo_hop,,plyometric,repeated_bilateral_hop,reactive_elastic_strength,explosive_strength,primary,calves;quadriceps;glutes;hamstrings,trunk;hip_stabilizers,bodyweight,field;gym;home,intermediate,3,5,2,yes,sets;repetitions;contacts;distance_m;height_cm;intensity_percent;effort_rpe;recovery_seconds,Use low-amplitude two-foot hops through a marked zigzag path. Keep contacts brief and direction changes small. Finish while cadence and alignment are stable.,Use low-amplitude two-foot hops through a marked zigzag path. Keep contacts brief and direction changes small. Finish while cadence and alignment are stable.,Treating the drill as change-of-direction running. Using excessive lateral distance. Losing rhythm or landing heavily.,"Stop or modify if pain, dizziness, numbness, unexpected weakness, loss of balance, or loss of controlled technique occurs. Exercise-specific limits: This record specifically means bilateral pogo hops, not running. Regress to linear hops and progress only with pain-free ankle and landing control.",,,diagonal_cone_hop;front_cone_hop,general,yes,approved,Runlete founder,"Catalogue content and bounded generator selection; not medical diagnosis, rehabilitation or specialist certification"
REV-132,Power Skipping,power_skipping,,plyometric,power_skipping,reactive_elastic_strength,horizontal_power,primary,glutes;hamstrings;calves;quadriceps,hip_flexors;trunk,bodyweight,field;gym;home,intermediate,3,3,2,yes,sets;repetitions;contacts;distance_m;height_cm;intensity_percent;effort_rpe;recovery_seconds,"Use tall posture, coordinated opposite arm and knee action, and an active foot strike under the body. Travel only as fast as rhythm remains consistent.","Use tall posture, coordinated opposite arm and knee action, and an active foot strike under the body. Travel only as fast as rhythm remains consistent.",Overstriding. Collapsing at ground contact. Chasing distance or speed after timing deteriorates.,"Stop or modify if pain, dizziness, numbness, unexpected weakness, loss of balance, or loss of controlled technique occurs. Exercise-specific limits: Progress from marching and low skipping to more forceful contacts. Modify for active foot, ankle, Achilles, knee, or hamstring symptoms.",,,diagonal_cone_hop;front_cone_hop,general,yes,approved,Runlete founder,"Catalogue content and bounded generator selection; not medical diagnosis, rehabilitation or specialist certification"
REV-133,Alternate Bounding with Single-arm Action,alternate_bounding_with_single_arm_action,,plyometric,bounding,horizontal_power,reactive_elastic_strength,primary,glutes;hamstrings;calves;quadriceps,hip_flexors;trunk,bodyweight,field;gym;home,advanced,5,5,2,yes,sets;repetitions;contacts;distance_m;height_cm;intensity_percent;effort_rpe;recovery_seconds,"Use alternating long, elastic contacts with coordinated single-arm action. Project forward while maintaining tall posture. Stop when contact quality or rhythm declines.","Use alternating long, elastic contacts with coordinated single-arm action. Project forward while maintaining tall posture. Stop when contact quality or rhythm declines.",Overstriding. Reaching for distance. Losing pelvic control or continuing through fatigue.,"Stop or modify if pain, dizziness, numbness, unexpected weakness, loss of balance, or loss of controlled technique occurs. Exercise-specific limits: Specialist high-impact drill. Require prior sprint, unilateral strength, and progressive plyometric exposure. Use low volumes and stop for plantar-flexor, knee, or hamstring symptoms.",,,standing_long_jump,specialist_only,no,approved,Runlete founder,"Catalogue content and bounded generator selection; not medical diagnosis, rehabilitation or specialist certification"
REV-134,Chest Pass,chest_pass,,exercise,medicine_ball_chest_pass,upper_body_power,trunk_force_transfer,accessory,trunk;shoulders;chest,lats;triceps;glutes;hips,medicine_ball;partner,field;gym,intermediate,3,1,2,yes,sets;repetitions;load_kg;percentage_1rm;effort_rpe;rir;tempo_seconds;recovery_seconds,"Face a wall or prepared partner with the ball at chest height. Brace, then pass explosively while maintaining balance. Receive the rebound only when the setup is designed for it.","Face a wall or prepared partner with the ball at chest height. Brace, then pass explosively while maintaining balance. Receive the rebound only when the setup is designed for it.",Using a ball too heavy for velocity. Standing too close to a rebounding wall. Losing wrist or elbow position on release or catch.,"Stop or modify if pain, dizziness, numbness, unexpected weakness, loss of balance, or loss of controlled technique occurs. Exercise-specific limits: Define wall or partner distance and rebound behaviour. Use a clear area and modify for painful shoulder, elbow, wrist, or chest-pass catching.",,,overhead_throw;medicine_ball_slam,general,yes,approved,Runlete founder,"Catalogue content and bounded generator selection; not medical diagnosis, rehabilitation or specialist certification"
REV-135,Side Throw,side_throw,,exercise,medicine_ball_side_throw,rotational_power,trunk_force_transfer,accessory,trunk;shoulders;chest,lats;triceps;glutes;hips,medicine_ball;wall_or_partner,field;gym,intermediate,3,1,2,yes,sets;repetitions;load_kg;percentage_1rm;effort_rpe;rir;tempo_seconds;recovery_seconds,"Choose and name the variation—standing, step-behind, or scoop. Rotate through the hips and trunk toward a clear throwing sector. Release without crossing into the rebound path.","Choose and name the variation—standing, step-behind, or scoop. Rotate through the hips and trunk toward a clear throwing sector. Release without crossing into the rebound path.",Unclear footwork. Throwing across other athletes. Using a ball too heavy to maintain speed and control.,"Stop or modify if pain, dizziness, numbness, unexpected weakness, loss of balance, or loss of controlled technique occurs. Exercise-specific limits: Establish a clear throwing sector, wall distance, and retrieval rule. Modify for shoulder, back, hip, or groin symptoms.",,,,general,yes,approved,Runlete founder,"Catalogue content and bounded generator selection; not medical diagnosis, rehabilitation or specialist certification"
REV-136,Overhead Throw,overhead_throw,,exercise,medicine_ball_overhead_throw,upper_body_power,,accessory,trunk;shoulders;chest,lats;triceps;glutes;hips,medicine_ball;partner,field;gym,intermediate,3,1,2,yes,sets;repetitions;load_kg;percentage_1rm;effort_rpe;rir;tempo_seconds;recovery_seconds,"Use a light ball and a clear overhead release path. Coordinate hips, trunk, and arms. Finish balanced and retrieve only after the area is clear.","Use a light ball and a clear overhead release path. Coordinate hips, trunk, and arms. Finish balanced and retrieve only after the area is clear.","Ball too heavy. Excessive trunk extension. Releasing toward people, lights, or an unsafe surface.","Stop or modify if pain, dizziness, numbness, unexpected weakness, loss of balance, or loss of controlled technique occurs. Exercise-specific limits: Confirm overhead shoulder tolerance, ceiling clearance, release direction, and ball rebound. Do not use a jump throw unless it is programmed and coached separately.",,,chest_pass;medicine_ball_slam,general,yes,approved,Runlete founder,"Catalogue content and bounded generator selection; not medical diagnosis, rehabilitation or specialist certification"
REV-137,Underhand Throw,underhand_throw,,exercise,medicine_ball_underhand_throw,upper_body_power,trunk_force_transfer,accessory,trunk;shoulders;chest,lats;triceps;glutes;hips,medicine_ball;partner,field;gym,beginner,3,1,2,yes,sets;repetitions;load_kg;percentage_1rm;effort_rpe;rir;tempo_seconds;recovery_seconds,"Start with the ball between the legs or below the hips as specified. Use a controlled squat or hinge, then project the ball along a clear release angle. Finish balanced.","Start with the ball between the legs or below the hips as specified. Use a controlled squat or hinge, then project the ball along a clear release angle. Finish balanced.",Rounding or rushing to reach the ball. Throwing into an occupied sector. Selecting a ball that slows the movement excessively.,"Stop or modify if pain, dizziness, numbness, unexpected weakness, loss of balance, or loss of controlled technique occurs. Exercise-specific limits: Define squat versus hinge, release direction, partner or wall distance, and retrieval. Modify for back, hip, knee, shoulder, or groin symptoms.",,,medicine_ball_slam;chest_pass,general,yes,approved,Runlete founder,"Catalogue content and bounded generator selection; not medical diagnosis, rehabilitation or specialist certification"
REV-138,Medicine Ball Slam,medicine_ball_slam,,exercise,medicine_ball_slam,upper_body_power,trunk_force_transfer,accessory,trunk;shoulders;chest,lats;triceps;glutes;hips,medicine_ball,field;gym,beginner,1,1,2,no,sets;repetitions;load_kg;percentage_1rm;effort_rpe;rir;tempo_seconds;recovery_seconds,Raise a non-bouncing slam ball overhead within a comfortable range. Drive it into a clear target area. Control posture and retrieve only after the ball settles.,Raise a non-bouncing slam ball overhead within a comfortable range. Drive it into a clear target area. Control posture and retrieve only after the ball settles.,Using a bouncing ball near the face. Excessive trunk extension. Slamming toward feet or other athletes.,"Stop or modify if pain, dizziness, numbness, unexpected weakness, loss of balance, or loss of controlled technique occurs. Exercise-specific limits: Use an appropriate non-bouncing ball, adequate floor protection, and a clear area. Modify for painful overhead motion or back symptoms.",,,underhand_throw;chest_pass,general,yes,approved,Runlete founder,"Catalogue content and bounded generator selection; not medical diagnosis, rehabilitation or specialist certification"
REV-139,90/90 Hip Switch,90_90_hip_switch,,mobility,hip_internal_and_external_rotation,mobility_preparation,,preparation,hip;glute;adductor,,mat,field;gym;home,beginner,1,1,2,no,sets;repetitions;duration_seconds;range_of_motion;effort_rpe;recovery_seconds,Move slowly through hips. Use hands as needed to keep control.,Move slowly through hips. Use hands as needed to keep control.,Rushing and collapsing posture. Forcing painful hip rotation.,"Stop or modify if pain, dizziness, numbness, unexpected weakness, loss of balance, or loss of controlled technique occurs. Exercise-specific limits: Hip pinching.",,,adductor_rockback;arm_circles,general,yes,approved,Runlete founder,"Catalogue content and bounded generator selection; not medical diagnosis, rehabilitation or specialist certification"
REV-140,Adductor Rockback,adductor_rockback,,mobility,hip_abduction,mobility_preparation,trunk_force_transfer,preparation,adductor;hip;groin,,mat,field;gym;home,beginner,1,1,2,no,sets;repetitions;duration_seconds;range_of_motion;effort_rpe;recovery_seconds,Keep spine neutral. Move only through comfortable range.,Keep spine neutral. Move only through comfortable range.,Forcing groin stretch. Rotating away from the working side.,"Stop or modify if pain, dizziness, numbness, unexpected weakness, loss of balance, or loss of controlled technique occurs. Exercise-specific limits: Acute adductor strain.",,,90_90_hip_switch;arm_circles,general,yes,approved,Runlete founder,"Catalogue content and bounded generator selection; not medical diagnosis, rehabilitation or specialist certification"
REV-141,Arm Circles,arm_circles,,mobility,shoulder_circumduction,mobility_preparation,,preparation,shoulder;upper_back,,bodyweight,field;gym;home,beginner,1,1,2,no,sets;repetitions;duration_seconds;range_of_motion;effort_rpe;recovery_seconds,Keep ribs stacked over pelvis. Move smoothly without shoulder pinching.,Keep ribs stacked over pelvis. Move smoothly without shoulder pinching.,Arching the back. Moving into painful pinching.,"Stop or modify if pain, dizziness, numbness, unexpected weakness, loss of balance, or loss of controlled technique occurs. Exercise-specific limits: Acute shoulder pain.",,,90_90_hip_switch;adductor_rockback,general,yes,approved,Runlete founder,"Catalogue content and bounded generator selection; not medical diagnosis, rehabilitation or specialist certification"
REV-143,Calf Wall Stretch,calf_wall_stretch,,mobility,ankle_dorsiflexion,mobility_preparation,,preparation,calf;ankle,,wall,field;gym;home,beginner,1,1,2,no,sets;repetitions;duration_seconds;range_of_motion;effort_rpe;recovery_seconds,Keep toes pointed forward. Press heel down without bouncing.,Keep toes pointed forward. Press heel down without bouncing.,Back foot turning out. Heel lifting.,"Stop or modify if pain, dizziness, numbness, unexpected weakness, loss of balance, or loss of controlled technique occurs. Exercise-specific limits: Static calf stretching may improve range of motion but is not an injury-prevention or Achilles-treatment substitute. Avoid forceful stretching of a reactive tendon. Progressive tendon loading is the primary evidence-based intervention.",,,90_90_hip_switch;adductor_rockback,general,yes,approved,Runlete founder,"Catalogue content and bounded generator selection; not medical diagnosis, rehabilitation or specialist certification"
REV-144,Cat-Cow,cat_cow,,mobility,spinal_flexion_and_extension,mobility_preparation,,preparation,spine;neck;trunk,,mat,field;gym;home,beginner,1,1,2,no,sets;repetitions;duration_seconds;range_of_motion;effort_rpe;recovery_seconds,Move segment by segment. Stay below pain or nerve symptoms.,Move segment by segment. Stay below pain or nerve symptoms.,Forcing end range. Holding breath.,"Stop or modify if pain, dizziness, numbness, unexpected weakness, loss of balance, or loss of controlled technique occurs. Exercise-specific limits: Use symptom-tolerant spinal movement. Modify repeated or end-range flexion for people at high vertebral-fracture risk. Osteoporosis alone is not a blanket prohibition. This drill is not a stand-alone back-pain treatment.",,,90_90_hip_switch;adductor_rockback,general,yes,approved,Runlete founder,"Catalogue content and bounded generator selection; not medical diagnosis, rehabilitation or specialist certification"
REV-145,Child's Pose Lat Stretch,child_s_pose_lat_stretch,,mobility,shoulder_flexion,mobility_preparation,recovery_capacity,preparation,lat;thoracic_spine;shoulder,,mat,field;gym;home,beginner,1,1,2,no,sets;repetitions;duration_seconds;range_of_motion;effort_rpe;recovery_seconds,Let breathing expand the back. Use padding under knees if needed.,Let breathing expand the back. Use padding under knees if needed.,Forcing hips to heels through knee pain. Holding breath.,"Stop or modify if pain, dizziness, numbness, unexpected weakness, loss of balance, or loss of controlled technique occurs. Exercise-specific limits: Knee pain in kneeling. Shoulder pain overhead.",,,90_90_hip_switch;adductor_rockback,general,yes,approved,Runlete founder,"Catalogue content and bounded generator selection; not medical diagnosis, rehabilitation or specialist certification"
REV-146,Couch Stretch,couch_stretch,,mobility,hip_extension,mobility_preparation,,preparation,quad;hip_flexor,,wall_or_bench;pad_optional,field;gym;home,beginner,1,1,2,no,sets;repetitions;duration_seconds;range_of_motion;effort_rpe;recovery_seconds,Start farther from the wall if tight. Do not chase full upright posture at the expense of pain.,Start farther from the wall if tight. Do not chase full upright posture at the expense of pain.,Overarching back. Forcing knee flexion.,"Stop or modify if pain, dizziness, numbness, unexpected weakness, loss of balance, or loss of controlled technique occurs. Exercise-specific limits: Knee pain with deep bend. Front hip pinch.",,,90_90_hip_switch;adductor_rockback,general,yes,approved,Runlete founder,"Catalogue content and bounded generator selection; not medical diagnosis, rehabilitation or specialist certification"
REV-147,Crossover Arm Stretch,crossover_arm_stretch,,mobility,shoulder_horizontal_adduction,mobility_preparation,,preparation,shoulder;posterior_deltoid,,bodyweight,field;gym;home,beginner,1,1,2,no,sets;repetitions;duration_seconds;range_of_motion;effort_rpe;recovery_seconds,"Keep shoulder relaxed. Pull gently across, not down into pain.","Keep shoulder relaxed. Pull gently across, not down into pain.",Pulling on elbow. Shrugging the neck.,"Stop or modify if pain, dizziness, numbness, unexpected weakness, loss of balance, or loss of controlled technique occurs. Exercise-specific limits: Sharp shoulder pain.",,,90_90_hip_switch;adductor_rockback,general,yes,approved,Runlete founder,"Catalogue content and bounded generator selection; not medical diagnosis, rehabilitation or specialist certification"
REV-148,Deep Squat Pry,deep_squat_pry,,mobility,deep_squat,mobility_range_capacity,mobility_preparation,preparation,ankle;hip;adductor;thoracic_spine,,support_optional,field;gym;home,beginner,1,1,2,no,sets;repetitions;duration_seconds;range_of_motion;effort_rpe;recovery_seconds,Keep heels grounded if possible. Use support so range stays controlled.,Keep heels grounded if possible. Use support so range stays controlled.,Collapsing arches. Forcing depth with back rounding.,"Stop or modify if pain, dizziness, numbness, unexpected weakness, loss of balance, or loss of controlled technique occurs. Exercise-specific limits: Painful hip pinch. Knee pain at deep flexion.",,,knee_to_wall_ankle_rocks;optional_foam_rolling,general,yes,approved,Runlete founder,"Catalogue content and bounded generator selection; not medical diagnosis, rehabilitation or specialist certification"
REV-149,Doorway Pec Stretch,doorway_pec_stretch,,mobility,pectoral_and_anterior_shoulder_stretch,mobility_preparation,,preparation,chest;shoulder,,doorway,field;gym;home,beginner,1,1,2,no,sets;repetitions;duration_seconds;range_of_motion;effort_rpe;recovery_seconds,Keep shoulder down away from ear. Use low to moderate arm angle first.,Keep shoulder down away from ear. Use low to moderate arm angle first.,Overarching low back. Numbing or tingling down arm.,"Stop or modify if pain, dizziness, numbness, unexpected weakness, loss of balance, or loss of controlled technique occurs. Exercise-specific limits: Use a gentle shoulder-tolerant position. Stop for numbness, tingling, radiating pain, or instability. Do not present this stretch as posture correction or shoulder treatment.",,,90_90_hip_switch;adductor_rockback,general,yes,approved,Runlete founder,"Catalogue content and bounded generator selection; not medical diagnosis, rehabilitation or specialist certification"
REV-150,Dynamic Supine Hamstring Extension,dynamic_supine_hamstring_extension,,mobility,dynamic_hamstring_mobility,mobility_preparation,,preparation,hamstring;knee,,mat,field;gym;home,beginner,1,1,2,no,sets;repetitions;duration_seconds;range_of_motion;effort_rpe;recovery_seconds,Move smoothly. Stay inside comfortable range.,Move smoothly. Stay inside comfortable range.,Forcing straight knee. Pulling on the knee joint.,"Stop or modify if pain, dizziness, numbness, unexpected weakness, loss of balance, or loss of controlled technique occurs. Exercise-specific limits: Move the knee through a comfortable range without forcing neural tension. Stop for numbness, tingling, radiating pain, or sharp posterior-knee symptoms.",,,90_90_hip_switch;adductor_rockback,general,yes,approved,Runlete founder,"Catalogue content and bounded generator selection; not medical diagnosis, rehabilitation or specialist certification"
REV-151,Figure-4 Stretch,figure_4_stretch,,mobility,posterior_hip_stretch,mobility_preparation,,preparation,glute;piriformis;hip,,mat,field;gym;home,beginner,1,1,2,no,sets;repetitions;duration_seconds;range_of_motion;effort_rpe;recovery_seconds,Keep neck relaxed. Hold behind the thigh rather than yanking the knee.,Keep neck relaxed. Hold behind the thigh rather than yanking the knee.,Pulling into pain. Lifting head and neck excessively.,"Stop or modify if pain, dizziness, numbness, unexpected weakness, loss of balance, or loss of controlled technique occurs. Exercise-specific limits: Use a comfortable posterior-hip stretch and avoid forcing the knee. It does not isolate the piriformis in every person and is not a stand-alone treatment for back or sciatic symptoms.",,,90_90_hip_switch;adductor_rockback,general,yes,approved,Runlete founder,"Catalogue content and bounded generator selection; not medical diagnosis, rehabilitation or specialist certification"
REV-152,Frog Rockback,frog_rockback,,mobility,hip_abduction,mobility_preparation,trunk_force_transfer,preparation,adductor;hip,,mat,field;gym;home,beginner,1,1,2,no,sets;repetitions;duration_seconds;range_of_motion;effort_rpe;recovery_seconds,Use padding under knees. Stay well below sharp groin pain.,Use padding under knees. Stay well below sharp groin pain.,Going too wide too soon. Holding breath.,"Stop or modify if pain, dizziness, numbness, unexpected weakness, loss of balance, or loss of controlled technique occurs. Exercise-specific limits: Acute groin pain. Knee discomfort on floor.",,,90_90_hip_switch;adductor_rockback,general,yes,approved,Runlete founder,"Catalogue content and bounded generator selection; not medical diagnosis, rehabilitation or specialist certification"
REV-153,Front-Back Leg Swing,front_back_leg_swing,,mobility,hip_flexion_and_extension,mobility_preparation,,preparation,hip;hamstring;hip_flexor,,wall_support_optional,field;gym;home,beginner,1,1,2,no,sets;repetitions;duration_seconds;range_of_motion;effort_rpe;recovery_seconds,Brace lightly so the low back does not arch. Let range build gradually across reps.,Brace lightly so the low back does not arch. Let range build gradually across reps.,Forcing end range. Leaning back to fake hip extension.,"Stop or modify if pain, dizziness, numbness, unexpected weakness, loss of balance, or loss of controlled technique occurs. Exercise-specific limits: Sharp hip or hamstring pain.",,,90_90_hip_switch;adductor_rockback,general,yes,approved,Runlete founder,"Catalogue content and bounded generator selection; not medical diagnosis, rehabilitation or specialist certification"
REV-154,Half-Kneeling Hip Flexor Stretch,half_kneeling_hip_flexor_stretch,,mobility,hip_extension,mobility_preparation,trunk_force_transfer,preparation,hip_flexor;quad;pelvis,,pad_optional,field;gym;home,beginner,1,1,2,no,sets;repetitions;duration_seconds;range_of_motion;effort_rpe;recovery_seconds,"Glute squeeze first, then shift. Keep ribs stacked over pelvis.","Glute squeeze first, then shift. Keep ribs stacked over pelvis.",Arching low back. Driving aggressively into the front of the hip.,"Stop or modify if pain, dizziness, numbness, unexpected weakness, loss of balance, or loss of controlled technique occurs. Exercise-specific limits: Front hip pinching.",,,90_90_hip_switch;adductor_rockback,general,yes,approved,Runlete founder,"Catalogue content and bounded generator selection; not medical diagnosis, rehabilitation or specialist certification"
REV-155,Inchworm Walkout,inchworm_walkout,,mobility,dynamic_walkout,mobility_preparation,trunk_force_transfer,preparation,hamstring;calf;shoulder;trunk,,bodyweight,field;gym;home,beginner,1,1,2,no,sets;repetitions;duration_seconds;range_of_motion;effort_rpe;recovery_seconds,Bend knees as needed. Keep plank strong before walking back.,Bend knees as needed. Keep plank strong before walking back.,Forcing hamstring stretch cold. Sagging through the low back in plank.,"Stop or modify if pain, dizziness, numbness, unexpected weakness, loss of balance, or loss of controlled technique occurs. Exercise-specific limits: Bend the knees and shorten the walkout as needed. Modify repeated or loaded spinal flexion for people at high vertebral-fracture risk. Otherwise flexion is not automatically harmful and should be symptom guided.",,,90_90_hip_switch;adductor_rockback,general,yes,approved,Runlete founder,"Catalogue content and bounded generator selection; not medical diagnosis, rehabilitation or specialist certification"
REV-156,Knee-To-Wall Ankle Rocks,knee_to_wall_ankle_rocks,,mobility,ankle_dorsiflexion,mobility_range_capacity,mobility_preparation,preparation,ankle;calf;soleus,,wall,field;gym;home,beginner,1,1,2,no,sets;repetitions;duration_seconds;range_of_motion;effort_rpe;recovery_seconds,"Track knee over the middle toes. Move from ankle, not arch collapse.","Track knee over the middle toes. Move from ankle, not arch collapse.",Heel lifting. Knee collapsing inward.,"Stop or modify if pain, dizziness, numbness, unexpected weakness, loss of balance, or loss of controlled technique occurs. Exercise-specific limits: Sharp Achilles or ankle pain.",,,deep_squat_pry;optional_foam_rolling,general,yes,approved,Runlete founder,"Catalogue content and bounded generator selection; not medical diagnosis, rehabilitation or specialist certification"
REV-157,Lateral Leg Swing,lateral_leg_swing,,mobility,hip_abduction_and_adduction,mobility_preparation,,preparation,hip;adductor;abductor,,wall_support_optional,field;gym;home,beginner,1,1,2,no,sets;repetitions;duration_seconds;range_of_motion;effort_rpe;recovery_seconds,"Keep pelvis mostly level. Use controlled rhythm, not momentum-only kicking.","Keep pelvis mostly level. Use controlled rhythm, not momentum-only kicking.",Twisting the whole body. Snapping into end range.,"Stop or modify if pain, dizziness, numbness, unexpected weakness, loss of balance, or loss of controlled technique occurs. Exercise-specific limits: Acute groin pain.",,,90_90_hip_switch;adductor_rockback,general,yes,approved,Runlete founder,"Catalogue content and bounded generator selection; not medical diagnosis, rehabilitation or specialist certification"
REV-158,Open Book Thoracic Rotation,open_book_thoracic_rotation,,mobility,thoracic_rotation,mobility_preparation,recovery_capacity,preparation,thoracic_spine;chest;shoulder,,mat,field;gym;home,beginner,1,1,2,no,sets;repetitions;duration_seconds;range_of_motion;effort_rpe;recovery_seconds,"Rotate through upper back, not low back. Follow the hand with your eyes if comfortable.","Rotate through upper back, not low back. Follow the hand with your eyes if comfortable.",Letting knees separate. Forcing shoulder to the floor.,"Stop or modify if pain, dizziness, numbness, unexpected weakness, loss of balance, or loss of controlled technique occurs. Exercise-specific limits: Acute shoulder or spine pain.",,,90_90_hip_switch;adductor_rockback,general,yes,approved,Runlete founder,"Catalogue content and bounded generator selection; not medical diagnosis, rehabilitation or specialist certification"
REV-160,Short Foot,short_foot,,mobility,foot_intrinsic_contraction,calf_soleus_capacity,mobility_preparation,preparation,foot;ankle,,bodyweight,field;gym;home,beginner,1,1,2,no,sets;repetitions;duration_seconds;range_of_motion;effort_rpe;recovery_seconds,Keep toes relaxed. Think of shortening the arch.,Keep toes relaxed. Think of shortening the arch.,Toe curling. Rolling to outside foot.,"Stop or modify if pain, dizziness, numbness, unexpected weakness, loss of balance, or loss of controlled technique occurs. Exercise-specific limits: May improve foot function, but running-performance and injury-prevention effects are not established. Keep the toes relaxed and progress from seated to standing or loaded work gradually.",,,,general,yes,approved,Runlete founder,"Catalogue content and bounded generator selection; not medical diagnosis, rehabilitation or specialist certification"
REV-161,Soleus Wall Stretch,soleus_wall_stretch,,mobility,ankle_dorsiflexion,mobility_preparation,,preparation,soleus;ankle,,wall,field;gym;home,beginner,1,1,2,no,sets;repetitions;duration_seconds;range_of_motion;effort_rpe;recovery_seconds,Keep heel heavy. Use gentle pressure only.,Keep heel heavy. Use gentle pressure only.,Collapsing arch. Bouncing.,"Stop or modify if pain, dizziness, numbness, unexpected weakness, loss of balance, or loss of controlled technique occurs. Exercise-specific limits: Reactive Achilles pain.",,,90_90_hip_switch;adductor_rockback,general,yes,approved,Runlete founder,"Catalogue content and bounded generator selection; not medical diagnosis, rehabilitation or specialist certification"
REV-162,Standing Quadriceps Stretch,standing_quadriceps_stretch,,mobility,knee_flexion,mobility_preparation,,preparation,quad;hip_flexor;knee,,wall_support_optional,field;gym;home,beginner,1,1,2,no,sets;repetitions;duration_seconds;range_of_motion;effort_rpe;recovery_seconds,Keep knees close together. Use support to avoid twisting.,Keep knees close together. Use support to avoid twisting.,Arching low back. Pulling into knee pain.,"Stop or modify if pain, dizziness, numbness, unexpected weakness, loss of balance, or loss of controlled technique occurs. Exercise-specific limits: Painful knee flexion.",,,90_90_hip_switch;adductor_rockback,general,yes,approved,Runlete founder,"Catalogue content and bounded generator selection; not medical diagnosis, rehabilitation or specialist certification"
REV-163,Supine Hamstring Stretch,supine_hamstring_stretch,,mobility,hip_flexion,mobility_preparation,,preparation,hamstring;posterior_chain,,strap_optional,field;gym;home,beginner,1,1,2,no,sets;repetitions;duration_seconds;range_of_motion;effort_rpe;recovery_seconds,"Keep the opposite leg relaxed. Stretch the muscle, not the knee joint.","Keep the opposite leg relaxed. Stretch the muscle, not the knee joint.",Pulling behind the knee. Forcing toes toward face aggressively.,"Stop or modify if pain, dizziness, numbness, unexpected weakness, loss of balance, or loss of controlled technique occurs. Exercise-specific limits: Nerve symptoms or sharp posterior knee pain.",,,90_90_hip_switch;adductor_rockback,general,yes,approved,Runlete founder,"Catalogue content and bounded generator selection; not medical diagnosis, rehabilitation or specialist certification"
REV-164,Supported Single-Leg Balance,supported_single_leg_balance,,mobility,single_leg_balance,balance_postural_control,movement_coordination;mobility_preparation,preparation,ankle;hip;foot,,wall_support_optional,field;gym;home,beginner,1,1,2,no,sets;repetitions;duration_seconds;range_of_motion;effort_rpe;recovery_seconds,Use fingertip support if needed. Keep hips level.,Use fingertip support if needed. Keep hips level.,Holding breath. Letting knee collapse inward.,"Stop or modify if pain, dizziness, numbness, unexpected weakness, loss of balance, or loss of controlled technique occurs. Exercise-specific limits: Use stable support whenever fall risk is present. Progress support, vision, surface, and task only when balance remains safe and repeatable.",,,,general,yes,approved,Runlete founder,"Catalogue content and bounded generator selection; not medical diagnosis, rehabilitation or specialist certification"
REV-165,Thread The Needle,thread_the_needle,,mobility,thoracic_rotation,mobility_preparation,shoulder_capacity,preparation,thoracic_spine;shoulder;upper_back,,mat,field;gym;home,beginner,1,1,2,no,sets;repetitions;duration_seconds;range_of_motion;effort_rpe;recovery_seconds,Keep hips mostly still. Breathe into the upper back.,Keep hips mostly still. Breathe into the upper back.,Twisting aggressively through low back. Shrugging into the neck.,"Stop or modify if pain, dizziness, numbness, unexpected weakness, loss of balance, or loss of controlled technique occurs. Exercise-specific limits: Painful shoulder loading.",,,90_90_hip_switch;adductor_rockback,general,yes,approved,Runlete founder,"Catalogue content and bounded generator selection; not medical diagnosis, rehabilitation or specialist certification"
REV-166,Wall Angel,wall_angel,,mobility,shoulder_elevation,mobility_preparation,shoulder_capacity,preparation,shoulder;thoracic_spine;scapula,,wall,field;gym;home,beginner,1,1,2,no,sets;repetitions;duration_seconds;range_of_motion;effort_rpe;recovery_seconds,Use only the range you own. Keep neck relaxed.,Use only the range you own. Keep neck relaxed.,Arching back to reach higher. Forcing shoulder contact.,"Stop or modify if pain, dizziness, numbness, unexpected weakness, loss of balance, or loss of controlled technique occurs. Exercise-specific limits: Do not force the spine, elbows, or wrists against the wall. Use the comfortable overhead range permitted by individual anatomy and stop for painful pinching or neurologic symptoms.",,,90_90_hip_switch;adductor_rockback,general,yes,approved,Runlete founder,"Catalogue content and bounded generator selection; not medical diagnosis, rehabilitation or specialist certification"
REV-167,Wall Slide,wall_slide,,mobility,shoulder_elevation,mobility_preparation,shoulder_capacity,preparation,shoulder;scapula;thoracic_spine,,wall,field;gym;home,beginner,1,1,2,no,sets;repetitions;duration_seconds;range_of_motion;effort_rpe;recovery_seconds,Reach up without shrugging. Keep ribs stacked.,Reach up without shrugging. Keep ribs stacked.,Arching the back. Forcing painful overhead range.,"Stop or modify if pain, dizziness, numbness, unexpected weakness, loss of balance, or loss of controlled technique occurs. Exercise-specific limits: Use symptom-guided overhead motion and progressive loading as appropriate. Avoid outdated claims that this drill alone corrects posture or shoulder impingement.",,,90_90_hip_switch;adductor_rockback,general,yes,approved,Runlete founder,"Catalogue content and bounded generator selection; not medical diagnosis, rehabilitation or specialist certification"
REV-168,World's Greatest Stretch,world_s_greatest_stretch,,mobility,lunge,mobility_preparation,,preparation,hip;thoracic_spine;hamstring;ankle,,bodyweight,field;gym;home,beginner,1,1,2,no,sets;repetitions;duration_seconds;range_of_motion;effort_rpe;recovery_seconds,Own each position before moving. Keep breathing and avoid forcing range.,Own each position before moving. Keep breathing and avoid forcing range.,Rushing through positions. Letting the front knee collapse inward.,"Stop or modify if pain, dizziness, numbness, unexpected weakness, loss of balance, or loss of controlled technique occurs. Exercise-specific limits: Wrist pain in floor support. Acute hip pinching.",,,90_90_hip_switch;adductor_rockback,general,yes,approved,Runlete founder,"Catalogue content and bounded generator selection; not medical diagnosis, rehabilitation or specialist certification"
REV-169,Wrist Rocks,wrist_rocks,,mobility,wrist_extension,mobility_preparation,recovery_capacity,preparation,wrist;forearm,,mat,field;gym;home,beginner,1,1,2,no,sets;repetitions;duration_seconds;range_of_motion;effort_rpe;recovery_seconds,Spread fingers and press through knuckles. Increase range gradually.,Spread fingers and press through knuckles. Increase range gradually.,Dumping weight suddenly into wrists. Ignoring tingling.,"Stop or modify if pain, dizziness, numbness, unexpected weakness, loss of balance, or loss of controlled technique occurs. Exercise-specific limits: Acute wrist pain or numbness.",,,90_90_hip_switch;adductor_rockback,general,yes,approved,Runlete founder,"Catalogue content and bounded generator selection; not medical diagnosis, rehabilitation or specialist certification"
REV-170,Sled Push,sled_push,,exercise,sled_push,explosive_strength,maximum_strength;trunk_force_transfer,accessory,quadriceps;glutes;calves,trunk;shoulders;triceps;hamstrings,sled;plates,gym,beginner,1,1,3,no,sets;distance_m;load_kg;effort_rpe;recovery_seconds,"Specify sled load, lane, distance, and work-to-rest target. Use a stable whole-body lean and drive through the floor. Stop when velocity or posture falls below the programmed standard.","Specify sled load, lane, distance, and work-to-rest target. Use a stable whole-body lean and drive through the floor. Stop when velocity or posture falls below the programmed standard.",Hips too high without drive. Back rounded under fatigue. Load too heavy to move smoothly.,"Stop or modify if pain, dizziness, numbness, unexpected weakness, loss of balance, or loss of controlled technique occurs. Exercise-specific limits: Low impact does not mean low physiological or tendon load. Use a clear lane and suitable surface. Modify for calf, Achilles, knee, back, or shoulder symptoms.",box_jump;kettlebell_swing,,kettlebell_swing,general,yes,approved,Runlete founder,"Catalogue content and bounded generator selection; not medical diagnosis, rehabilitation or specialist certification"
REV-171,Backward Sled Drag,backward_sled_drag,,exercise,sled_pull,local_muscular_endurance,mobility_preparation,capacity,quadriceps;trunk;forearms,glutes;calves;upper_back,sled,field;gym,beginner,1,1,3,no,sets;distance_m;load_kg;effort_rpe;recovery_seconds,Hold straps with tall posture. Keep chest up. Step backward smoothly.,Hold straps with tall posture. Keep chest up. Step backward smoothly.,Leaning too far back. Yanking with arms. Feet crossing.,"Stop or modify if pain, dizziness, numbness, unexpected weakness, loss of balance, or loss of controlled technique occurs. Exercise-specific limits: Use a clear backward lane and a load that permits smooth steps. Evidence for knee rehabilitation is limited. Describe it as conditioning and quadriceps loading unless clinically prescribed.",,,forward_sled_drag,general,yes,approved,Runlete founder,"Catalogue content and bounded generator selection; not medical diagnosis, rehabilitation or specialist certification"
REV-172,Forward Sled Drag,forward_sled_drag,,exercise,sled_pull,local_muscular_endurance,hamstring_capacity;trunk_force_transfer,capacity,glutes;hamstrings;calves,trunk;quadriceps;upper_back,sled,field;gym,beginner,1,1,3,no,sets;distance_m;load_kg;effort_rpe;recovery_seconds,Lean as one piece. Drive through the ball of the foot. Keep straps tight.,Lean as one piece. Drive through the ball of the foot. Keep straps tight.,Overstriding. Bending at the waist without bracing. Slack straps.,"Stop or modify if pain, dizziness, numbness, unexpected weakness, loss of balance, or loss of controlled technique occurs. Exercise-specific limits: Use a secure harness or straps, clear lane, and progressive load. Acceleration transfer is load- and task-specific. Avoid promising sprint gains from arbitrary heavy dragging.",,,backward_sled_drag,general,yes,approved,Runlete founder,"Catalogue content and bounded generator selection; not medical diagnosis, rehabilitation or specialist certification"
REV-173,Bear Crawl,bear_crawl,,exercise,crawl,trunk_force_transfer,shoulder_capacity;local_muscular_endurance,capacity,trunk;shoulders;quadriceps,deep_core;glutes;upper_back,bodyweight,field;gym;home,intermediate,1,1,3,no,sets;distance_m;duration_seconds;effort_rpe;recovery_seconds,Move opposite hand and foot. Keep knees low. Back stays flat.,Move opposite hand and foot. Keep knees low. Back stays flat.,Hips high in the air. Same-side stepping. Rocking side to side.,"Stop or modify if pain, dizziness, numbness, unexpected weakness, loss of balance, or loss of controlled technique occurs. Exercise-specific limits: Use as an optional conditioning and trunk-control drill. Manage wrist and shoulder loading, select a safe surface, and avoid claiming direct sport-transfer or back-protection effects.",,bear_plank_hold;bird_dog,lateral_bear_crawl;crab_walk;plank_shoulder_tap,general,yes,approved,Runlete founder,"Catalogue content and bounded generator selection; not medical diagnosis, rehabilitation or specialist certification"
REV-174,Lateral Bear Crawl,lateral_bear_crawl,,exercise,crawl,trunk_force_transfer,local_muscular_endurance,capacity,trunk;shoulders;glutes,quadriceps;deep_core;obliques,bodyweight,field;gym;home,intermediate,1,1,3,no,sets;distance_m;duration_seconds;effort_rpe;recovery_seconds,Stay low and square. Step hand and foot sideways together. Do not let hips sway.,Stay low and square. Step hand and foot sideways together. Do not let hips sway.,Crossing hands or feet. Rising out of the hover. Twisting with each step.,"Stop or modify if pain, dizziness, numbness, unexpected weakness, loss of balance, or loss of controlled technique occurs. Exercise-specific limits: Lateral crawling adds coordination and hip demand but is not a proven hip-stability corrective. Regress to bear crawl or standing lateral work if wrist, shoulder, or groin symptoms increase.",,bear_plank_hold;banded_lateral_walk,banded_lateral_walk;bear_crawl,general,yes,approved,Runlete founder,"Catalogue content and bounded generator selection; not medical diagnosis, rehabilitation or specialist certification"
REV-175,Crab Walk,crab_walk,,exercise,crawl,shoulder_capacity,trunk_force_transfer;local_muscular_endurance,capacity,glutes;shoulders;triceps,hamstrings;upper_back;trunk,bodyweight,field;gym;home,intermediate,1,1,3,no,sets;distance_m;duration_seconds;effort_rpe;recovery_seconds,Hands under shoulders or slightly behind. Lift hips to a comfortable tabletop. Move opposite hand and foot.,Hands under shoulders or slightly behind. Lift hips to a comfortable tabletop. Move opposite hand and foot.,Shoulders dumped forward. Hips dragging low. Neck cranked back.,"Stop or modify if pain, dizziness, numbness, unexpected weakness, loss of balance, or loss of controlled technique occurs. Exercise-specific limits: Reverse support creates substantial shoulder and wrist extension. Treat as optional conditioning and substitute when the position is painful or unsuitable for the athlete.",,glute_bridge;bear_plank_hold,bear_crawl;prone_y_t_w_raise;lateral_bear_crawl,general,yes,approved,Runlete founder,"Catalogue content and bounded generator selection; not medical diagnosis, rehabilitation or specialist certification"
